act_tag,speaker,pos,text
"fo_o_fw_""_by_bc",A,"Okay/UH ,/,","Okay, /"
qw,A,"what/WP kind/NN of/IN ex-/XX ,/,","what kind of ex-, - /"
qy,A,do/VBP you/PRP have/VB children/NNS ?/.,do you have children? /
ny,B,"Yeah/UH ,/,","Yeah, /"
sd,B,"we/PRP have/VBP one/CD that/WDT 's/BES seventeen/CD ,/, one/CD that/WDT 's/BES fifteen/CD ,/, and/CC one/CD that/WDT 's/BES just/RB now/RB six/CD ./.","we have one that's seventeen, one that's fifteen, and one that's just now six. /"
bk,A,"Oh/UH ,/, okay/UH ./.","{F Oh, } okay. /"
sd,B,"And/CC we/PRP had/VBD kind/RB of/RB a/DT hard/JJ time/NN finding/VBG someplace/RB MUMBLEx/XX we/PRP could/MD put/VB Michael/NNP 's/POS goods/NNS ,/,","{C And } we had kind of a hard time finding someplace (( )) we could put Michael's (( goods )) , /"
sd,B,"his/PRP$ birthday/NN is/VBZ the/DT first/JJ of/IN September/NNP ,/,","his birthday is the first of September, /"
b,A,Uh-huh/UH ./.,Uh-huh. /
sd,B,and/CC he/PRP was/VBD going/VBG to/IN school/NN at/IN five/CD ./.,{C and } he was going to school at five. /
b,A,Oh/UH ./.,Oh. /
sd,B,"So/RB ,/, he/PRP started/VBD the/DT first/JJ grade/NN when/WRB he/PRP was/VBD five/CD","{C So, } he started the first grade when he was five /"
aa,A,Uh-huh/UH ./.,Uh-huh. /
%,B,"yeah/UH ,/,","yeah, /"
sd,B,first/JJ grade/NN when/WRB he/PRP was/VBD five/CD years/NNS old/JJ ./.,first grade when he was five years old. /
bf,A,And/CC you/PRP had/VBD trouble/NN finding/VBG somewhere/RB for/IN him/PRP to/TO be/VB before/IN he/PRP was/VBD five/CD ./.,{C And } you had trouble finding somewhere for him to be before he was five. /
aa,B,"Yeah/UH ,/,","Yeah, /"
b,A,Uh-huh/UH ./.,Uh-huh. /
%,B,"so/RB ,/, we/PRP could/MD ,/, you/PRP know/VB ,/,","{C so, } we could, {D you know, } - /"
sd,B,we/PRP tried/VBD to/TO find/VB him/PRP someplace/RB where/WRB he/PRP could/MD learn/VB something/NN ./.,we tried to find him someplace where he could learn something. /
b,A,Right/UH ./.,Right. /
sd,B,"And/CC it/PRP was/VBD ,/, uh/UH ,/,","{C And } it was, {F uh, }"
%,A,"But/CC ,/,","{C But, } -/"
+,B,"mediocre/JJ expensive/JJ ,/,","mediocre expensive, /"
sd,B,"it/PRP was/VBD n't/RB really/RB that/RB expensive/JJ ,/,","it wasn't really that expensive, /"
b,A,Uh-huh/UH ./.,Uh-huh. /
sv,B,but/CC it/PRP 's/BES really/RB hard/JJ to/TO find/VB someplace/RB where/WRB you/PRP can/MD send/VB your/PRP$ child/NN and/CC expect/VB him/PRP to/TO learn/VB something/NN ./.,{C but } it's really hard to find someplace where you can send your child and expect him to learn something. /
^2,A,To/TO learn/VB something/NN ./.,To learn something. /
%,A,"And/CC that/DT 's/BES ,/, I/PRP mean/VBP ,/, that/DT 's/BES","{C And } [ that's, + {E I mean, } that's ] - /"
sd,A,",/, even/RB not/RB only/JJ toddlers/NNS but/CC ,/, you/PRP know/VBP ,/, even/RB your/PRP$ older/JJR children/NNS ./.","<laughter>, even not only toddlers but, {D you know, } (( even )) your older children. /"
b,B,Yeah/UH ./.,Yeah. /
bf,A,It/PRP 's/BES hard/JJ to/TO find/VB anywhere/RB they/PRP 're/VBP really/RB going/VBG to/TO learn/VB something/NN ./.,It's hard to find anywhere they're really going to learn something. /
aa,B,"Yeah/UH ,/,","Yeah, /"
%,B,"well/UH ,/,","{D well, } -/"
b,A,"And/CC then/RB ,/, yeah/UH ,/,","{C And then, } yeah, /"
sd,A,"you/PRP do/VBP have/VB to/TO pay/VB ,/, you/PRP know/VBP ,/, if/IN you/PRP ,/,","you do have to pay, {D you know, } if you, - /"
sv,A,"the/DT better/JJR the/DT place/NN ,/, the/DT more/JJR you/PRP 're/VBP going/VBG to/TO pay/VB ./.","the better the place, the more you're going to pay. /"
b,B,"Yeah/UH ,/,","Yeah, /"
sv,B,but/CC parents/NNS pay/VBP when/WRB they/PRP stay/VBP home/RB with/IN them/PRP anyway/RB ./.,{C but } parents pay when they stay home with them anyway <laughter>. /
aa,A,"True/UH ,/,","True, /"
aa,A,very/RB true/JJ ./.,very true. /
%,A,"It/PRP 's/BES ,/,","It's, -/"
sd,B,"You/PRP know/VBP ,/, my/PRP$ wife/NN works/VBZ","{D You know, } my wife works /"
sd,B,"so/RB ,/,","{C so, }"
b,A,Uh-huh/UH ./.,Uh-huh. /
+,B,it/PRP costs/VBZ us/PRP more/RBR for/IN her/PRP$ to/TO stay/VB home/RB more/JJR than/IN it/PRP does/VBZ for/IN him/PRP to/TO go/VB to/IN the/DT baby-sitter/NN,it costs us more for her to stay home more than it does for him to go to the baby-sitter /
sd,B,"so/RB ./. We/PRP try/VBP to/TO ,/,","{C so. } <<Very faint>> We try to, -/"
sd,A,"If/IN I/PRP had/VBD any/DT children/NNS I/PRP would/MD ,/, uh/UH ,/, I/PRP hope/VBP that/IN I/PRP 'll/MD be/VB in/IN a/DT position/NN to/TO stay/VB home/NN with/IN my/PRP$ child/NN because/IN I/PRP 'm/VBP not/RB real/RB ,/, uh/UH ,/, uh/UH ,/, trusting/JJ ,/, of/IN a/DT lot/NN of/IN people/NNS ,/,","If I had any children [ I would, + {F uh, } I ] hope that I'll be in a position to stay home with my child because I'm not real, {F uh, } {F uh, } trusting <laughter>, [ of + a lot of ] people,"
b,B,"Yeah/UH ,/,","Yeah, /"
h,B,"see/UH I/PRP do/VB n't/RB know/VB ,/,","{D see } I don't know, /"
+,A,"uh/UH ,/, especially/RB today/NN ./.","{F uh, } especially today. /"
%,A,"People/NNS ,/,","People, - /"
sd,A,I/PRP work/VBP in/IN the/DT news/NN business/NN,I work in the news business /
sd,A,"and/CC I/PRP just/RB see/VBP different/JJ things/NNS all/PDT the/DT time/NN ,/,","{C and } I just see different things all the time, /"
b,B,Yeah/UH ./.,Yeah. /
sv,A,and/CC people/NNS are/VBP just/RB crazy/JJ these/DT days/NNS ./.,{C and } people are just crazy these days. /
sv,A,They/PRP 're/VBP crazy/JJ,They're crazy /
h,A,"and/CC ,/,","[ {C and, } +"
b,B,Yeah/UH ./.,Yeah. /
+,A,"and/CC I/PRP do/VBP n't/RB ,/, you/PRP know/VBP ,/,","<Laughter> {C and } ] I don't, {D you know, } - /"
sd,A,"it/PRP takes/VBZ me/PRP a/DT ,/, takes/VBZ me/PRP a/DT long/JJ time/NN to/TO just/RB trust/VB someone/NN as/IN a/DT friend/NN ,/,","it [ takes me a, + takes me a ] long time to just trust someone as a friend,"
b,B,Yeah/UH ./.,Yeah. /
+,A,"much/RB less/JJR to/TO ,/, you/PRP know/VBP ,/, trust/VB someone/NN with/IN my/PRP$ ,/, with/IN my/PRP$ child/NN ./.","much less to, {D you know, } trust someone [ with my, + with my ] child. /"
sd,B,"Well/UH ,/, see/UH we/PRP took/VBD our/PRP$ time/NN","{D Well, } {D see } we took our time /"
sd,B,"and/CC we/PRP checked/VBD it/PRP out/RP ,/,","{C and } we checked it out, /"
b,A,Uh-huh/UH ./.,<<Very faint>> Uh-huh. /
sd,B,and/CC we/PRP found/VBD a/DT preschool/JJ for/IN him/PRP ./.,{C and } we found a preschool for him. /
b,A,Uh-huh/UH ./.,Uh-huh. /
%,B,"And/CC it/PRP ,/, you/PRP know/VBP ,/,","{C And } it, {D you know, } - /"
sd,B,"through/IN other/JJ folks/NNS where/WRB I/PRP ,/, where/WRB I/PRP work/VBP ,/,","through other folks [ where I, + where I ] work, - /"
sd,B,I/PRP work/VBP at/IN T/NNP I/NNP ./.,I work at T I. /
b,A,Uh-huh/UH ./.,Uh-huh. /
sd,B,"So/RB ,/, through/IN other/JJ folks/NNS where/WRB we/PRP worked/VBD we/PRP found/VBD a/DT nice/JJ preschool/JJ","{C So, } through other folks where we worked we found a nice preschool /"
sd,B,"it/PRP was/VBD actually/UH at/IN a/DT licensed/JJ preschool/JJ ,/,","it was actually at a licensed preschool,"
b,A,Uh-huh/UH ./.,Uh-huh. /
+,B,"you/PRP know/VBP ,/,","{D you know, } /"
sd,B,"we/PRP ,/, had/VBD those/DT requirements/NNS ,/,","we, had those requirements, /"
b,A,Uh-huh/UH ./.,<<Very faint>> Uh-huh. /
%,B,"so/RB ,/,","{D so, } -/"
sv,A,"I/PRP guess/VBP that/DT 's/BES the/DT best/JJS way/NN ,/, you/PRP know/VBP ,/, to/TO get/VB ,/,","I guess that's the best way, {D you know, } to get,"
b,B,Yeah/UH ./.,Yeah. /
+,A,"recommendations/NNS from/IN your/PRP$ friends/NNS or/CC ,/,","recommendations from your friends or,"
ba,B,"I/PRP know/VBP ,/,","I know, /"
%,B,"I/PRP 'm/VBP ,/,","I'm, - /"
%,B,"well/UH ,/,","{D well, } -/"
+,A,family/NN members/NNS ./.,family members. /
%,B,that/DT,that - /
sv,B,"and/CC ,/, you/PRP know/VBP ,/, I/PRP do/VBP n't/RB think/VB I/PRP would/MD have/VB left/VBN him/PRP anywhere/RB that/WDT would/MD ,/,","{C and, } {D you know, } I don't think I would have left him anywhere that would, - /"
sd,B,"I/PRP would/MD have/VB stayed/VBN home/NN with/IN him/PRP first/JJ ,/,","I would have stayed home with him first,"
b,A,Uh-huh/UH ./.,Uh-huh. /
+,B,"before/IN I/PRP left/VBD him/PRP somewhere/RB that/WDT ,/, you/PRP know/VBP ,/,","before I left him somewhere that, {D you know, } - /"
sd,B,they/PRP still/RB have/VBP unlicensed/JJ baby-sitters/NNS running/VBG around/IN up/IN here/RB,they still have unlicensed baby-sitters running around up here /
b,A,Huh/UH ./.,Huh. /
+,B,"you/PRP know/VBP ,/, I/PRP just/RB ,/, I/PRP ,/, I/PRP do/VBP n't/RB think/VB I/PRP 'd/MD take/VB that/DT chance/NN ./.","{D you know, } [ [ I just, + I, ] + I ] don't think I'd take that chance. /"
b,A,Uh-huh/UH ./.,<<Very faint>> Uh-huh. /
sv,B,"You/PRP know/VBP ,/, I/PRP think/VBP it/PRP 's/BES out/IN of/IN sight/NN or/CC out/IN of/IN mind/NN ,/,","{D You know, } I think it's out of sight or out of mind,"
b,A,"Yeah/UH ,/,","Yeah, /"
b,A,yeah/UH ./.,yeah. /
+,B,"for/IN less/JJR than/IN ,/,","for less than,"
sv,A,"I/PRP mean/VBP you/PRP have/VBP to/TO be/VB ,/, you/PRP 've/VBP got/VBN to/TO be/VB sure/JJ ,/,","{E I mean } [ you have to be, + you've got to be ] sure,"
+,B,"for/IN more/JJR than/IN ,/,","for more than,"
+,A,"that/IN these/DT people/NNS ,/,","that these people, -/"
+,B,a/DT minute/NN or/CC so/RB ./.,a minute or so. /
sv,A,"I/PRP mean/VBP not/RB that/IN they/PRP 're/VBP going/VBG to/TO abuse/VB your/PRP$ child/NN or/CC anything/NN ,/,","{E I mean } not that they're going to abuse your child or anything,"
^2,B,But/CC you/PRP never/RB know/VBP ./.,{C But } you never know. /
+,A,"but/CC you/PRP just/RB have/VBP to/TO be/VB sure/JJ that/IN they/PRP 're/VBP going/VBG to/TO be/VB watching/VBG them/PRP ,/, you/PRP know/VBP ,/,","{C but } you just have to be sure that they're going to be watching them, {D you know, }"
b,B,Yeah/UH ./.,Yeah. /
+,A,"that/IN they/PRP would/MD n't/RB let/VB them/PRP drink/VB something/NN or/CC ,/, you/PRP know/VBP ,/, eat/VB something/NN off/IN the/DT floor/NN ,/,","that they wouldn't let them drink something or, {D you know, } eat something off the floor,"
b,B,Yeah/UH ./.,Yeah. /
+,A,"you/PRP know/VBP ,/,","{D you know, } /"
sd,A,"just/RB simple/JJ things/NNS ,/,","just simple things,"
%,B,"But/CC you/PRP ,/, you/PRP know/VBP ,/,","{C But } you, {D you know, } - /"
sv,B,"as/IN ,/,","[ as, +"
+,A,that/WDT can/MD be/VB harmful/JJ ./.,that can be harmful. /
+,B,"as/RB far/RB as/IN MUMBLEx/XX child/NN abuse/NN is/VBZ these/DT days/NNS you/PRP never/RB know/VBP ,/,","as ] far as (( )) child abuse is these days you never know, /"
b,A,Uh-huh/UH ./.,Uh-huh. /
bf,B,"you/PRP do/VBP n't/RB know/VB who/WP you/PRP can/MD trust/VB ,/,","you don't know who you can trust,"
b,A,Huh/UH ./.,Huh. /
+,B,"and/CC who/WP you/PRP ca/MD n't/RB ,/, you/PRP know/VBP ./.","and who you can't, {D you know. } /"
sd,A,"Then/RB you/PRP hear/VBP so/RB much/JJ ,/, you/PRP know/VBP ,/, on/IN the/DT news/NN about/IN ,/, uh/UH ,/, child/NN care/NN places/NNS","Then you hear so much, {D you know, } on the news about, {F uh, } child care places /"
sd,A,"and/CC also/RB ,/, um/UH ,/, senior/JJ care/NN facilities/NNS ,/, you/PRP know/VBP ,/, you/PRP hear/VBP abuse/NN ./.","{C and } also, {F um, } senior care facilities, {D you know, } you hear abuse. /"
b,B,"Yeah/UH ,/,","Yeah, /"
sv,B,"senior/JJ care/NN ,/, is/VBZ getting/VBG real/RB bad/NN ./.","senior care, is getting real bad. /"
b,A,"Yeah/UH ,/,","Yeah, /"
sd,A,"and/CC so/RB you/PRP just/RB ,/, you/PRP just/RB do/VBP n't/RB know/VB ,/,","{C and so } [ you just, + you just ] don't know, /"
sv,A,"and/CC you/PRP almost/RB want/VBP to/TO ,/, you/PRP know/VBP ,/, spend/VB a/DT couple/NN of/IN weeks/NNS with/IN ,/, in/IN class/NN with/IN your/PRP$ child/NN just/RB to/TO see/VB how/WRB it/PRP is/VBZ or/CC something/NN ./.","{C and } you almost want to, {D you know, } spend a couple of weeks [ with, + ] in class with your child just to see how it is or something. /"
b,B,Yeah/UH ./.,<<Very faint>> Yeah. /
%,A,"But/CC ,/,","{C But, } -/"
bf,B,"So/RB ,/, you/PRP have/VBP no/DT children/NNS at/IN all/DT ./.","{C So, } you have no children at all. /"
nn,A,"No/UH ,/,","No, /"
sd,A,I/PRP do/VBP n't/RB ./.,I don't. /
nn,A,Huh-uh/UH ./.,Huh-uh. /
ba,B,Gee/UH ./.,<<Very faint>> Gee. /
nn,A,No/UH ./.,No. /
%,A,"I/PRP 'm/VBP ,/,","I'm, -/"
qy,B,Do/VBP you/PRP miss/VB that/DT part/NN in/IN your/PRP$ life/NN,Do you miss that part in your life /
%,B,"or/CC ,/,","{C or, } -/"
nn,A,"Uh/UH ,/, no/UH ,/,","{F Uh, } no, /"
sd,A,"I/PRP 'm/VBP only/RB ,/, I/PRP 'm/VBP twenty-three/CD","[ I'm only, + I'm ] twenty-three /"
b,B,Yeah/UH ./.,Yeah. /
+,A,"still/RB have/VBP a/DT little/JJ bit/NN of/IN time/NN ,/,","still have a little bit of time, /"
b,B,"Yeah/UH ,/,","Yeah, /"
b,B,yeah/UH ./.,yeah. /
sd,A,"um/UH ,/, it/PRP 's/BES just/RB not/RB in/IN the/DT cards/NNS for/IN me/PRP right/RB now/RB","{F um, } it's just not in the cards for me right now /"
sd,A,I/PRP 'm/VBP trying/VBG to/TO get/VB my/PRP$ career/NN going/VBG ./.,I'm trying to get my career going. /
%,A,"And/CC ,/,","{C And, } -/"
ba,B,"I/PRP imagine/VBP ,/,","I imagine, /"
b,A,Uh-huh/UH ./.,Uh-huh. /
b,B,"yeah/UH ,/,","yeah, /"
sd,B,"working/VBG in/IN the/DT news/NN production/NN ,/,","working in the news production, /"
b,A,Yeah/UH ./.,Yeah. /
ad,B,"anyway/RB back/RB to/IN the/DT subject/NN ,/,","{D anyway } back to the subject, /"
aa,A,Yeah/UH ./.,Yeah. /
sv,B,"we/PRP should/MD have/VB discussed/VBN this/DT earlier/RBR ,/,","we should have discussed this earlier, /"
x,A,,<Laughter>.
sd,B,"but/CC anyway/RB ,/, it/PRP 's/BES tough/JJ ,/,","{C but } {D anyway, } it's tough, /"
b,A,Uh-huh/UH ./.,<<Very faint>> Uh-huh. /
sd,B,"it/PRP really/RB is/VBZ ,/,","it really is, /"
sd,B,"it/PRP 's/BES hard/JJ to/TO find/VB good/JJ child/NN care/NN ,/,","it's hard to find good child care, /"
b,A,Uh-huh/UH ./.,<<Very faint>> Uh-huh. /
sd,B,"and/CC it/PRP 's/BES hard/JJ to/TO find/VB someplace/RB where/WRB you/PRP can/MD leave/VB your/PRP$ child/NN and/CC trust/VB that/IN he/PRP 's/BES ,/,","{C and } it's hard to find someplace where you can leave your child and trust that he's,"
b,A,Uh-huh/UH ./.,Uh-huh. /
+,B,going/VBG to/TO be/VB fine/JJ all/DT day/NN long/JJ ./.,going to be fine all day long. /
sd,A,"And/CC you/PRP brought/VBD up/RP a/DT good/JJ point/NN ,/, you/PRP know/VBP ,/,","{C And } you brought up a good point, {D you know, }"
%,B,"And/CC ,/,","{C And, } -/"
+,A,"about/IN learning/NN ,/,","about learning, /"
sv,A,you/PRP just/RB do/VBP n't/RB want/VB a/DT baby-sitter/NN,you just don't want a baby-sitter /
sv,A,"you/PRP ,/, you/PRP would/MD hope/VB that/IN maybe/RB they/PRP 'd/MD come/VB home/RB and/CC know/VB some/DT of/IN their/PRP$ A/SYM B/SYM C/SYM 's/NNS or/CC something/NN ,/, you/PRP know/VBP ,/,","[ you, + you ] would hope that maybe they'd come home and know some of their A B C's or something, {D you know, } /"
%,A,"get/VB them/PRP ,/,","get them, -/"
b,B,"Yeah/UH ,/,","Yeah, /"
sd,B,"you/PRP know/VBP ,/, and/CC he/PRP 's/BES ,/, he/PRP 's/BES doing/VBG real/RB well/RB ,/,","{D you know, } {C and } [ he's, + he's ] doing real well, /"
sd,B,"it/PRP ,/, it/PRP ,/, it/PRP has/VBZ paid/VBN off/RP for/IN him/PRP ./.","[ [ it, + it, ] + it ] has paid off for him. /"
b,A,Uh-huh/UH ./.,<<Very faint>> Uh-huh. /
sd,B,"He/PRP 's/BES in/IN first/JJ grade/NN now/RB ,/,","He's in first grade now, /"
b,A,Uh-huh/UH ./.,<<Very faint>> Uh-huh. /
sd,B,"and/CC he/PRP 's/HVS ,/, you/PRP know/VBP ,/, got/VBN a/DT second/JJ grade/NN reading/NN level/NN and/CC a/DT fourth/JJ grade/NN math/NN level/NN ./.","{C and } he's, {D you know, } got a second grade reading level and a fourth grade math level. /"
b,A,Huh/UH ./.,Huh. /
sd,B,"So/RB ,/, you/PRP know/VBP ,/, those/DT early/JJ ages/NNS when/WRB he/PRP would/MD ,/, you/PRP know/VB ,/, when/WRB his/PRP$ mom/NN and/CC dad/NN are/VBP at/IN work/NN ,/,","{C So, } {D you know, } those early ages [ when + [ he would, + ] {D you know, } when ] his mom and dad are at work,"
b,A,Yeah/UH ./.,Yeah. /
+,B,"and/CC he/PRP 's/BES actually/UH in/IN child/NN care/NN in/IN a/DT preschool/JJ not/RB ,/,","and he's actually in child care in a preschool not,"
b,A,Uh-huh/UH ./.,Uh-huh. /
+,B,"just/RB child/NN care/NN ,/,","just child care,"
b,A,Right/UH ./.,Right. /
+,B,"you/PRP know/VBP ,/, we/PRP could/MD have/VB sent/VBN him/PRP to/IN anybody/NN ,/,","{D you know, } we could have sent him to anybody,"
b,A,Uh-huh/UH ./.,Uh-huh. /
+,B,"you/PRP know/VBP ,/,","{D you know, } /"
sd,B,"there/EX 's/BES a/DT lot/NN people/NNS at/IN work/NN that/WDT would/MD have/VB baby-sat/VBN him/PRP but/CC sending/VBG him/PRP to/IN a/DT preschool/JJ where/WRB he/PRP actually/RB learns/VBZ something/NN ,/,","there's a lot people at work that would have baby-sat him {C but } sending him to a preschool where he actually learns something,"
b,A,Right/UH ./.,Right. /
+,B,"has/VBZ paid/VBN off/RP not/RB only/RB for/IN us/PRP ,/,","has paid off not only for us, /"
sd,B,"his/PRP$ ,/, his/PRP$ attitude/NN is/VBZ I/PRP think/VBP a/DT little/JJ bit/NN ,/,","[ his, + his ] attitude is I think a little bit,"
b,A,Uh-huh/UH ./.,<<Very faint>> Uh-huh. /
+,B,tall/JJ for/IN a/DT six/CD year/NN old/JJ,tall for a six year old /
%,B,"and/CC ,/, you/PRP know/VBP ,/, but/CC his/PRP$ ,/,","[ {C and, } + {D you know, } {C but } ] his, -/"
qy,A,"Did/VBD you/PRP take/VB this/DT same/JJ ,/, uh/UH ,/, route/NN with/IN your/PRP$ other/JJ two/CD children/NNS ?/.","Did you take this same, {F uh, } route with your other two children? /"
^h,B,"Um/UH ,/, they/PRP ,/, they/PRP were/VBD outside/IN my/PRP$ marriage/NN ,/,","{F Um, } [ they, + they ] were outside my marriage, /"
bk,A,Okay/UH,Okay /
b,A,Uh-huh/UH ./.,<<very faint>> Uh-huh. /
h,B,"so/RB ,/, I/PRP do/VBP n't/RB know/VB ./.","{C so, } I don't know. /"
b,A,Uh-huh/UH ./.,<<Very faint>> Uh-huh. /
%,A,"I/PRP was/VBD wondering/VBG how/WRB ,/,","I was wondering how, -/"
nn,B,"I/PRP would/MD say/VB ,/, no/UH ,/,","I would say, no, /"
sd,B,"but/CC ,/, you/PRP know/VBP ,/, all/DT my/PRP$ children/NNS ,/,","{C but, } {D you know, } all my children,"
b,A,Uh-huh/UH ./.,<<Very faint>> Uh-huh. /
+,B,"excel/VBP ,/,","excel, /"
sd,B,"they/PRP 're/VBP ,/, they/PRP 're/VBP really/RB good/JJ ,/,","[ they're, + they're ] really good, /"
b,A,Uh-huh/UH ./.,<<Very faint>> Uh-huh. /
sd,B,"and/CC I/PRP guess/VBP ,/, no/UH ,/,","{C and } I guess, no, /"
sd,B,he/PRP learns/VBZ from/IN the/DT older/JJR boys/NNS too/RB,he learns from the older boys too /
%,B,"but/CC ,/,","{C but, } -/"
b,A,Right/UH ./.,Right. /
sd,A,"And/CC it/PRP helps/VBZ that/IN he/PRP has/VBZ older/JJR brothers/NNS ,/, uh/UH ,/,","{C And } it helps that he has older brothers, {F uh, }"
b,B,"Yeah/UH ,/,","Yeah, /"
b,B,yeah/UH ./.,yeah. /
+,A,"you/PRP know/VBP ,/, just/RB to/TO have/VB role/NN models/NNS and/CC things/NNS like/IN that/DT ./.","{D you know, } just to have role models and things like that. /"
b,B,"Yeah/UH ,/,","Yeah, /"
%,B,seeing/VBG,seeing - /
sd,B,"like/IN ,/, uh/UH ,/, in/IN one/CD way/NN we/PRP 're/VBP kind/RB of/RB lucky/JJ because/IN they/PRP 're/VBP all/DT boys/NNS ,/,","{D like, } {F uh, } in one way we're kind of lucky because they're all boys, /"
sd,B,"but/CC in/IN another/DT way/NN we/PRP 're/VBP not/RB so/RB lucky/JJ because/IN we/PRP do/VBP n't/RB have/VB another/DT woman/NN in/IN the/DT house/NN for/IN my/PRP$ wife/NN to/TO share/VB ,/,","{C but } in another way we're not so lucky because we don't have another woman in the house for my wife to share, /"
%,B,"but/CC ,/, you/PRP know/VBP ,/,","{C but, } {D you know, } -/"
b,A,"Uh-huh/UH ,/,","Uh-huh, /"
b,A,uh-huh/UH ./.,uh-huh. /
sd,B,"so/RB ,/, we/PRP faced/VBD that/DT too/RB","{C so, } we faced that too /"
b,A,Huh/UH ./.,Huh. /
sd,B,"he/PRP learned/VBD quite/RB a/DT bit/NN from/IN ,/, not/RB only/RB from/IN nursery/NN school/NN","he learned quite a bit [ from, + not only from ] nursery school /"
sd,B,"but/CC he/PRP learned/VBD quite/RB a/DT bit/NN from/IN the/DT older/JJR boys/NNS ,/,","{C but } he learned quite a bit from the older boys, /"
b,A,Uh-huh/UH ./.,Uh-huh. /
sd,B,"and/CC ,/, you/PRP know/VBP ,/, he/PRP 's/HVS excelled/VBN","{C and, } {D you know, } he's excelled /"
sv,B,"and/CC it/PRP 's/BES paying/VBG off/RP for/IN him/PRP ,/,","{C and } it's paying off for him, /"
sv,B,it/PRP really/RB is/VBZ ./.,it really is. /
sd,B,"He/PRP 's/BES ,/,","[ He's, +"
ba,A,That/DT 's/BES excellent/JJ ./.,That's excellent. /
+,B,"he/PRP is/VBZ pretty/RB smart/JJ ,/,","he ] is pretty smart, /"
sd,B,"sometimes/RB he/PRP 's/BES a/DT little/JJ bit/NN smart/NN mouthed/JJ ,/,","sometimes he's a little bit smart mouthed, /"
b,A,Uh-huh/UH,Uh-huh /
x,A,./.,<laughter>.
sd,B,"but/CC he/PRP is/VBZ smart/JJ ,/, you/PRP know/VBP ./.","{C but } <laughter> he is smart <<very faint>>, {D you know. } /"
qh,A,"Well/UH ,/, what/WP kid/NN is/VBZ n't/RB ,/,","{D Well, } what kid isn't <laughter>,"
b,B,Yeah/UH ./.,Yeah. /
+,A,"these/DT days/NNS ,/,","these days, /"
%,A,so/RB ./.,{C so. } -/
sv,B,"But/CC I/PRP think/VBP it/PRP 's/BES important/JJ ,/, I/PRP think/VBP it/PRP 's/BES really/RB nice/JJ to/TO know/VB that/IN you/PRP can/MD find/VB someplace/RB ,/,","{C But } [ I think it's important, + I think it's ] really nice to know that you can find someplace, - /"
sd,B,"I/PRP do/VBP n't/RB know/VB ,/, you/PRP know/VBP ,/, how/WRB it/PRP is/VBZ down/IN there/RB in/IN Waco/NNP ,/,","I don't know, {D you know, } how it is down there in Waco, /"
b,A,Uh-huh/UH ./.,<<Very faint>> Uh-huh. /
sd,B,but/CC in/IN Lubbock/NNP we/PRP have/VBP a/DT few/NN that/WDT you/PRP can/MD send/VB your/PRP$ children/NNS to/IN,{C but } in Lubbock we have a few that you can send your children to /
sd,B,and/CC they/PRP can/MD actually/UH learn/VB something/NN instead/IN of/IN just/RB being/VBG baby-sat/VBN ./.,{C and } they can actually learn something instead of just being baby-sat. /
%,B,"And/CC ,/,","{C And, } -/"
qy,A,"Do/VBP they/PRP have/VBP any/DT kind/NN of/IN program/NN like/IN at/IN T/NNP I/NNP or/CC wherever/WRB your/PRP$ wife/NN works/VBZ ,/, um/UH ,/,","Do they have any kind of program {D like } at T I or wherever your wife works, {F um, }"
nn,B,"No/UH ,/,","No, /"
sd,B,"not/RB in/IN ,/,","not in, -/"
+,A,some/DT in/NN kind/RB of/RB day/NN care/NN ?/.,some (( in )) kind of day care? /
nn,B,Huh-uh/UH ./.,Huh-uh. /
sd,B,"We/PRP just/RB ,/,","We just, -/"
sd,A,"Huh/UH ,/, because/IN I/PRP know/VBP they/PRP 're/VBP ,/, they/PRP 're/VBP putting/VBG that/DT into/IN a/DT lot/NN of/IN ,/, uh/UH ,/, corporations/NNS now/RB ./.","{F Huh, } {C because } I know [ they're, + they're ] putting that into a lot of, {F uh, } corporations now. /"
b,B,"Yeah/UH ,/,","Yeah, /"
sd,B,they/PRP 're/VBP trying/VBG to/TO ./.,they're trying to. /
sd,B,"The/DT federal/JJ government/NN is/VBZ trying/VBG to/TO intercede/VB on/IN that/DT too/RB ,/,","The federal government is trying to (( intercede )) on that too, /"
b,A,Right/UH ./.,Right. /
nn,B,"so/RB ,/, no/UH ,/,","{C so, } no, /"
sd,B,"we/PRP do/VBP n't/RB get/VB ,/,","we don't get, -/"
sd,A,"So/RB ,/, maybe/RB that/DT will/MD be/VB an/DT option/NN for/IN ,/,","{C So, } maybe that will be an option for, -/"
sd,B,"Well/UH ,/, it/PRP would/MD be/VB nice/JJ ,/, you/PRP know/VBP ,/, there/EX ,/,","{D Well, } it would be nice, {D you know, } there, -/"
sd,A,"But/CC then/RB I/PRP ,/, I/PRP foresee/VBP that/IN being/VBG just/RB a/DT baby-sitting/NN thing/NN not/RB much/JJ learning/NN but/CC ,/, you/PRP know/VBP ,/,","{C But } then [ I, + I ] foresee that being just a baby-sitting thing not much learning but, {D you know, }"
b,B,"Yeah/UH ,/,","Yeah, /"
%,B,"there/EX 's/BES not/RB ,/,","there's not, - /"
%,B,"well/UH ,/,","{D well, } -/"
+,A,kind/RB of/RB somebody/NN to/TO just/RB watch/VB your/PRP$ kid/NN while/IN your/PRP$ at/IN work/NN ./.,kind of somebody to just watch your kid while your at work. /
sd,B,"You/PRP know/VBP ,/, where/WRB ,/, where/WRB we/PRP sent/VBD Michael/NNP the/DT first/JJ few/JJ years/NNS was/VBD ,/, there/EX was/VBD different/JJ teachers/NNS all/PDT the/DT time/NN ,/, you/PRP know/VBP ,/,","{D You know, } [ where, + where ] we sent Michael the first few years [ was, + there was ] different teachers all the time, {D you know, } /"
b,A,Huh/UH ./.,Huh. /
sd,B,"and/CC then/RB some/DT substitute/NN teachers/NNS in/IN the/DT afternoon/NN ,/,","{C and then } some substitute teachers in the afternoon, /"
b,A,Uh-huh/UH ./.,Uh-huh. /
sd,B,and/CC they/PRP actually/UH taught/VBD him/PRP something/NN instead/IN of/IN just/RB watching/VBG him/PRP all/DT day/NN ./.,{C and } they actually taught him something instead of just watching him all day. /
b,A,Right/UH ./.,Right. /
sd,B,"You/PRP know/VBP ,/, and/CC then/RB MUMBLEx/XX they/PRP had/VBD a/DT group/NN of/IN kids/NNS","{D You know, } {C and then } (( )) they had a group of kids /"
sd,B,and/CC they/PRP put/VBP on/IN skits/NNS,{C and } they put on skits /
sd,B,"and/CC they/PRP put/VBP on/IN plays/NNS ,/,","{C and } they put on plays, /"
b,A,Huh/UH ./.,Huh. /
sd,B,"and/CC they/PRP did/VBD the/DT Halloween/NNP thing/NN ,/,","{C and } they did the Halloween thing,"
b,A,Uh-huh/UH ./.,Uh-huh. /
+,B,and/CC the/DT Valentine/NNP 's/POS Day/NNP things/NNS,and the Valentine's Day things /
sd,B,"and/CC it/PRP 's/BES ,/, you/PRP know/VBP ,/, it/PRP was/VBD important/JJ to/IN us/PRP ,/,","{C and } [ it's, + {D you know, } it ] was important to us, /"
b,A,Huh/UH ./.,Huh. /
sd,B,"so/RB we/PRP ,/, you/PRP know/VBP ,/, we/PRP took/VBD a/DT good/JJ look/NN at/IN it/PRP and/CC made/VBD sure/JJ it/PRP was/VBD going/VBG to/TO go/VB that/DT way/NN ./.","{C so } [ we, + {D you know, } we ] took a good look at it and made sure it was going to go that way. /"
qy,A,"Do/VBP you/PRP think/VB it/PRP would/MD have/VB been/VBN better/JJR for/IN him/PRP to/TO have/VB ,/, um/UH ,/, maybe/RB one/CD continuous/JJ teacher/NN ,/, somebody/NN to/TO ,/, that/WDT he/PRP could/MD ,/, uh/UH ,/,","Do you think it would have been better for him to have, {F um, } maybe one continuous teacher, somebody [ to, + ] that he could, {F uh, }"
b,B,"Um/UH ,/,","{F Um, } /"
+,A,get/VB attached/JJ to/IN,get attached to /
qrr,A,"or/CC is/VBZ it/PRP better/JJR the/DT other/JJ way/NN with/IN a/DT lot/NN of/IN different/JJ ,/,","{C or } is it better the other way with a lot of different, -/"
nn,B,"No/UH ,/,","No, /"
sv,B,"because/IN I/PRP think/VBP ,/, you/PRP know/VBP ,/, as/IN a/DT child/NN growing/VBG up/RP I/PRP think/VBP is/VBZ a/DT task/NN that/WDT belongs/VBZ to/IN his/PRP$ parents/NNS ./.","{C because } [ I think, + {D you know, } as a child growing up I think ] is a task that belongs to his parents. /"
b,A,Uh-huh/UH ./.,Uh-huh. /
sv,B,"I/PRP do/VBP n't/RB think/VB he/PRP needed/VBD to/TO be/VB attached/VBN to/IN too/RB ,/, even/RB though/IN he/PRP did/VBD ,/,","I don't think he needed to be attached to too, even though he did, /"
b,A,Uh-huh/UH ./.,Uh-huh. /
sd,B,"you/PRP know/VBP ,/, he/PRP attached/VBD himself/PRP to/IN a/DT couple/NN of/IN those/DT ,/,","{D you know, } he attached himself to a couple of those, /"
b,A,Right/UH ./.,Right. /
sd,B,but/CC I/PRP think/VBP his/PRP$ attachments/NNS at/IN home/NN,{C but } I think his attachments at home - /
sd,B,"and/CC ,/, you/PRP know/VBP ,/, he/PRP gets/VBZ the/DT idea/NN of/IN what/WP school/NN is/VBZ for/IN","{C and, } {D you know, } he gets the idea of what school is for /"
sd,B,"and/CC ,/, uh/UH ,/, you/PRP know/VBP ,/, I/PRP have/VBP different/JJ teachers/NNS ,/,","{C and, } {F uh, } {D you know, } I have different teachers,"
b,A,Huh/UH ./.,<<Very faint>> Huh. /
+,B,here/RB,here /
^q,B,"and/CC this/DT person/NN can/MD teach/VB me/PRP one/CD thing/NN and/CC this/DT person/NN teach/VB ,/, teach/VB me/PRP another/DT","{C and } this person can teach me one thing and this person [ teach, + teach ] me another /"
nn,B,"and/CC ,/, no/UH ,/,","{C and, } no, /"
sd,B,"so/RB ,/, I/PRP ,/, I/PRP ,/, I/PRP really/RB ca/MD n't/RB say/VB that/IN it/PRP would/MD be/VB ,/, it/PRP 's/BES important/JJ for/IN him/PRP to/TO attach/VB himself/PRP to/IN anybody/NN ./.","{C so, } [ [ I, + I, ] + I ] really can't say that [ it + [ would be, + ] it's ] important for him to attach himself to anybody. /"
b,A,"Right/UH ,/,","Right, /"
b,A,huh/UH ./.,huh. /
sd,B,"He/PRP did/VBD well/RB ,/,","He did well, /"
b,A,Uh-huh/UH ./.,Uh-huh. /
%,B,you/PRP,you - /
b,A,Right/UH ./.,Right. /
b,A,"Yeah/UH ,/,","Yeah, /"
sv,A,"each/DT child/NN is/VBZ individual/JJ ,/,","each child is individual,"
b,B,"Yeah/UH ,/,","Yeah, /"
%,B,see/VB ./.,{D see. } -/
+,A,in/IN life/NN learning/NN and/CC things/NNS ./.,(( in life )) learning and things. /
sd,B,"But/CC I/PRP do/VBP n't/RB have/VB that/DT experience/NN ,/,","{C But } I don't have that experience, /"
ar,B,"so/RB ,/, I/PRP ca/MD n't/RB say/VB that/DT ,/,","{C so, } I can't say that,"
b,A,Uh-huh/UH ./.,Uh-huh. /
+,B,"you/PRP know/VBP ,/, he/PRP did/VBD well/RB ,/,","{D you know, } he did well, /"
sd,B,"so/RB ,/, I/PRP do/VBP n't/RB think/VB we/PRP made/VBD too/RB many/JJ mistakes/NNS ./.","{C so, } I don't think we made too many mistakes. /"
b,A,Right/UH ./.,Right. /
ba,A,"Well/UH ,/, it/PRP sounds/VBZ good/JJ ,/,","{D Well, } it sounds good, /"
sd,B,We/PRP tried/VBD hard/JJ ./.,We tried hard. /
sd,A,sounds/VBZ like/IN he/PRP 's/BES doing/VBG real/RB well/RB ./.,sounds like he's doing real well. /
b,B,"Yeah/UH ,/,","Yeah, /"
sd,B,he/PRP 's/BES doing/VBG real/RB well/RB ./.,he's doing real well. /
b,A,"Huh/UH ,/,","Huh, /"
ba,A,good/UH ./.,good. /
sd,B,And/CC he/PRP learned/VBD from/IN it/PRP,{C And } he learned from it /
sd,B,"so/RB ,/, and/CC that/DT was/VBD the/DT most/RBS important/JJ thing/NN that/WDT we/PRP wanted/VBD was/VBD for/IN him/PRP to/TO learn/VB not/RB just/RB to/TO sit/VB there/RB and/CC be/VB baby-sat/VBN all/DT day/NN ./.","[ {C so, } + {C and } ] that was the most important thing that we wanted was for him to learn not just to sit there and be baby-sat all day. /"
sd,B,"You/PRP know/VBP ,/, baby-sat/VBN sounds/VBZ to/IN me/PRP like/IN ,/, well/RB ,/, you/PRP 're/VBP here/RB ,/, I/PRP guess/VBP I/PRP 'll/MD watch/VB you/PRP when/WRB I/PRP get/VBP time/NN ./.","{D You know, } baby-sat sounds to me like, {D well, } you're here, I guess I'll watch you when I get time. /"
b,A,"Uh-huh/UH ,/,","Uh-huh, /"
b,A,uh-huh/UH ./.,uh-huh. /
b,A,Uh-huh/UH ./.,Uh-huh. /
^q,B,"You/PRP know/VBP ,/, maybe/RB I/PRP 'll/MD clean/VB my/PRP$ house/NN ,/, maybe/RB I/PRP 'll/MD cook/VB you/PRP lunch/NN ,/,","{D You know, } maybe I'll clean my house, maybe I'll cook you lunch,"
b,A,Uh-huh/UH ./.,Uh-huh. /
+,B,"maybe/RB I/PRP wo/MD n't/RB ,/, you/PRP know/VBP ,/,","maybe I won't, {D you know, } /"
sd,A,"And/CC they/PRP 'll/MD probably/RB sit/VB him/PRP in/IN front/NN of/IN the/DT television/NN ,/,","{C And } they'll probably sit him in front of the television,"
b,B,yeah/UH ./.,yeah. /
+,A,"you/PRP know/VBP ,/, while/IN they/PRP do/VBP other/JJ things/NNS ,/,","{D you know, } while they do other things, /"
%,A,yeah/UH ./.,yeah. /
b,B,"Yeah/UH ,/,","Yeah, /"
sd,B,"and/CC I/PRP do/VBP n't/RB ,/, you/PRP know/VBP ,/,","{C and } [ I don't, + {D you know, }"
+,B,I/PRP do/VBP n't/RB allow/VB that/DT when/WRB he/PRP 's/BES at/IN home/NN,I don't ] allow that when he's at home /
sd,B,"so/RB ,/, but/CC we/PRP had/VBD a/DT good/JJ experience/NN ,/,","[ {C so, } + {C but } ] we had a good experience, /"
sd,B,and/CC we/PRP really/RB did/VBD well/RB ./.,{C and } we really did well. /
ba,A,"Well/UH ,/, that/DT 's/BES good/JJ ,/,","{D Well, } that's good, /"
ba,A,that/DT 's/BES good/JJ ./.,that's good. /
sd,B,"So/RB ,/, and/CC he/PRP did/VBD ,/, he/PRP served/VBD better/JJR than/IN we/PRP did/VBD ,/, you/PRP know/VBP ,/,","[ {C So, } + {C and } ] [ he did, + he ] served better than we did, {D you know, } /"
sd,B,"he/PRP gained/VBD ,/, he/PRP actually/RB gained/VBD from/IN it/PRP ,/, you/PRP know/VBP ,/,","[ he gained, + he actually gained ] from it, {D you know, } /"
sd,B,"sure/JJ we/PRP gained/VBD from/IN it/PRP ,/,","sure we gained from it,"
b,A,Uh-huh/UH ./.,Uh-huh. /
+,B,"because/IN we/PRP were/VBD allowed/VBN to/TO continue/VB our/PRP$ employment/NN and/CC ,/,","because we were allowed to continue our employment and,"
b,A,Uh-huh/UH ./.,Uh-huh. /
+,B,continue/VB our/PRP$ family/NN,continue our family /
sv,B,"but/CC I/PRP think/VBP in/IN the/DT long/JJ run/NN he/PRP gained/VBD from/IN it/PRP just/RB being/VBG somewhere/RB where/WRB we/PRP learned/VBD something/NN ,/,","{C but } I think in the long run he gained from it just being somewhere where we learned something,"
ba,A,That/DT 's/BES great/JJ ./.,That's great. /
+,B,"instead/IN of/IN just/RB sitting/VBG around/IN watching/VBG T/NN V/NN ,/,","instead of just sitting around watching T V,"
b,A,"Right/UH ,/,","Right, /"
b,A,right/UH ./.,right. /
+,B,and/CC playing/VBG all/DT day/NN ./.,and playing all day. /
sv,B,And/CC it/PRP 's/BES important/JJ ./.,{C And } it's important. /
sd,A,"That/DT 's/BES probably/RB what/WP I/PRP 'll/MD try/VB and/CC look/VB for/IN whenever/WRB I/PRP do/VBP have/VB my/PRP$ children/NNS ,/,","That's probably what I'll try and look for whenever I do have <laughter> my children, /"
b,B,Yeah/UH ./.,Yeah. /
sd,A,"I/PRP do/VBP n't/RB know/VB when/WRB that/DT will/MD be/VB ,/,","I don't know when that will be, /"
b,B,Yeah/UH ./.,Yeah. /
sd,A,"but/CC ,/, um/UH ,/, you/PRP know/VBP ,/, just/RB really/RB look/VB into/IN ,/,","{C but, } {F um, } {D you know, } just really look into, - /"
sd,A,"it/PRP will/MD ,/, it/PRP will/MD take/VB me/PRP a/DT long/JJ time/NN to/TO find/VB somewhere/RB I/PRP 'm/VBP sure/JJ ,/,","[ it will, + it will ] take me a long time to find somewhere I'm sure,"
b,B,"Yeah/UH ,/,","Yeah, /"
%,B,"well/UH ,/,","{D well, } -/"
+,A,"just/RB because/IN I/PRP ,/, I/PRP just/RB want/VBP to/TO be/VB ,/, I/PRP want/VBP to/TO be/VB so/RB positive/JJ that/IN ,/, you/PRP know/VBP ,/, my/PRP$ children/NNS are/VBP okay/JJ ,/,","just because [ [ I, + I ] just want to be, + I want to be ] so positive that, {D you know, } my children are okay,"
b,B,Yeah/UH ./.,Yeah. /
+,A,"as/RB well/RB as/IN the/DT other/JJ children/NNS in/IN the/DT center/NN ,/, you/PRP know/VBP ./.","as well as the other children in the center, {D you know. } /"
sd,B,"Well/UH ,/, you/PRP know/VBP ,/, his/PRP$ Mom/NNP did/VBD n't/RB go/VB back/RB to/IN work/NN until/IN ,/, you/PRP know/VBP ,/, when/WRB he/PRP was/VBD six/CD months/NNS old/JJ ./.","{D Well, } {D you know, } his Mom didn't go back to work until, {D you know, } when he was six months old. /"
b,A,Uh-huh/UH ./.,Uh-huh. /
sd,B,"And/CC we/PRP just/RB did/VBD n't/RB want/VB to/TO dump/VB him/PRP somewhere/RB ,/,","{C And } we just didn't want to dump him somewhere,"
b,A,Uh-huh/UH ./.,Uh-huh. /
+,B,and/CC make/VB him/PRP feel/VB like/IN he/PRP was/VBD n't/RB wanted/JJ ./.,and make him feel like he wasn't wanted. /
aa,A,Exactly/UH ./.,Exactly. /
sd,B,And/CC we/PRP wanted/VBD his/PRP$ center/NN of/IN attention/NN at/IN home/NN,{C And } we wanted his center of attention at home /
sd,B,"but/CC ,/,","{C but, }"
b,A,Uh-huh/UH ./.,Uh-huh. /
+,B,we/PRP did/VBD what/WP we/PRP could/MD,we did what we could /
sd,B,"and/CC it/PRP ,/, it/PRP worked/VBD out/RP real/RB well/RB ,/,","{C and } [ it, + it ] worked out real well, /"
sd,B,"I/PRP 'm/VBP glad/JJ ,/,","I'm glad,"
sd,A,"It/PRP 's/BES difficult/JJ these/DT day/NN ,/,","It's difficult these day, /"
+,B,we/PRP were/VBD so/RB careful/JJ ./.,we were so careful. /
sv,A,"It/PRP 's/BES ,/, it/PRP 's/BES a/DT lot/NN more/RBR difficult/JJ these/DT days/NNS because/IN you/PRP have/VBP both/DT parents/NNS working/VBG a/DT lot/NN of/IN times/NNS ,/,","[ It's, + it's ] a lot more difficult these days because you have both parents working a lot of times, /"
b,B,"Oh/UH ,/, yeah/UH ,/,","{F Oh, } yeah, /"
sv,A,"and/CC ,/, so/RB ,/, you/PRP have/VBP to/TO find/VB day/NN care/NN ,/,","{C and, so, } you have to find day care,"
+,A,"whereas/IN ,/, you/PRP know/VBP ,/, here/RB ,/,","whereas, {D you know, } here, -/"
sv,B,"Most/JJS of/IN the/DT time/NN now/RB it/PRP 's/BES a/DT necessity/NN ,/,","Most of the time now it's a necessity, /"
b,A,Uh-huh/UH ./.,Uh-huh. /
sv,B,"you/PRP ca/MD n't/RB afford/VB ,/,","you can't afford, -/"
b,A,Uh-huh/UH ./.,Uh-huh. /
sd,B,"so/RB ,/, you/PRP know/VBP ,/, I/PRP 'm/VBP not/RB making/VBG seventy/CD or/CC thir-/XX ,/, eighty/CD thousand/CD dollars/NNS a/DT year/NN","{C so, } {D you know, } I'm not making seventy or [ thir-, + ] eighty thousand dollars a year /"
b,A,Uh-huh/UH ./.,Uh-huh. /
^2,A,"No/DT choice/NN ,/,","<<Very faint>> No choice, /"
sd,A,"so/RB child/NN care/NN 's/BES a/DT necessity/NN ,/, whereas/IN years/NNS ago/RB ,/, you/PRP know/VBP ,/, the/DT husband/NN basically/RB worked/VBD and/CC the/DT wife/NN ,/,","{C so } child care's a necessity, whereas years ago, {D you know, } the husband basically worked and the wife,"
b,B,"Yeah/UH ,/,","Yeah, /"
+,A,basically/RB stayed/VBD home/RB ./.,basically stayed home. /
b,A,Uh-huh/UH ./.,Uh-huh. /
b,A,Uh-huh/UH ./.,<<Very faint>> Uh-huh. /
sd,B,"and/CC ,/, you/PRP know/VBP ,/, I/PRP 'm/VBP forty/CD now/RB","{C and, } {D you know, } I'm forty now /"
sd,B,"but/CC ,/, you/PRP know/VBP ,/, when/WRB I/PRP was/VBD a/DT kid/NN Mom/NN was/VBD always/RB at/IN home/NN ./.","{C but, } {D you know, } when I was a kid Mom was always at home. /"
b,A,Right/UH ./.,Right. /
%,B,"So/RB ,/, we/PRP did/VBD n't/RB ,/,","{C So, } we didn't, -/"
sv,A,"I/PRP think/VBP that/DT has/VBZ a/DT lot/NN to/TO do/VB with/IN just/RB ,/, just/RB all/DT children/NNS how/WRB they/PRP learn/VBP and/CC things/NNS just/RB because/IN the/DT basic/JJ family/NN is/VBZ ,/, is/VBZ breaking/VBG ,/, you/PRP know/VBP ,/,","I think that has a lot to do with [ just, + just ] all children how they learn and things just because the basic family [ is, + is ] breaking, {D you know, } /"
aa,B,"Yeah/UH ,/,","Yeah, /"
aa,B,"it/PRP is/VBZ ,/,","it is, /"
aa,B,yeah/UH,yeah /
aa,B,"it/PRP is/VBZ ,/,","it is, /"
sv,A,the/DT basic/JJ family/NN is/VBZ not/RB there/RB anymore/RB ./.,the basic family is not there anymore. /
aa,B,"I/PRP 'll/MD agree/VB with/IN that/DT ,/, it/PRP is/VBZ ./.","I'll agree with that, it is. /"
sv,B,"It/PRP 's/BES ,/, it/PRP 's/BES not/RB there/RB ./.","[ It's, + it's ] not there. /"
b,A,Uh-huh/UH ./.,Uh-huh. /
sv,A,"I/PRP think/VBP that/DT plays/VBZ a/DT big/JJ part/NN in/IN ,/, in/IN a/DT child/NN 's/POS learning/NN and/CC ,/, you/PRP know/VBP ,/, what/WP they/PRP can/MD and/CC can/MD not/RB do/VB in/IN child/NN care/NN ./.","I think that plays a big part [ in, + in ] a child's learning and, you know, what they can and cannot do in child care. /"
b,B,Yeah/UH ./.,Yeah. /
%,A,"I/PRP do/VBP n't/RB think/VB ,/,","I don't think, -/"
