act_tag,speaker,pos,text
"fo_o_fw_""_by_bc",B,Okay/UH ./.,Okay. /
b^m,A,Okay/UH ./.,Okay. /
qw,B,"Well/UH what/WP do/VBP you/PRP think/VB about/IN the/DT idea/NN of/IN ,/, uh/UH ,/, kids/NNS having/VBG to/TO do/VB public/JJ service/NN work/NN for/IN a/DT year/NN ?/.","{D Well } what do you think about the idea of, {F uh, } kids having to do public service work for a year? /"
qy,B,"Do/VBP you/PRP think/VB it/PRP 's/BES a/DT ,/,","Do you think it's a <breathing>, -/"
sv,A,"Well/UH ,/, I/PRP ,/, I/PRP think/VBP it/PRP 's/BES a/DT pretty/RB good/JJ idea/NN ./.","{D Well, } [ I, + I ] think it's a pretty good idea. /"
sv,A,"I/PRP think/VBP they/PRP should/MD either/CC do/VB that/DT ,/, or/CC ,/, or/CC afford/VB some/DT time/NN to/IN the/DT military/NN ,/, or/CC ,/, or/CC helping/VBG elderly/JJ people/NNS ./.","I think they should either do that, [ or, + or ] afford some time to the military, [ or, + or ] helping elderly people. /"
aa,B,"Yes/UH ,/,","Yes, /"
aa,B,"yes/UH ,/,","yes, /"
%,B,"def-/UH ,/,","def-, -/"
sv,A,"I/PRP ,/, I/PRP ,/, you/PRP know/VBP ,/, I/PRP think/VBP that/IN we/PRP have/VBP a/DT bunch/NN of/IN elderly/JJ folks/NNS in/IN the/DT country/NN that/WDT could/MD use/VB some/DT help/NN","[ [ I, + I, ] + {D you know, } I ] think that we have a bunch of elderly folks in the country that could use some help /"
sv,A,"and/CC I/PRP think/VBP that/IN before/IN we/PRP expend/VBP all/PDT our/PRP$ young/JJ talent/NN overseas/RB and/CC ,/, and/CC helping/VBG other/JJ countries/NNS we/PRP ought/MD to/TO perhaps/RB give/VB a/DT little/JJ bit/NN of/IN our/PRP$ help/NN to/IN our/PRP$ own/JJ folks/NNS at/IN home/NN","{C and } I think that before we expend all our young talent overseas [ and, + and ] helping other countries we ought to perhaps give a little bit of our help to our own folks at home /"
sv,A,and/CC --/:,{C and } --
aa,B,That/DT 's/BES true/JJ ./.,That's true. /
+,A,--/: I/PRP 'm/VBP not/RB sure/JJ that/IN that/DT 's/BES not/RB a/DT bad/JJ idea/NN,-- I'm not sure that that's not a bad idea /
sv,A,"and/CC ,/, or/CC the/DT military/NN for/IN a/DT year/NN or/CC two/CD ,/,","[ {C and, } + {C or } ] the military for a year or two,"
b,B,Yeah/UH ./.,Yeah. /
+,A,"would/MD n't/RB be/VB bad/JJ for/IN ,/,","wouldn't be bad for, - /"
sv,A,I/PRP think/VBP it/PRP teaches/VBZ kids/NNS how/WRB to/TO grow/VB ./.,I think it teaches kids how to grow. /
qo,A,How/WRB about/IN yourself/PRP ?/.,How about yourself? /
aa,B,"Uh/UH ,/, I/PRP agree/VBP with/IN you/PRP ./.","{F Uh, } I agree with you. /"
sd,B,"Uh/UH ,/, uh/UH ,/, what/WP I/PRP 'm/VBP thinking/VBG about/IN is/VBZ back/RB ,/, well/UH ,/, when/WRB I/PRP was/VBD a/DT kid/NN ,/, and/CC much/RB earlier/RBR than/IN that/DT ,/, kids/NNS were/VBD kind/RB of/RB ,/, i-/XX ,/, i-/XX ,/,","{F Uh, } {F uh, } what I'm thinking about is back <breathing>, {D well, } when I was a kid, and much earlier than that, kids were kind of, [ i-, + i-, ] - /"
sv,B,"you/PRP know/VBP ,/, the/DT parents/NNS kind/RB of/RB pushed/VBD them/PRP to/TO join/VB ,/, like/UH the/DT Boy/NNP Scouts/NNPS or/CC Girl/NNP Scouts/NNPS","{D you know, } the parents kind of pushed them to join, {D like } the Boy Scouts <children> or Girl Scouts /"
sv,B,"and/CC they/PRP did/VBD ,/, do/VB ,/, do/VB do/VB a/DT lot/NN of/IN public/JJ service/NN activities/NNS ,/,","{C and } they did, [ [ do, + do ] + do ] a lot of public service activities, /"
sv,B,"but/CC these/DT days/NNS they/PRP 're/VBP not/RB ,/, uh/UH ,/,","{C but } these days they're not, {F uh, } /"
sv,B,"par-/NNS ,/, parents/NNS are/VBP n't/RB encouraging/VBG their/PRP$ kids/NNS to/TO do/VB things/NNS like/IN that/DT ./.","[ par-, + parents ] aren't encouraging their kids to do things like that. /"
sd,B,"Because/IN when/WRB I/PRP was/VBD in/IN the/DT Girl/NNP Scouts/NNPS ,/, we/PRP did/VBD a/DT lot/NN of/IN public/JJ service/NN things/NNS ,/, because/IN that/DT 's/BES just/RB part/NN o-/IN ,/, of/IN ,/, of/IN the/DT scouting/NN ,/, and/CC ,/, you/PRP know/VBP ./.","{C Because } when I was in the Girl Scouts, we did a lot of public service things, because that's just part [ [ o-, + of, ] + of ] the scouting, and, {D you know. } -/"
b,A,"Yeah/UH ,/,","Yeah, /"
%,A,"I/PRP 've/VBP ,/, I/PRP 've/VBP ,/,","[ I've, + I've, ] - /"
sv,A,that/DT 's/BES really/RB great/JJ ./.,that's really great. /
sv,A,"I/PRP ,/, I/PRP really/RB think/VBP that/IN both/CC the/DT Boy/NNP Scouts/NNPS and/CC Girl/NNP Scouts/NNPS is/VBZ a/DT excellent/JJ ,/, two/CD excellent/JJ organizations/NNS ./.","[ I, + I ] really think that both the Boy Scouts and Girl Scouts is [ a excellent, + two excellent ] organizations. /"
aa,B,They/PRP are/VBP,They are /
%,B,"but/CC parents/NNS ,/,","{C but } parents, -/"
sv,A,"You/PRP know/VBP ,/, kids/NNS seem/VBP like/IN when/WRB they/PRP get/VBP ten/CD or/CC twelve/CD years/NNS old/JJ they/PRP fall/VBP out/IN of/IN that/DT ,/,","{D You know, } kids seem like when they get ten or twelve years old they fall out of that, /"
aa,B,"Yeah/UH ,/,","Yeah, /"
aa,B,they/PRP do/VBP ./.,they do. /
sv,A,"and/CC they/PRP do/VBP n't/RB follow/VB it/PRP at/IN all/DT ,/, you/PRP know/VBP ./.","{C and } they don't follow it at all, {D you know. } /"
sv,A,"There/EX are/VBP very/RB few/JJ Scouts/NNPS go/VBP on/RP ,/,","There are very few Scouts go on,"
aa,B,"Oh/UH ,/, no/UH ./.","{F Oh, } no. /"
+,A,and/CC become/VB Eagle/NNP Scouts/NNPS ./.,and become Eagle Scouts. /
sd,A,"And/CC ,/, and/CC I/PRP do/VBP n't/RB know/VB what/WP the/DT high/JJ rank/NN is/VBZ for/IN the/DT gals/NNS","[ {C And, } + {C and } ] I don't know what the high rank is for the gals /"
%,A,"but/CC ,/,","{C but, } -/"
%,B,"I/PRP ,/, I/PRP ,/, uh/UH ,/,","[ I, + I, ] {F uh, } - /"
sd,B,senior/JJ ./.,senior. /
b,A,Oh/UH ./.,Oh. /
b^m,A,"Senior/JJ ,/,","Senior, /"
bk,A,okay/UH ./.,okay. /
%,A,"So/RB ,/, there/EX 's/BES not/RB ,/, uh/UH ,/,","{C So, } there's not, {F uh, } -/"
%,B,"Oh/UH ,/, they/PRP 're/VBP just/RB not/RB ,/,","{F Oh, } they're just not, - /"
sv,B,"once/IN they/PRP get/VBP into/IN junior/JJ high/JJ it/PRP just/RB ,/,","once they get into junior high it just,"
b,A,"Yeah/UH ,/,","Yeah, /"
sv,A,"they/PRP ,/, they/PRP lose/VBP interest/NN ./.","[ they, + they ] lose interest. /"
+,B,not/RB done/VBN anymore/RB ./.,not done anymore <children>. /
sv,A,"and/CC then/RB when/WRB they/PRP young/JJ ,/, young/JJ adults/NNS ,/,","{C and then } when they [ young, + young ] adults,"
b,B,Uh-huh/UH ./.,Uh-huh. /
+,A,there/EX 's/BES even/RB less/JJR interest/NN there/RB ./.,there's even less interest there. /
sv,A,"They/PRP 're/VBP more/RBR for/IN ,/, I/PRP g/VBP ,/,","They're more for, I g-, -/"
^2,B,Me/PRP ./.,Me <laughter>. /
%,A,"Not/RB ,/, not/RB ,/,","[ Not, + not, ] - /"
aa,A,yeah/UH ./.,yeah. /
sd,B,"Grab/VB ,/,","Grab, /"
sd,B,"grab/VB ,/,","grab, /"
sd,B,"grab/VB ,/,","grab, /"
sd,B,walk/VB out/RB ./.,walk out <laughter>. /
aa,A,"Yeah/UH ,/,","Yeah, /"
sv,A,you/PRP 're/VBP absolutely/RB right/JJ ./.,you're absolutely right <laughter>. /
b,B,Yeah/UH,Yeah /
x,B,./.,<sniffing>.
sv,A,I/PRP think/VBP it/PRP 's/BES a/DT really/RB a/DT good/JJ thing/NN ./.,I think it's a really a good thing. /
sd,A,"I/PRP ,/, I/PRP like/VBP to/TO see/VB ,/,","[ I, + I ] like to see, - /"
sv,A,"of/IN course/NN ,/, there/EX 's/BES ,/, you/PRP know/VBP ,/, third/JJ world/NN countries/NNS that/WDT can/MD use/VB all/DT kind/NN of/IN help/NN ./.","of course, there's, {D you know, } third world countries that can use all kind of help <laughter>. /"
b,B,"Yeah/UH ,/,","Yeah, /"
sv,B,"but/CC there/EX 's/BES a/DT lot/NN that/WDT can/MD be/VB done/VBN right/RB here/RB in/IN this/DT country/NN ,/,","{C but } there's a lot that can be done right here in this country,"
sv,A,"But/CC I/PRP think/VBP ,/,","{C But } I think,"
+,B,too/RB ./.,too. /
+,A,we/PRP ought/MD to/TO start/VB right/RB here/RB at/IN home/NN ./.,we ought to start right here at home. /
%,A,"I/PRP 'm/VBP ,/, you/PRP know/VBP ,/,","I'm, {D you know, } -/"
b,B,"Yeah/UH ,/,","Yeah, /"
sv,B,"uh/UH ,/, I/PRP 'm/VBP not/RB ,/, I/PRP 'm/VBP not/RB so/RB sure/JJ that/IN overseas/JJ help/NN ,/, helping/VBG overseas/RB would/MD be/VB such/PDT a/DT hot/JJ idea/NN for/IN ,/, for/IN ,/, uh/UH ,/, a/DT lot/NN of/IN young/JJ k-/NNS ,/, people/NNS ./.","{F uh, } [ I'm not, + I'm not ] so sure that [ overseas help, + helping overseas ] would be such a hot idea [ for, + for, ] {F uh, } a lot of young [ k-, + people. ] /"
aa,A,"No/UH ,/,","No, /"
%,A,"it/PRP ,/, it/PRP ,/,","[ it, + it, ] -/"
sv,B,"But/CC ,/, since/IN there/EX is/VBZ much/JJ that/WDT needs/VBZ to/TO be/VB done/VBN here/RB ./.","{C But, } since there is much that needs to be done here. -/"
sv,A,"I/PRP think/VBP that/IN ,/, yeah/UH ,/, I/PRP think/VBP that/IN we/PRP need/VBP to/TO really/RB address/VB what/WP we/PRP 've/VBP done/VBN here/RB","[ I think that, + {D yeah, } I think that ] we need to really address what we've done here /"
sv,A,"and/CC ,/, and/CC then/RB perhaps/RB even/RB a/DT six/CD month/NN tour/NN overseas/RB that/WDT gives/VBZ them/PRP much/RB broader/JJR outlook/NN ./.","[ {C and, } + {C and then } ] perhaps even a six month tour overseas that gives them much broader outlook. /"
b,B,Uh-huh/UH ./.,Uh-huh. /
sv,A,"Well/UH ,/, it/PRP 's/HVS been/VBN really/RB good/JJ ./.","{D Well, } it's been really good. /"
sd,A,"We/PRP talked/VBD about/IN this/DT for/IN a/DT few/JJ minutes/NNS ,/,","We talked about this for a few minutes, /"
sd,A,"and/CC ,/, uh/UH ,/, hopefully/RB ,/, we/PRP 'll/MD have/VB other/JJ good/JJ topic/NN maybe/RB another/DT call/NN someday/RB ,/,","{C and, } {F uh, } hopefully, we'll have other good topic maybe another call someday, /"
sd,A,"but/CC I/PRP ,/, I/PRP do/VBP n't/RB really/RB have/VB too/RB much/RB more/JJR to/TO say/VB on/IN this/DT topic/NN ,/, I/PRP guess/VBP ./.","{C but } [ I, + I ] don't really have too much more to say on this topic, I guess. /"
b,B,"No/UH ,/,","No, /"
sd,B,"I/PRP ,/, I/PRP agree/VBP with/IN you/PRP ./.","[ I, + I ] agree with you <laughter>. /"
sv,A,"It/PRP ,/, we/PRP ,/, I/PRP guess/VBP we/PRP both/DT agree/VBP that/IN it/PRP 's/BES a/DT good/JJ thing/NN ,/,","[ [ It, + we, ] + I guess we ] both agree that it's a good thing,"
b,B,Yeah/UH ./.,Yeah. /
+,A,that/IN they/PRP should/MD do/VB sometime/^DT^NN ./.,that they should do sometime. /
aa,B,Okay/UH ./.,Okay. /
fc,A,"Well/UH you/PRP take/VB care/NN ,/,","{D Well } you take care, /"
fc,A,"and/CC ,/, and/CC ,/,","[ {C and, } + {C and, } ]"
fc,B,"You/PRP ,/, too/RB ./.","You, too. /"
+,A,enjoy/VB the/DT day/NN ./.,enjoy the day. /
fc,B,"You/PRP ,/, too/RB ./.","You, too. /"
ft,A,"Thank/VBP you/PRP ,/, ma'am/NN ./.","Thank you, ma'am. /"
fc,A,Bye-bye/UH ./.,Bye-bye. /
fc,B,Bye-bye/UH ./.,Bye-bye. /
