act_tag,speaker,pos,text
"fo_o_fw_""_by_bc",A,Okay/UH ./.,Okay. /
sd,A,"Um/UH ,/, I/PRP do/VBP n't/RB have/VB any/DT ,/, I/PRP guess/VBP ,/, definite/JJ views/NNS about/IN elderly/JJ care/NN ./.","{F Um, } I don't have any, I guess, definite views about elderly care. /"
sd,A,"Um/UH ,/, the/DT first/JJ thing/NN that/WDT comes/VBZ to/IN mind/NN is/VBZ kind/RB of/RB those/DT horror/NN movies/NNS that/WDT you/PRP see/VBP ,/,","{F Um, } the first thing that comes to mind is kind of those horror movies that you see,"
b,B,Uh-huh/UH ./.,Uh-huh. /
+,A,where/WRB elderly/JJ people/NNS are/VBP abused/VBN and/CC things/NNS like/IN that/DT ./.,where elderly people are abused and things like that. /
b,B,Yeah/UH ./.,Yeah. /
sv,A,"I/PRP think/VBP that/DT 's/BES one/CD thing/NN that/WDT I/PRP would/MD look/VB at/IN if/IN I/PRP was/VBD putting/VBG my/PRP$ grandmother/NN or/CC my/PRP$ mother/NN ,/, uh/UH ,/, in/IN some/DT sort/NN of/IN home/NN ./.","I think that's one thing that I would look at if I was putting my grandmother or my mother, {F uh, } in some sort of home. /"
b,B,Right/UH ./.,Right. /
aa,B,Yeah/UH ./.,Yeah. /
aa,B,Yeah/UH ./.,Yeah. /
aa,B,I/PRP agree/VBP with/IN you/PRP ./.,I agree with you. /
%,B,"I/PRP ,/, um/UH ,/,","I, {F um, } - /"
sd,B,"a/DT group/NN that/WDT I/PRP 'm/VBP a/DT part/NN of/IN goes/VBZ once/RB a/DT month/NN to/IN a/DT ,/, um/UH ,/, they/PRP call/VBP it/PRP the/DT Heritage/NNP House/NNP ./.","a group that I'm a part of goes once a month to [ a, + ] {F um, } they call it the Heritage House. /"
b,A,Uh-huh/UH ./.,Uh-huh. /
sd,B,"It/PRP 's/BES ,/, it/PRP 's/BES a/DT nursing/NN home/NN for/IN elderly/JJ people/NNS ./.","[ It's, + it's ] a nursing home for elderly people. /"
b,A,Uh-huh/UH ./.,Uh-huh. /
sd,B,And/CC this/DT particular/JJ one/CD has/VBZ people/NNS that/WDT are/VBP in/IN pretty/RB bad/JJ shape/NN ./.,{C And } this particular one has people that are in pretty bad shape. /
b,A,Uh-huh/UH ./.,Uh-huh. /
b,A,Uh-huh/UH ./.,Uh-huh. /
%,B,"And/CC ,/, um/UH ,/, I/PRP watched/VBD ,/,","{C And, } {F um, } I watched, - /"
sd,B,the/DT interesting/JJ thing/NN was/VBD I/PRP watched/VBD this/DT particular/JJ one/CD change/NN hands/NNS ./.,the interesting thing was I watched this particular one change hands. /
sd,B,"It/PRP started/VBD out/RP just/RB being/VBG a/DT terrible/JJ place/NN for/IN the/DT people/NNS ,/,","It started out just being a terrible place for the people, /"
b,A,Uh-huh/UH ./.,Uh-huh. /
sd,B,"and/CC then/RB a/DT new/JJ company/NN bought/VBD it/PRP ,/,","{C and then } a new company bought it,"
b,A,Uh-huh/UH ./.,Uh-huh. /
+,B,and/CC came/VBD in/RB and/CC remodeled/VBD the/DT whole/JJ place/NN ./.,and came in and remodeled the whole place. /
b,A,Uh-huh/UH ./.,Uh-huh. /
sd,B,"Hired/JJ new/JJ nurses/NNS and/CC ,/, uh/UH ,/, just/RB really/RB ,/, just/RB redid/VBD it/PRP ,/, you/PRP know/VBP ./.","Hired new nurses and, {F uh, } [ just really, + just ] redid it, {D you know. } /"
qw,A,"Just/RB out/IN of/IN curiosity/NN ,/, what/WDT ,/, what/WDT kinds/NNS of/IN things/NNS were/VBD they/PRP doing/VBG when/WRB they/PRP were/VBD considered/VBN a/DT bad/JJ place/NN ?/.","Just out of curiosity, [ what, + what ] kinds of things were they doing when they were considered a bad place? /"
sv,B,"Well/UH ,/, to/IN me/PRP ,/, it/PRP was/VBD dirty/JJ ,/, for/IN one/CD thing/NN ./.","{D Well, } to me, it was dirty, for one thing. /"
b,A,Uh-huh/UH ./.,Uh-huh. /
sv,B,"Uh/UH ,/, when/WRB you/PRP would/MD walk/VB in/IN ,/, the/DT smell/NN was/VBD just/RB ,/,","{F Uh, } when you would walk in, the smell was just,"
b,A,Uh-huh/UH ./.,Uh-huh. /
+,B,awful/JJ ./.,awful. /
sd,B,"The/DT ,/, you/PRP know/VBP ,/, the/DT floors/NNS ,/, you/PRP could/MD just/RB ,/,","[ The, + {D you know, } the ] floors, [ you could just, + ]"
b,A,Uh-huh/UH ./.,Uh-huh. /
+,B,"if/IN you/PRP 're/VBP walking/VBG on/IN them/PRP ,/, feel/VBP how/WRB filthy/JJ they/PRP were/VBD ./.","if you're walking on them, feel how filthy they were. /"
b,A,Uh-huh/UH ./.,Uh-huh. /
sd,B,"Um/UH ,/, there/EX were/VBD a/DT lot/NN of/IN people/NNS just/RB kind/RB of/RB up/RB and/CC down/RB the/DT halls/NNS laying/VBG in/IN their/PRP$ beds/NNS hollering/VBG and/CC ,/, you/PRP know/VBP ,/, crying/VBG ,/,","{F Um, } there were a lot of people just kind of up and down the halls laying in their beds hollering and, {D you know, } crying, /"
ba,A,"Oh/UH ,/, my/PRP$ goodness/NN ./.","{F Oh, } my goodness. /"
sd,B,"Of/IN course/NN ,/, I/PRP do/VBP n't/RB know/VB how/WRB many/NN of/IN them/PRP were/VBD ,/, you/PRP know/VBP ,/, not/RB in/IN their/PRP$ right/JJ mind/NN ./.","Of course, I don't know how many of them were, {D you know, } not in their right mind."
b,A,Uh-huh/UH ./.,Uh-huh. /
+,B,"or/CC how/WRB many/NN were/VBD ,/,","or how many were, -/"
^2,A,In/IN pain/NN or/CC something/NN ./.,In pain or something. /
b,B,Yeah/UH ./.,Yeah. /
b,B,Yeah/UH ./.,Yeah. /
h,B,"I/PRP just/RB really/RB do/VBP n't/RB know/VB ,/,","I just really don't know, /"
sv,B,but/CC I/PRP feel/VBP like/IN they/PRP were/VBD neglected/JJ ./.,{C but } I feel like they were neglected. /
b,A,Uh-huh/UH ./.,Uh-huh. /
b,B,"And/CC ,/, um/UH ,/, yeah/UH ,/,","{C And, } {F um, } yeah, /"
sd,B,that/DT was/VBD what/WP I/PRP was/VBD going/VBG to/TO say/VB ./.,that was what I was going to say. /
sv,B,It/PRP sounds/VBZ like/IN just/RB neglect/NN all/DT over/IN ./.,It sounds like just neglect all over. /
b,A,Right/UH ./.,Right. /
sd,B,"You/PRP know/VBP ,/, neglect/NN to/TO cleanup/VB ./.","{D You know, } neglect to cleanup. /"
b,A,Right/UH ./.,Right. /
sv,B,"I/PRP do/VBP n't/RB really/RB think/VB anyone/NN was/VBD being/VBG ,/, you/PRP know/VBP ,/, cruel/JJ or/CC ,/,","I don't really think anyone was being, {D you know, } cruel [ or, +"
b,A,Uh-huh/UH ./.,Uh-huh. /
+,B,or/CC trying/VBG to/TO mistreat/VB them/PRP or/CC anything/NN ./.,or ] trying to mistreat them or anything. /
sv,B,"I/PRP just/RB think/VBP they/PRP were/VBD not/RB doing/VBG anymore/RB ,/, you/PRP know/VBP ,/, than/IN they/PRP had/VBD to/TO do/VB ./.","I just think they were not doing anymore, {D you know, } than they had to do. /"
sv,B,"And/CC ,/, um/UH ,/, just/RB kind/RB of/RB letting/VBG everybody/NN live/VB in/IN a/DT not/RB very/RB good/JJ environment/NN ./.","{C And, } {F um, } just kind of letting everybody live in a not very good environment <laughter>. /"
b,A,Uh-huh/UH ./.,Uh-huh. /
sd,B,But/CC this/DT new/JJ company/NN came/VBD in/RB,{C But } this new company came in /
sd,B,"and/CC they/PRP ,/, like/IN I/PRP said/VBD ,/, they/PRP remodeled/VBD the/DT place/NN ./.","{C and } [ they, + like I said, they ] remodeled the place. /"
b,A,Uh-huh/UH ./.,Uh-huh. /
sd,B,And/CC it/PRP smells/VBZ nice/JJ when/WRB you/PRP walk/VBP in/RB ./.,{C And } it smells nice when you walk in. /
sd,B,And/CC it/PRP looks/VBZ nice/JJ ./.,{C And } it looks nice. /
sd,B,"And/CC they/PRP got/VBD like/UH several/JJ new/JJ color/NN T/NN V/NN 's/NNS for/IN the/DT people/NNS ,/,","{C And } they got {D like } several new color T V's for the people,"
b,A,Uh-huh/UH ./.,Uh-huh. /
+,B,"And/CC redid/VBD the/DT dining/NN room/NN ,/, where/WRB they/PRP made/VBD it/PRP ,/, you/PRP know/VBP ,/, a/DT lot/NN more/JJR place/NN for/IN them/PRP to/TO be/VB ./.","And redid the dining room, where they made it, {D you know, } a lot more place for them to be. /"
b,A,Uh-huh/UH ./.,Uh-huh. /
sd,B,They/PRP made/VBD a/DT little/JJ patio/NN area/NN where/WRB they/PRP can/MD go/VB outside/RB ./.,They made a little patio area where they can go outside. /
ba,A,That/DT 's/BES great/JJ ./.,That's great. /
b,B,Yeah/UH ./.,Yeah. /
sv,B,"Just/RB ,/, you/PRP know/VBP ,/, small/JJ things/NNS that/WDT make/VBP it/PRP seem/VBP a/DT lot/NN more/RBR homey/JJ ./.","Just, {D you know, } small things that make it seem a lot more homey. /"
b,A,Yeah/UH ./.,Yeah. /
b,B,Yeah/UH ./.,Yeah. /
sv,B,"And/CC it/PRP 's/BES like/IN ,/, it/PRP 's/BES a/DT lot/NN more/JJR like/IN an/DT apartment/NN place/NN instead/IN of/IN just/RB ,/, uh/UH ,/,","{C And } [ it's like, + it's ] a lot more like an apartment place instead of just, {F uh, } -/"
sv,A,"I/PRP would/MD ,/, I/PRP would/MD personally/RB hate/VB to/TO know/VB that/IN my/PRP$ mother/NN or/CC grandmother/NN or/CC anyone/NN is/VBZ in/IN a/DT home/NN like/IN that/DT ./.","[ I would, + I would ] personally hate to know that my mother or grandmother or anyone is in a home like that. /"
sv,A,"And/CC my/PRP$ biggest/JJS fear/NN would/MD ,/, that/IN they/PRP would/MD be/VB ,/, is/VBZ that/IN they/PRP would/MD be/VB lonely/JJ ./.","{C And } my biggest fear [ [ would, + that they would be, ] + is that they would be ] lonely. /"
b,B,Right/UH ./.,Right. /
sv,A,"And/CC I/PRP would/MD like/VB to/TO know/VB that/IN there/EX are/VBP ,/, you/PRP know/VBP ,/, just/RB a/DT lot/NN of/IN activities/NNS ,/, like/IN you/PRP said/VBD ,/, you/PRP know/VBP ,/, just/RB putting/VBG a/DT plant/NN in/IN a/DT room/NN ,/,","{C And } I would like to know that there are, {D you know, } just a lot of activities, like you said, {D you know, } just putting a plant in a room,"
b,B,Right/UH ./.,Right. /
+,A,"You/PRP know/VBP ./. Just/RB makes/VBZ ,/, just/RB brightens/VBZ and/CC ,/, and/CC ,/,","{D You know. } [ Just makes, + just ] brightens [ [ and, + and, ] +"
b,B,Right/UH ./.,Right. /
+,A,"and/CC just/RB makes/VBZ them/PRP ,/, just/RB a/DT little/RB more/RBR active/JJ ./.","and ] [ just makes them, just a little more active. /"
%,A,"Television/NN ,/,","Television, -/"
b,B,Uh-huh/UH ./.,Uh-huh. /
sd,A,They/PRP can/MD go/VB outside/RB,They can go outside /
sv,A,"and/CC ,/, just/RB to/TO know/VB that/IN they/PRP 're/VBP not/RB ,/, you/PRP know/VBP ,/, laying/VBG in/IN a/DT room/NN ,/,","{C and, } just to know that they're not, {D you know, } laying in a room,"
b,B,Right/UH ./.,Right. /
+,A,"looking/VBG at/IN gray/JJ walls/NNS ./. You/PRP know/VBP ,/,","looking at gray walls. {D You know, }"
aa,B,Exactly/UH ./.,Exactly. /
+,A,"that/DT ,/, that/DT 's/BES what/WP would/MD just/RB really/RB kill/VB me/PRP ./.","[ that, + that's ] what would just really kill me. /"
b,B,Yeah/UH ./.,Yeah. /
sd,A,"I/PRP 'd/MD like/VB to/TO know/VB that/IN ,/, you/PRP know/VBP ,/, they/PRP have/VBP friends/NNS there/RB ,/,","I'd like to know that, {D you know, } they have friends there, /"
b,B,Right/UH ./.,Right. /
sd,A,and/CC they/PRP have/VBP little/JJ conversations/NNS and/CC things/NNS ./.,and they have little conversations and things. /
b,B,Right/UH ./.,Right. /
sd,A,"I/PRP 'd/MD like/VB to/TO know/VB there/EX 's/BES a/DT lot/NN of/IN interaction/NN and/CC ,/,","I'd like to know there's a lot of interaction and,"
b,B,Yeah/UH ./.,Yeah. /
+,A,"maybe/RB some/DT kind/NN of/IN ,/, of/IN activity/NN ,/, little/JJ field/NN trips/NNS or/CC something/NN ./.","maybe some kind [ of, + of ] activity, little field trips or something. /"
b,B,Yeah/UH ./.,Yeah. /
sd,A,I/PRP do/VBP n't/RB know/VB how/WRB they/PRP would/MD do/VB that/DT ./.,I don't know how they would do that. /
%,A,"But/CC ,/,","{C But, } -/"
%,B,"Well/UH ,/, they/PRP ,/, uh/UH ,/,","{D Well, } they, {F uh, } - /"
sd,B,"this/DT place/NN that/WDT we/PRP visit/VBP ,/, it/PRP 's/BES really/RB neat/JJ ./.","this place that we visit, it's really neat. /"
sd,B,"They/PRP have/VBP ,/, everyday/JJ ,/, they/PRP have/VBP schedules/NNS of/IN groups/NNS that/WDT come/VBP in/RB ./.","[ They have, + everyday, they have ] schedules of groups that come in. /"
b,A,Uh-huh/UH ./.,Uh-huh. /
sd,B,And/CC they/PRP will/MD do/VB bingo/NN ./.,{C And } they will do bingo. /
sd,B,Our/PRP$ group/NN does/VBZ a/DT church/NN service/NN once/RB a/DT month/NN ./.,Our group does a church service once a month. /
b,A,Uh-huh/UH ./.,Uh-huh. /
sd,B,"And/CC then/RB other/JJ groups/NNS come/VBP in/RB and/CC do/VBP the/DT services/NNS ,/, you/PRP know/VBP ,/, other/JJ Sundays/NNPS ,/,","{C And then } other groups come in and do the services, {D you know, } other Sundays, /"
b,A,Uh-huh/UH ./.,Uh-huh. /
sd,B,So/IN that/IN they/PRP have/VBP at/IN least/JJS one/CD service/NN every/DT Sunday/NNP ./.,{C So } that they have at least one service every Sunday. /
b,A,Uh-huh/UH ./.,Uh-huh. /
sd,B,So/RB there/EX are/VBP a/DT lot/NN of/IN things/NNS ./.,{C So } there are a lot of things. /
sd,B,There/EX are/VBP places/NNS that/WDT have/VBP a/DT lot/NN of/IN things/NNS for/IN them/PRP to/TO do/VB ./.,There are places that have a lot of things for them to do. /
sv,B,"But/CC you/PRP really/RB do/VBP have/VB to/TO kind/RB of/RB seek/VB it/PRP out/RP ,/, you/PRP know/VBP ,/,","{C But } you really do have to kind of seek it out, {D you know, }"
b,A,Uh-huh/UH ./.,Uh-huh. /
+,B,and/CC make/VB sure/JJ that/IN it/PRP 's/BES not/RB a/DT place/NN like/IN this/DT one/CD was/VBD ./.,and make sure that it's not a place like this one was <laughter>. /
sd,A,I/PRP did/VBD n't/RB realize/VB that/IN there/EX were/VBD groups/NNS that/WDT go/VBP in/RB like/IN that/DT ./.,I didn't realize that there were groups that go in like that. /
sd,A,"That/DT 's/BES ,/,","That's,"
b,B,Yeah/UH ./.,Yeah. /
+,A,really/RB neat/JJ ./.,really neat. /
aa,B,Yeah/UH ./.,Yeah. /
aa,B,"Yeah/UH ,/,","Yeah, /"
aa,B,it/PRP is/VBZ ./.,it is. /
sd,B,It/PRP 's/BES real/RB nice/JJ ./.,It's real nice. /
sd,B,"And/CC ,/, um/UH ,/, I/PRP know/VBP our/PRP$ church/NN does/VBZ it/PRP","{C And, } {F um, } I know our church does it /"
sd,B,"and/CC there/EX are/VBP a/DT lot/NN of/IN other/JJ churches/NNS ,/,","{C and } there are a lot of other churches, /"
sd,B,"and/CC they/PRP are/VBP just/RB like/IN civic/JJ organizations/NNS ,/,","{C and } they are just like civic organizations,"
b,A,Right/UH ./.,Right. /
+,B,that/WDT do/VBP ./.,that do. -/
b,A,Uh-huh/UH ./.,Uh-huh. /
sd,B,"And/CC ,/, uh/UH ,/, I/PRP have/VBP other/JJ friends/NNS ./.","{C And, } {F uh, } I have other friends. /"
sd,B,"It/PRP 's/BES kinds/RB of/RB neat/JJ ,/, they/PRP take/VBP animals/NNS over/RB and/CC let/VB the/DT people/NNS pet/VBP them/PRP ./.","It's kinds of neat, they take animals over and let the people pet them. /"
b,A,Oh/UH ./.,Oh. /
sd,B,Like/UH they/PRP also/RB have/VBP a/DT dog/NN that/WDT maybe/RB needs/VBZ a/DT home/NN,{D Like } they also have a dog that maybe needs a home /
sd,B,"and/CC they/PRP will/MD wash/VB it/PRP all/DT up/RP ,/,","{C and } they will wash it all up,"
b,A,Uh-huh/UH ./.,Uh-huh. /
+,B,"and/CC make/VB sure/JJ it/PRP 's/BES ,/, it/PRP 's/BES a/DT friendly/JJ animal/NN ,/,","and make sure [ it's, + it's ] a friendly animal,"
b,A,Uh-huh/UH ./.,Uh-huh. /
+,B,"you/PRP know/VBP ./. And/CC take/VB it/PRP in/RB and/CC let/VB ,/, just/RB let/VB the/DT old/JJ elderly/JJ people/NNS pet/VBP the/DT dogs/NNS ./.","{D you know. } And take it in and [ let, + just let ] the old elderly people pet the dogs. /"
ba,A,That/DT 's/BES great/JJ ./.,That's great. /
b,B,Yeah/UH ./.,Yeah. /
sd,A,"That/DT will/MD be/VB something/NN ,/, you/PRP know/VBP ,/, they/PRP would/MD look/VB forward/IN to/IN if/IN they/PRP knew/VBD ,/, you/PRP know/VBP ,/, that/IN the/DT puppy/NN is/VBZ coming/VBG on/IN Wednesday/NNP ./.","That will be something, {D you know, } they would look forward to if they knew, {D you know, } that the puppy is coming on Wednesday. /"
b,B,Yeah/UH ./.,Yeah. /
sv,A,"You/PRP know/VBP ,/, that/DT would/MD be/VB something/NN to/TO look/VB for/IN ./.","{D You know, } that would be something to look for. /"
ba,A,That/DT 's/BES really/RB neat/JJ ./.,That's really neat. /
b,B,Yeah/UH ./.,Yeah. /
b,B,Yeah/UH ./.,Yeah. /
sd,A,That/DT really/RB is/VBZ ./.,That really is. /
sv,B,"I/PRP thought/VBD that/DT was/VBD a/DT real/RB unusual/JJ thing/NN ,/,","I thought that was a real unusual thing,"
b,A,Uh-huh/UH ./.,Uh-huh. /
+,B,for/IN someone/NN to/TO do/VB ./.,for someone to do. /
%,B,"So/RB ,/, yeah/UH ,/,","{C So, } yeah, /"
sd,B,there/EX 's/BES a/DT lot/NN that/WDT can/MD be/VB done/VBN ./.,there's a lot that can be done. /
b,A,Uh-huh/UH ./.,Uh-huh. /
sv,B,It/PRP 's/BES just/RB a/DT matter/NN of/IN people/NNS not/RB being/VBG lazy/JJ ./.,It's just a matter of people not being lazy. /
b,A,Right/UH ./.,Right. /
sv,B,"And/CC ,/, you/PRP know/VBP ,/, doing/VBG the/DT best/JJS they/PRP can/MD ./.","{C And, } {D you know, } doing the best they can. /"
sd,B,"Again/RB ,/, I/PRP do/VBP n't/RB know/VB what/WP I/PRP 'd/MD do/VB if/IN it/PRP was/VBD my/PRP$ own/JJ mother/NN or/CC grandmother/NN ,/,","Again, I don't know what I'd do if it was my own mother or grandmother,"
b,A,Yeah/UH ./.,Yeah. /
+,B,you/PRP know/VBP ./.,{D you know. } /
sd,A,"Putting/VBG any/DT of/IN my/PRP$ family/NN in/IN an/DT elderly/JJ home/NN ,/, to/IN me/PRP would/MD be/VB the/DT very/RB last/JJ resort/NN ./.","Putting any of my family in an elderly home, to me would be the very last resort. /"
b,B,Right/UH ./.,Right. /
%,A,"You/PRP know/VBP ,/, it/PRP ,/, um/UH ,/,","{D You know, } it, {F um, } - /"
sv,A,"and/CC I/PRP know/VBP it/PRP 's/BES hard/JJ for/IN a/DT lot/NN of/IN families/NNS if/IN you/PRP 're/VBP trying/VBG to/TO ,/, to/TO work/VB or/CC trying/VBG to/TO take/VB care/NN of/IN your/PRP$ own/JJ family/NN ,/,","{C and } I know it's hard for a lot of families if you're trying [ to, + to ] work or trying to take care of your own family,"
b,B,"Right/UH ,/,","Right, /"
+,A,"it/PRP 's/BES kind/RB of/RB hard/JJ to/TO ,/, to/TO because/IN an/DT elderly/JJ person/NN sometimes/RB can/MD be/VB totally/RB dependent/JJ ,/,","it's kind of hard [ to, + to ] because an elderly person sometimes can be totally dependent,"
b,B,Uh-huh/UH ./.,Uh-huh. /
+,A,"you/PRP know/VBP ,/, on/IN you/PRP ./.","{D you know, } on you. /"
sd,A,And/CC I/PRP know/VBP that/DT 's/BES hard/JJ sometimes/RB,{C And } I know that's hard sometimes /
sd,A,"and/CC ,/,","[ {C and, } +"
b,B,Yeah/UH ./.,Yeah. /
+,A,"but/CC it/PRP would/MD really/RB have/VB to/TO be/VB a/DT last/JJ resort/NN ,/,","{C but } ] it would really have to be a last resort,"
b,B,Yeah/UH ./.,Yeah. /
+,A,"because/IN that/DT would/MD just/RB ,/,","because that would just, - /"
sd,A,I/PRP would/MD feel/VB so/RB guilty/JJ ./.,I would feel so guilty. /
aa,B,Yeah/UH ./.,Yeah. /
aa,B,Yeah/UH ./.,Yeah. /
aa,B,"I/PRP would/MD ,/, too/RB ./.","I would, too. /"
h,A,I/PRP do/VBP n't/RB know/VB ./.,I don't know. /
b,B,"Yeah/UH ,/,","Yeah, /"
b,B,right/UH ./.,right. /
b,B,Yeah/UH ./.,Yeah. /
ba,B,I/PRP know/VBP ./.,I know. /
sd,B,I/PRP know/VBP what/WP you/PRP mean/VBP ./.,I know what you mean. /
sd,A,I/PRP do/VBP n't/RB know/VB anyone/NN personally/RB that/WDT 's/BES in/IN an/DT elderly/JJ home/NN ./.,I don't know anyone personally that's in an elderly home. /
b,B,Yeah/UH ./.,Yeah. /
sd,B,"Well/UH ,/, I/PRP have/VBP interesting/JJ conversations/NNS with/IN a/DT lot/NN of/IN these/DT people/NNS because/IN ,/, um/UH ,/, many/JJ of/IN them/PRP ,/, of/IN course/NN ,/, their/PRP$ minds/NNS are/VBP not/RB good/JJ ./.","{D Well, } I have interesting conversations with a lot of these people because, {F um, } many of them, of course, their minds are not good. /"
b,A,Uh-huh/UH ./.,Uh-huh. /
sd,B,"And/CC so/RB a/DT lot/NN them/PRP have/VBP told/VBN me/PRP exactly/RB the/DT same/JJ story/NN ,/, you/PRP know/VBP ,/,","{C And so } a lot them have told me exactly the same story, {D you know, } /"
b,A,Yeah/UH ./.,Yeah. /
b,A,Yeah/UH ./.,Yeah. /
b,A,Yeah/UH ./.,Yeah. /
b,A,Uh-huh/UH ./.,Uh-huh. /
+,B,and/CC tell/VB me/PRP something/NN that/WDT they/PRP did/VBD,and tell me something that they did /
sd,B,"and/CC then/RB the/DT next/JJ time/NN I/PRP go/VBP it/PRP 's/BES the/DT same/JJ thing/NN ,/, you/PRP know/VBP ,/,","{C and then } the next time I go it's the same thing, {D you know, }"
b,A,Uh-huh/UH ./.,Uh-huh. /
+,B,"that/IN ,/, just/RB somebody/NN to/TO listen/VB to/IN them/PRP ./.","[ that, + ] just somebody to listen to them. /"
b,A,Yeah/UH ./.,Yeah. /
sv,B,"Uh/UH ,/, just/RB seems/VBZ to/TO make/VB them/PRP really/RB feel/VBP good/JJ ./.","{F Uh, } just seems to make them really feel good. /"
bf,A,Nod/VBP your/PRP$ head/NN and/CC smile/VBP at/IN them/PRP ./.,Nod your head and smile at them. /
b,B,Right/UH ./.,Right. /
sd,B,"I/PRP 'll/MD tell/VB you/PRP the/DT people/NNS I/PRP feel/VBP the/DT sorriest/JJS for/IN ,/,","I'll tell you the people I feel the sorriest for, /"
sd,B,"there/EX 's/BES a/DT guy/NN at/IN this/DT particular/JJ one/CD I/PRP go/VBP to/IN ,/,","there's a guy at this particular one I go to,"
b,A,Uh-huh/UH ./.,Uh-huh. /
+,B,"that/WDT I/PRP think/VBP that/IN he/PRP 's/BES really/RB an/DT intelligent/JJ person/NN ,/,","that I think that he's really an intelligent person, /"
b,A,Uh-huh/UH ./.,Uh-huh. /
sd,B,but/CC he/PRP has/VBZ cerebral/JJ palsy/NN so/RB bad/JJ that/IN he/PRP just/RB can/MD not/RB communicate/VB ./.,{C but } he has cerebral palsy so bad that he just cannot communicate. /
b,A,Uh-huh/UH ./.,Uh-huh. /
sd,B,"And/CC ,/, um/UH ,/, he/PRP 's/BES blind/JJ","{C And, } {F um, } he's blind /"
sd,B,"and/CC he/PRP has/VBZ seizures/NNS ,/, you/PRP know/VBP ,/,","{C and } he has seizures, {D you know, } /"
b,A,Uh-huh/UH ./.,Uh-huh. /
sd,B,"I/PRP mean/VBP ,/, he/PRP 's/BES just/RB like/UH in/IN a/DT world/NN of/IN his/PRP$ own/JJ ,/,","{E I mean, } he's just {D like } in a world of his own, /"
sd,B,"and/CC yet/RB he/PRP wants/VBZ so/RB much/JJ ,/,","{C and } yet he wants so much,"
b,A,Right/UH ./.,Right. /
+,B,to/TO be/VB around/IN people/NNS ./.,to be around people. /
sd,B,"And/CC if/IN you/PRP come/VBP over/IN to/IN him/PRP ,/, if/IN he/PRP can/MD touch/VB your/PRP$ hand/NN ,/, he/PRP 'll/MD grab/VB it/PRP and/CC kiss/VB it/PRP ./.","{C And } if you come over to him, if he can touch your hand, he'll grab it and kiss it. /"
b,A,Oh/UH ./.,Oh. /
sd,B,"Oh/UH ,/, and/CC he/PRP 's/HVS always/RB got/VBN a/DT smile/NN ./.","{F Oh, } {C and } he's always got a smile. /"
sd,B,"I/PRP mean/VBP ,/, he/PRP really/RB tries/VBZ to/TO ,/, brighten/VB up/RP your/PRP$ life/NN ./.","{E I mean, } he really tries to, brighten up your life. /"
sd,B,"Oh/UH ,/, it/PRP 's/BES just/RB amazing/JJ ./.","{F Oh, } it's just amazing. /"
b,A,Oh/UH ./.,Oh. /
sd,B,But/CC he/PRP ca/MD n't/RB say/VB anything/NN ./.,{C But } he can't say anything. /
sd,B,He/PRP can/MD just/RB kind/RB of/RB make/VB noises/NNS ./.,He can just kind of make noises. /
sv,A,"That/DT 's/BES something/NN ,/, that/IN ,/, if/IN I/PRP had/VBD to/TO work/VB in/IN an/DT elderly/JJ home/NN ,/, I/PRP do/VBP n't/RB think/VB I/PRP could/MD do/VB it/PRP ./.","That's something, that, if I had to work in an elderly home, I don't think I could do it. /"
b,B,Yeah/UH ./.,Yeah. /
sd,A,"Like/IN I/PRP ,/, I/PRP would/MD really/RB like/VB to/TO be/VB a/DT teacher/NN ,/,","{D Like } [ I, + I ] would really like to be a teacher, /"
b,B,Yeah/UH ./.,Yeah. /
sd,A,"But/CC I/PRP do/VBP n't/RB think/VB I/PRP could/MD do/VB it/PRP ./. Because/IN I/PRP 'm/VBP very/RB ,/, very/RB emotional/JJ ./.","{C But } I don't think I could do it. Because I'm very, very emotional. /"
aa,B,"Me/PRP ,/, too/RB ./.","Me, too. /"
sd,A,"And/CC the/DT minute/NN ,/, I/PRP mean/VBP ,/, the/DT minute/NN something/NN happens/VBZ ,/,","{C And } [ the minute, + {E I mean, } the minute ] something happens, -/"
b,B,Yeah/UH ./.,Yeah. /
sd,A,"I/PRP cry/VBP on/IN ,/, I/PRP mean/VBP ,/, Hallmark/NNP commercials/NNS ./.","I cry on, {E I mean, } Hallmark commercials. /"
ba,B,I/PRP know/VBP ./.,I know. /
sd,A,That/DT 's/BES just/RB the/DT end/NN of/IN me/PRP ./.,That's just the end of me. /
ba,B,I/PRP know/VBP ./.,I know. /
sd,A,"And/CC so/RB I/PRP mean/VBP something/NN real/JJ life/NN ,/, I/PRP just/RB ,/,","{C And so } I mean something real life, I just, -/"
b,B,Uh-huh/UH ./.,Uh-huh. /
sd,A,"I/PRP interview/VBP a/DT lot/NN of/IN children/NNS ,/,","I interview a lot of children, /"
sd,A,"I/PRP 'm/VBP an/DT education/NN reporter/NN ,/,","I'm an education reporter, /"
b,B,Uh-huh/UH ./.,Uh-huh. /
sd,A,and/CC I/PRP always/RB go/VBP and/CC do/VBP an/DT education/NN things/NNS ./.,{C and } I always go and do an education things. /
b,B,Uh-huh/UH ./.,Uh-huh. /
sd,A,"I/PRP meet/VBP these/DT kids/NNS who/WP are/VBP ,/, you/PRP know/VBP ,/, dropping/VBG out/IN of/IN school/NN left/RB and/CC right/RB ./.","I meet these kids who are, {D you know, } dropping out of school left and right. /"
b,B,Yeah/UH ./.,Yeah. /
sd,A,"And/CC all/PDT the/DT sudden/JJ ,/, they/PRP 're/VBP in/IN this/DT program/NN ./.","{C And } all the sudden, they're in this program. /"
sd,A,"They/PRP 're/VBP making/VBG straight/JJ A/NN 's/NNS ,/,","They're making straight A's, /"
sd,A,"they/PRP 're/VBP going/VBG to/TO graduate/VB early/JJ ,/,","they're going to graduate early, /"
b,B,Uh-huh/UH ./.,Uh-huh. /
sd,A,"and/CC I/PRP 'm/VBP just/RB ,/, I/PRP just/RB want/VBP to/TO hug/VB them/PRP ,/,","{C and } [ I'm just, + I just ] want to hug them,"
b,B,Yeah/UH ./.,Yeah. /
+,A,"and/CC go/VB ,/, you/PRP are/VBP just/RB fantastic/JJ ./.","and go, you are just fantastic. /"
b,B,Yeah/UH ./.,Yeah. /
sd,A,"And/CC ,/, you/PRP know/VBP ,/, I/PRP could/MD just/RB imagine/VB ,/, you/PRP know/VBP ,/, working/VBG in/IN a/DT home/NN like/IN that/DT ,/,","{C And, } {D you know, } I could just imagine, {D you know, } working in a home like that, /"
b,B,"Oh/UH ,/, yeah/UH ./.","{F Oh, } yeah. /"
sd,A,"And/CC those/DT people/NNS ,/, they/PRP 're/VBP so/RB sweet/JJ and/CC ,/,","{C And } those people, they're so sweet [ and, +"
b,B,Uh-huh/UH ./.,Uh-huh. /
+,A,"and/CC so/RB genuine/JJ ,/,","and ] so genuine,"
b,B,Uh-huh/UH ./.,Uh-huh. /
+,A,"You/PRP know/VBP ,/,","{D You know, } /"
sd,A,"and/CC all/DT they/PRP want/VBP is/VBZ just/RB for/IN everything/NN to/TO be/VB happy/JJ ,/,","{C and } all they want is just for everything to be happy, /"
b,B,Yeah/UH ./.,Yeah. /
sd,A,"and/CC you/PRP know/VBP ,/,","[ {C and } + {D you know, }"
b,B,Yeah/UH ./.,Yeah. /
aa,B,"Oh/UH ,/, it/PRP does/VBZ ./.","{F Oh, } it does. /"
b,B,Yeah/UH ./.,Yeah. /
b,B,"Yeah/UH ,/,","Yeah, /"
sd,B,"it/PRP is/VBZ ,/,","it is, /"
sd,B,it/PRP 's/BES really/RB hard/JJ,it's really hard /
sd,B,"and/CC ,/,","[ {C and, } +"
b,A,Uh-huh/UH ./.,Uh-huh. /
+,B,But/CC one/CD of/IN the/DT neatest/JJS things/NNS I/PRP think/VBP though/IN is/VBZ we/PRP always/RB take/VBP our/PRP$ kids/NNS ./.,{C But } ] one of the neatest things I think though is we always take our kids. /
sd,B,"I/PRP have/VBP a/DT three/CD year/NN old/JJ and/CC a/DT six/CD year/NN old/JJ ,/,","I have a three year old and a six year old, /"
b,A,Uh-huh/UH ./.,Uh-huh. /
sd,B,"and/CC they/PRP ,/, um/UH ,/, have/VBP gotten/VBN comfortable/JJ being/NN around/IN these/DT people/NNS ,/,","{C and } they, {F um, } have gotten comfortable being around these people,"
b,A,Uh-huh/UH ./.,Uh-huh. /
+,B,"because/IN they/PRP 've/VBP always/RB gone/VBN with/IN us/PRP ,/,","because they've always gone with us, /"
b,A,Uh-huh/UH ./.,Uh-huh. /
sd,B,and/CC the/DT people/NNS love/VBP them/PRP ./.,{C and } the people love them. /
ba,A,I/PRP 'm/VBP sure/JJ ./.,I'm sure. /
sd,B,"And/CC they/PRP want/VBP the/DT children/NNS ,/, you/PRP know/VBP ,/, to/TO hug/VB them/PRP or/CC hold/VB their/PRP$ hand/NN","{C And } they want the children, {D you know, } to hug them or hold their hand /"
sd,B,"and/CC ,/, so/RB far/RB ,/, my/PRP$ kids/NNS will/MD do/VB it/PRP ./. Just/RB real/RB easily/RB ,/,","{C and, } so far, my kids will do it. Just real easily, /"
b,A,Uh-huh/UH ./.,Uh-huh. /
sv,B,"and/CC I/PRP think/VBP it/PRP 's/BES because/IN they/PRP 've/VBP gone/VBN since/IN they/PRP were/VBD real/RB little/JJ ,/,","{C and } I think it's because they've gone since they were real little, /"
b,A,Yeah/UH ./.,Yeah. /
sd,B,and/CC they/PRP 've/VBP never/RB been/VBN afraid/JJ ./.,{C and } they've never been afraid. /
sd,B,"But/CC that/DT 's/BES something/NN ,/,","{C But } that's something, - /"
sv,B,"to/IN me/PRP children/NNS ,/,","to me children,"
b,A,Uh-huh/UH ./.,Uh-huh. /
+,B,"you/PRP know/VBP ,/, need/VBP to/TO ,/,","{D you know, } need to, - /"
sv,B,"people/NNS need/VBP to/TO take/VB groups/NNS of/IN children/NNS ,/,","people need to take groups of children,"
b,A,Right/UH ./.,Right. /
+,B,Because/IN the/DT kids/NNS just/RB brighten/VB up/RP their/PRP$ lives/NNS ./.,<Laughter> Because the kids just brighten up their lives. /
b,A,Yeah/UH ./.,Yeah. /
sd,B,"As/IN we/PRP walk/VBP through/IN the/DT ,/, the/DT lobby/NN they/PRP 'll/MD all/DT say/VB ,/, bring/VB her/PRP$ here/RB ./.","As we walk through [ the, + the ] lobby they'll all say, bring her here. /"
^q,B,I/PRP want/VBP to/TO see/VB her/PRP$ ./.,I want to see her <laughter>. /
^q,B,I/PRP would/MD love/VB to/TO hold/VB her/PRP$ ./.,I would love to hold her. /
%,A,"And/CC children/NNS ,/,","{C And } children, - /"
sd,A,"I/PRP mean/VBP ,/, usually/RB a/DT MUMBLEx/XX of/IN elderly/JJ people/NNS like/IN to/TO ,/, they/PRP like/VBP to/TO ,/, uh/UH ,/, share/VB their/PRP$ experiences/NNS with/IN the/DT ,/,","{E I mean, } usually a (( )) of elderly people [ like to, + they like to, ] {F uh, } share their experiences [ with the, +"
b,B,Uh-huh/UH ./.,Uh-huh. /
+,A,with/IN the/DT younger/JJR children/NNS ./.,with the ] younger children. /
sd,A,They/PRP 'll/MD be/VB telling/VBG them/PRP all/DT kinds/NNS of/IN stories/NNS ./.,They'll be telling them all kinds of stories.
b,B,Yeah/UH ./.,Yeah. /
+,A,that/WDT they/PRP do/VBP n't/RB even/RB know/VB what/WP they/PRP mean/VBP ./.,that they don't even know what they mean. /
b,B,That/DT 's/BES true/JJ ./.,That's true. /
sv,A,"You/PRP know/VBP ,/, they/PRP feel/VBP like/IN they/PRP 've/VBP lived/VBN life/NN","{D You know, } they feel like they've lived life /"
sv,A,so/RB they/PRP need/VBP to/TO share/VB it/PRP ./.,{C so } they need to share it. /
b,B,Yeah/UH ./.,Yeah. /
sd,A,"And/CC I/PRP 'm/VBP sure/JJ I/PRP 'll/MD be/VB like/IN that/DT ,/, too/RB ./.","{C And } I'm sure I'll be like that, too. /"
aa,B,"Well/UH ,/, me/PRP ,/, too/RB ./.","{D Well, } me, too. /"
b,A,Yeah/UH ./.,Yeah. /
b,B,Yeah/UH ./.,Yeah. /
sd,B,It/PRP 's/BES quite/RB an/DT experience/NN ./.,It's quite an experience. /
ba,A,"But/CC ,/, that/DT 's/BES great/JJ ./.","{C But, } that's great. /"
sd,A,I/PRP did/VBD n't/RB know/VB there/EX were/VBD such/JJ groups/NNS ./.,I didn't know there were such groups. /
b,B,Yeah/UH ./.,Yeah. /
b,B,Yeah/UH,Yeah /
sd,B,there/EX are/VBP ./.,there are. /
sv,B,"And/CC ,/, and/CC ,/, uh/UH ,/, it/PRP really/RB helps/VBZ those/DT people/NNS ,/, I/PRP think/VBP ./.","[ {C And, } + {C and, } ] {F uh, } it really helps those people, I think. /"
b,A,Uh-huh/UH ./.,Uh-huh. /
sd,B,"But/CC ,/, like/IN you/PRP said/VBD ,/, I/PRP 'd/MD really/RB have/VB a/DT lot/NN of/IN second/JJ thoughts/NNS before/IN I/PRP put/VBP any/DT of/IN my/PRP$ own/JJ family/NN members/NNS there/RB ./.","{C But, } like you said, I'd really have a lot of second thoughts before I put any of my own family members there. /"
b,A,Yeah/UH ./.,Yeah. /
b,A,Yeah/UH ./.,Yeah. /
sd,B,It/PRP would/MD be/VB a/DT last/JJ resort/NN ./.,It would be a last resort. /
sd,A,And/CC I/PRP would/MD hate/VB it/PRP if/IN anyone/NN put/VB me/PRP in/IN one/CD ./.,{C And } I would hate it if anyone put me in one. /
ba,B,"Oh/UH ,/, I/PRP know/VBP ./.","{F Oh, } I know. /"
sd,B,"I/PRP 'm/VBP always/RB afraid/JJ like/IN ,/, oh/UH ,/,","I'm always afraid like, {F oh, } - /"
nn,B,"no/UH ,/,","no, /"
qh,B,what/WP if/IN I/PRP lose/VBP my/PRP$ mind/NN ./.,what if I lose my mind. /
b,A,Yeah/UH ./.,Yeah. /
qy,B,Am/VBP I/PRP going/VBG to/TO end/VB up/RP in/IN a/DT place/NN like/IN that/DT ?/.,Am I going to end up in a place like that <laughter>? /
ad,A,Somebody/NN take/VB care/NN of/IN me/PRP ./.,<Laughter> Somebody take care of me. /
b,B,"Yeah/UH ,/,","Yeah, /"
b,B,that/DT 's/BES right/JJ ./.,that's right. /
b,A,Okay/UH ./.,Okay. /
%,B,Well/UH ./.,{D Well. } -/
b,A,"Okay/UH ,/,","Okay, /"
fc,A,"well/UH ,/, nice/JJ to/TO talk/VB to/IN you/PRP ./.","{D well, } nice to talk to you. /"
fc,B,Yeah/UH ./.,Yeah. /
fc,B,"You/PRP ,/, too/RB ,/, Tonya/NNP ./.","You, too, (( Tonya )) . /"
fc,B,Thanks/NNS for/IN calling/VBG ./.,Thanks for calling. /
fc,A,Uh-huh/UH ./.,Uh-huh. /
fc,A,Bye-bye/UH ./.,Bye-bye. /
fc,B,Bye/UH ./.,Bye. /
