act_tag,speaker,pos,text
"fo_o_fw_""_by_bc",A,Okay/UH ./.,Okay. /
qo,A,"So/UH ,/, uh/UH ,/, Mike/NNP ,/, what/WDT are/VBP your/PRP$ opinions/NNS on/IN ,/, uh/UH ,/, trial/NN by/IN jury/NN ?/.","{D So, } {F uh, } Mike, what are your opinions on, {F uh, } trial by jury? /"
^h,B,Well/UH I/PRP work/VBP for/IN an/DT insurance/NN company/NN,{D Well } I work for an insurance company /
sd,B,"so/RB I/PRP see/VBP a/DT lot/NN of/IN ,/, uh/UH ,/, verdicts/NNS that/WDT are/VBP pretty/RB crazily/RB decided/VBD ./. Um/UH ,/, by/IN juries/NNS particularly/RB ,/,","{C so } I see a lot of, {F uh, } verdicts that are <breathing> pretty crazily decided. {F Um, } by juries particularly, /"
sd,B,and/CC I/PRP know/VBP in/IN England/NNP the/DT judges/NNS set/VBP all/DT of/IN the/DT awards/NNS ./.,{C and } I know in England the judges set all of the awards. /
sd,B,"You/PRP know/VBP juries/NNS will/MD decide/VB the/DT guilt/NN or/CC innocence/NN ,/,","{D You know } juries will decide the guilt or innocence, /"
sd,B,but/CC then/RB they/PRP leave/VBP the/DT awards/NNS up/IN to/IN more/RBR learned/JJ people/NNS ./.,{C but } then they leave the awards up to more learned people. /
sv,B,"And/CC I/PRP think/VBP maybe/RB that/DT avoids/VBZ some/DT of/IN these/DT totally/RB ridiculous/JJ ,/, you/PRP know/VBP ,/, like/IN millions/NNS and/CC millions/NNS of/IN dollars/NNS ./.","{C And } I think maybe that avoids some of these totally ridiculous, {D you know, } {D like } millions and millions of dollars <laughter>. /"
b,A,Uh-huh/UH ./.,Uh-huh. /
b,A,Yeah/UH ./.,Yeah. /
sv,A,"That/DT ,/, that/WDT seems/VBZ to/TO make/VB sense/NN","[ That, + that ] seems to make sense /"
bf,A,"but/CC leave/VB it/PRP up/IN to/IN the/DT more/RBR experienced/JJ person/NN who/WP knows/VBZ how/WRB it/PRP fits/VBZ into/IN the/DT ,/, uh/UH ,/, kind/RB of/RB the/DT rate/NN for/IN different/JJ MUMBLEx/XX ./.","{C but } leave it up to the more experienced person who knows how it fits into the, {F uh, } kind of the rate for different (( )) . -/"
aa,B,"Oh/UH ,/, exactly/UH ./.","{F Oh, } exactly. /"
sv,B,"Each/DT individual/JJ jury/NN really/RB does/VBZ n't/RB have/VB any/DT perception/NN of/IN what/WP ,/, um/UH ,/, the/DT going/VBG ,/, you/PRP know/VBP ,/, if/IN you/PRP will/MD the/DT going/VBG ,/, uh/UH ,/, award/NN should/MD be/VB for/IN a/DT certain/JJ type/NN of/IN case/NN ,/, you/PRP know/VBP ,/, within/IN some/DT kind/NN of/IN range/NN ./.","<throat_clearing> Each individual jury really doesn't have any perception of what, {F um, } [ the going, + {D you know, } {A if you will } the going, ] {F uh, } award should be for a certain type of case, {D you know, } within some kind of range. /"
b,A,Uh-huh/UH ./.,Uh-huh. /
sd,B,When/WRB you/PRP get/VBP one/CD way/NN out/IN like/IN that/DT,When you get one way out like that <breathing> - /
sd,B,"but/CC then/RB really/RB does/VBZ n't/RB pen/VB ,/, wind/VB up/RP penalizing/VBG the/DT person/NN that/WDT they/PRP went/VBD after/RP ./.","{C but } then really doesn't [ pen-, + wind up penalizing ] the person that they went after. /"
sd,B,Who/WP it/PRP really/RB penalizes/VBZ is/VBZ their/PRP$ insurance/NN company/NN which/WDT then/RB translates/VBZ into/IN higher/JJR rates/NNS for/IN all/DT of/IN us/PRP ./.,Who it really penalizes is their insurance company which then translates into higher rates for all of us.
b,A,Right/UH ./.,Right. /
+,B,If/IN they/PRP get/VBP some/DT of/IN those/DT mega/GW awards/^NNS against/IN them/PRP ./.,If they get some of those mega awards against them. /
sv,B,"You/PRP know/VBP ,/, they/PRP 're/VBP not/RB going/VBG to/TO sit/VB there/RB and/CC lose/VB money/NN ./.","{D You know, } they're not going to sit there and lose money. /"
sd,B,"If/IN they/PRP are/VBP losing/VBG money/NN ,/, then/RB they/PRP 're/VBP going/VBG to/TO raise/VB rates/NNS ./.","If they are losing money, then they're going to raise rates. /"
b,A,Right/UH ./.,Right. /
%,A,"Th-/PRP ,/, they/PRP ha/VBP ,/,","[ Th-, + they ] ha-, -/"
sv,B,"So/RB it/PRP all/DT comes/VBZ filtering/VBG down/IN to/IN us/PRP all/DT in-/RB ,/, individually/RB ./.","{C So } it all comes filtering down to us all [ in-, + individually. ] /"
b,A,Right/UH ./.,Right. /
sv,B,"And/CC ,/, uh/UH ,/, granted/JJ some/DT people/NNS need/VBP to/TO be/VB compensated/VBN if/IN they/PRP have/VBP really/RB been/VBN wronged/VBN ,/,","{C And, } {F uh, } granted some people need to be compensated if they have really been wronged,"
qo,A,"Well/UH ,/,","{D Well, }"
+,B,you/PRP know/VBP ./.,{D you know. } /
+,A,"how/WRB do/VBP you/PRP feel/VB about/IN setting/VBG ,/, like/UH ,/, well/UH ,/, for/IN example/NN ,/, a/DT car/NN type/NN accident/NN where/WRB ,/, uh/UH ,/, or/CC some/DT incident/NN where/WRB someone/NN loses/VBZ a/DT limb/NN ./.","how do you feel about setting, {D like, } {D well, } for example, [ a car type accident where, + {F uh, } {E or } some incident where someone loses a limb. /"
qy,A,"Do/VBP you/PRP think/VB the/DT jury/NN should/MD have/VB a/DT dollar/NN figure/NN for/IN losing/VBG an/DT arm/NN ,/, a/DT dollar/NN figure/NN for/IN losing/VBG different/JJ body/NN parts/NNS ?/.","Do you think the jury should have a dollar figure for losing an arm, a dollar figure for losing different body parts? /"
no,B,I/PRP do/VBP n't/RB know/VB ./.,I don't know. /
sd,B,"You/PRP know/VBP some/DT of/IN the/DT health/NN insurance/NN is/VBZ written/VBN that/DT way/NN ./. You/PRP know/VBP ,/, that/IN ,/, uh/UH ,/, if/IN you/PRP buy/VBP an/DT accident/NN and/CC death/NN or/CC dismemberment/NN policy/NN ,/, you/PRP know/VBP ,/, it/PRP s/VBZ ,/, pre/GW specified/^VBZ in/IN the/DT policy/NN so/RB much/JJ","{D You know } some of the health insurance is written that way. {D You know, } that, {F uh, } if you buy an accident and death or dismemberment policy, {D you know, } it s-, + pre specified in the policy so much /"
sv,B,"but/CC I/PRP do/VBP n't/RB know/VB that/IN you/PRP can/MD necessarily/RB put/VB a/DT ,/, a/DT value/NN on/IN somebody/NN 's/POS limb/NN ,/,","{C but } I don't know that you can necessarily put [ a, + <throat_clearing> a ] value on somebody's limb,"
b,A,Uh-huh/UH ./.,<<Very faint>> Uh-huh. /
+,B,"uh/UH ,/, arbitrarily/RB that/WDT is/VBZ always/RB going/VBG to/TO fit/VB in/IN all/DT cases/NNS ./.","<Lipsmack> {F uh, } arbitrarily that is always going to fit in all cases. /"
sv,B,"I/PRP think/VBP maybe/RB you/PRP look/VBP at/IN ,/, uh/UH ,/, the/DT age/NN of/IN the/DT person/NN and/CC their/PRP$ station/NN in/IN life/NN and/CC ,/, and/CC ,/, uh/UH ,/, how/WRB much/RB longer/RBR they/PRP have/VBP of/IN work/NN years/NNS that/WDT they/PRP would/MD have/VB to/TO put/VB up/RP ,/, you/PRP know/VBP ,/, with/IN ,/, with/IN that/DT ./.","I think maybe you look at, {F uh, } the age of the person and their station in life [ and, + and, ] {F uh, } how much longer they have of work years that they would have to put up, {D you know, } [ with, + with ] that. /"
sv,B,I/PRP mean/VBP maybe/RB you/PRP do/VBP n't/RB award/VB an/DT eighty-five/CD year/NN old/JJ guy/NN the/DT same/JJ thing/NN that/WDT you/PRP would/MD award/VB a/DT twenty-one/CD year/NN old/JJ ./.,{E I mean } maybe you don't award an eighty-five year old guy the same thing that you would award a twenty-one year old. /
b,A,Huh/UH ./.,Huh. /
sv,B,"I/PRP ,/, I/PRP think/VBP it/PRP has/VBZ to/TO be/VB some/DT kind/NN of/IN common/JJ sense/NN applied/VBN there/RB ./.","[ I, + I ] think it has to be some kind of common sense applied there. /"
sv,B,"And/CC there/EX may/MD be/VB where/WRB the/DT judiciary/NN is/VBZ a/DT little/RB more/RBR learned/JJ about/IN that/DT type/NN of/IN thing/NN because/IN they/PRP can/MD be/VB schooled/VBN in/IN that/DT kind/NN of/IN thing/NN ,/,","{C And } there may be where the judiciary is a little more learned about that type of thing because they can be schooled in that kind of thing, /"
b,A,Uh-huh/UH ./.,Uh-huh. /
sv,B,"and/CC that/DT can/MD be/VB part/NN of/IN continuing/VBG education/NN ,/, maybe/RB for/IN judges/NNS ./.","{C and } <breathing> that can be part of continuing education, maybe for judges <laughter>. /"
b,A,Yeah/UH ./.,Yeah. /
h,B,I/PRP do/VBP n't/RB know/VB ./. ./.,I don't know. <breathing>. /
b,A,Right/UH ./.,Right. /
sd,B,"You/PRP know/VBP ,/, to/TO get/VB into/IN the/DT economics/NNS of/IN things/NNS ,/, uh/UH ,/,","{D You know, } to get into the economics of things, {F uh, } - /"
sv,B,"because/IN if/IN they/PRP wheel/VBP somebody/NN into/IN a/DT courtroom/NN and/CC the/DT jury/NN 's/POS heart/NN goes/VBZ out/IN to/IN that/DT person/NN and/CC they/PRP do/VBP one/CD of/IN these/DT mega/GW awards/^NNS ,/,","{C because } if they wheel somebody into a courtroom and the jury's heart goes out to that person and they do one of these mega awards,"
b,A,Yeah/UH ./.,Yeah. /
+,B,"it/PRP really/RB ,/, you/PRP know/VBP ,/, ultimately/RB is/VBZ not/RB penalizing/VBG the/DT person/NN that/WDT they/PRP 're/VBP trying/VBG for/IN get/VB away/RB ./.","it really, {D you know, } ultimately is not penalizing the person that they're trying for get away. /"
ba,A,That/DT 's/BES true/JJ ./.,That's true. /
sd,B,"If/IN it/PRP 's/BES a/DT company/NN ,/, you/PRP know/VBP that/WDT they/PRP 're/VBP insured/JJ ./. Unless/IN the/DT award/NN is/VBZ so/RB staggering/JJ that/IN it/PRP goes/VBZ all/DT beyond/IN their/PRP$ layers/NNS of/IN insurance/NN which/WDT is/VBZ another/DT pet/NN peeve/NN of/IN mine/PRP when/WRB they/PRP do/VBP award/VB punitive/JJ damages/NNS ,/,","If it's a company, you know that they're insured. Unless the award is so staggering that it goes all beyond their layers of insurance <breathing> which is another pet peeve of mine when they do award punitive damages, /"
b,A,Huh/UH ./.,Huh. /
sv,B,I/PRP think/VBP those/DT should/MD be/VB uninsurable/JJ ./.,I think those should be uninsurable. /
sv,B,"I/PRP think/VBP those/DT should/MD have/VB to/TO be/VB paid/VBN by/IN the/DT corporation/NN itself/PRP that/DT ,/,","I think those should have to be paid by the corporation itself [ that, +"
bf,A,"Oh/UH ,/, out/IN of/IN thei-/PRP$ ,/, r-/XX ,/,","{F Oh, } out of thei-, r-, -/"
+,B,that/WDT did/VBD the/DT damage/NN ./.,that ] did the damage. /
bf,A,"As/IN opposed/VBN to/IN the/DT corporat/JJ ,/, insurance/NN paying/VBG the/DT bills/NNS ,/,","As opposed to the [ corporat-, + insurance ] paying the bills, /"
b,B,Yeah/UH ./.,Yeah. /
x,A,MUMBLEx/XX ./.,(( )) .
b,B,Yeah/UH ./.,Yeah. /
b,A,Uh-huh/UH ./.,Uh-huh. /
%,A,"Well/UH ,/, we/PRP 're/VBP ,/,","{D Well, } we're, -/"
sd,B,"For/IN ,/, for/IN honest/JJ mistakes/NNS where/WRB they/PRP 've/VBP done/VBN something/NN and/CC ,/, and/CC something/NN happens/VBZ ./.","[ For, + for ] honest mistakes where they've done something [ and, + and ] something happens. /"
sd,B,One/CD of/IN their/PRP$ employees/NNS causes/VBZ damage/NN or/CC something/NN ./.,One of their employees causes damage or something. /
%,A,"Wh-/XX ,/,","[ [ Wh-, +"
sv,B,Sure/UH ./. That/DT 's/BES what/WP they/PRP buy/VBP insurance/NN for/IN ./.,{D Sure. } That's what they buy insurance for. /
+,A,"Who/WP ,/, who/WP","Who, ] + who ] - /"
qy,A,"do/VBP they/PRP get/VB ,/, they/PRP get/VBP insured/VBN ,/, they/PRP get/VBP insured/VBN from/IN other/JJ insurance/NN companies/NNS","do [ [ they get, + they get insured, ] + they get insured ] from other insurance companies /"
qw,A,or/CC how/WRB does/VBZ that/DT work/VB ?/.,{C or } how does that work? /
sd,B,"Well/UH ,/, I/PRP was/VBD just/RB talking/VBG about/IN any/DT company/NN ./.","{D Well, } I was just talking about any company. /"
ad,B,"Uh/UH ,/,","{F Uh, }"
bk,A,"Oh/UH ,/, okay/UH ,/,","{F Oh, } okay, /"
bf,A,"you/PRP 're/VBP talking/VBG about/IN corpor-/NNS ,/,","your talking about corpor-, -/"
+,B,let/VB 's/PRP just/RB say/VB a/DT lumber/NN manufacturing/NN company/NN,let's just say a lumber manufacturing company /
sd,B,"and/CC ,/,","{C and, }"
b,A,Sure/UH ./.,Sure. /
+,B,"uh/UH ,/, somebody/NN is/VBZ on/IN the/DT premises/NNS","{F uh, } somebody is on the premises /"
sd,B,and/CC one/CD of/IN the/DT employees/NNS actually/RB is/VBZ driving/VBG by/IN with/IN a/DT forklift/NN,{C and } one of the employees actually is driving by with a forklift /
sd,B,and/CC he/PRP pushes/VBZ the/DT wrong/JJ button/NN,{C and } he pushes the wrong button /
sd,B,and/CC he/PRP drops/VBZ a/DT load/NN of/IN lumber/NN on/IN somebody/NN,{C and } he drops a load of lumber on somebody /
sd,B,"and/CC it/PRP injures/VBZ ,/,","{C and } it injures,"
b,A,Okay/UH ./.,Okay. /
+,B,them/PRP ./.,them. /
%,A,"Well/UH ,/,","{D Well, } -/"
sv,B,Sure/UH ./.,Sure. /
sv,B,Insurance/NN should/MD pay/VB for/IN that/DT ./.,Insurance should pay for that. /
sv,A,"But/CC in/IN some/DT instances/NNS you/PRP 're/VBP going/VBG to/TO put/VB companies/NNS out/IN of/IN business/NN by/IN taking/VBG that/DT stance/NN ,/, if/IN they/PRP have/VBP to/TO take/VB it/PRP out/IN of/IN their/PRP$ own/JJ retained/JJ earnings/NNS ./.","{C But } in some instances you're going to put companies out of business by taking that stance, if they have to take it out of their own retained earnings. /"
ar,B,Well/UH I/PRP 'm/VBP not/RB talking/VBG about/IN any/DT loss/NN ./.,{D Well } I'm not talking about any loss. /
sd,B,"I/PRP was/VBD talking/VBG about/IN only/JJ losses/NNS that/WDT are/VBP judged/VBN for/IN a/DT punitive/JJ damage/NN which/WDT is/VBZ another/DT category/NN of/IN ,/, the/DT juries/NNS are/VBP awarding/VBG damages/NNS these/DT days/NNS based/VBN on/IN the/DT person/NN 's/POS actual/JJ injuries/NNS and/CC what/WP they/PRP are/VBP due/JJ ./.","I was talking about only losses that are judged for a punitive damage which is another category of, the juries are awarding damages these days based on the person's actual injuries and what they are due. /"
sd,B,"And/CC then/RB they/PRP are/VBP awarding/VBG a/DT second/JJ amount/NN as/IN punishment/NN to/IN the/DT company/NN which/WDT is/VBZ a/DT l-/RB ,/, usually/RB a/DT lot/RB less/JJR ./.","{C And then } they are awarding a second amount as punishment to the company which is [ a l-, + usually a lot ] less. /"
sd,B,"But/CC it/PRP 's/BES an/DT ,/, an/DT amount/NN they/PRP 're/VBP ,/, designed/VBN to/TO sting/VB them/PRP a/DT little/JJ for/IN their/PRP$ ,/,","{C But } it's [ an, + an ] amount they're, designed to sting them a little [ for their,"
%,A,"That/DT ,/,","That, -/"
+,B,negligence/NN ./.,negligence. +
%,A,"For/IN ,/, oh/UH ,/, th-/XX ,/,","For, {F oh, } th-, -/"
+,B,For/IN gross/JJ wanton/JJ negligence/NN in/IN a/DT claim/NN ./.,For gross wanton negligence ] in a claim. /
b,A,Uh-huh/UH ./.,Uh-huh. /
%,B,"And/CC unfortunately/RB the/DT ch-/XX ,/, the/DT ,/,","{C And } unfortunately [ the ch-, + the, ] - /"
sd,B,lately/RB the/DT courts/NNS have/VBP been/VBN deciding/VBG that/IN those/DT could/MD be/VB paid/VBN for/IN by/IN insurance/NN too/RB ./.,lately the courts have been deciding that those could be paid for by insurance too. /
b,A,Uh-huh/UH ./.,Uh-huh. /
sv,B,"So/RB again/RB ,/, it/PRP never/RB really/RB penalizes/VBZ ,/,","{C So } again, it never really penalizes,"
b,A,Right/UH ./.,Right. /
%,A,"That/DT will/MD ,/,","That will, -/"
+,B,the/DT company/NN doing/VBG the/DT wrong/NN ./.,the company doing the wrong. /
sd,B,They/PRP can/MD go/VB right/RB on/RP doing/VBG the/DT same/JJ old/JJ thing/NN they/PRP always/RB used/VBD to/TO ./.,They can go right on doing the same old thing they always used to. /
%,A,Huh/UH ./.,{F Huh. } /
sv,B,"And/CC if/IN ,/, if/IN they/PRP know/VBP some/DT practice/NN is/VBZ wrong/JJ ,/, you/PRP know/VBP ,/,","{C And } [ if, + if ] they know some practice is wrong, {D you know, } - /"
sd,B,"I/PRP 'm/VBP not/RB talking/VBG about/IN your/PRP$ isolated/JJ occurrences/NNS ,/,","I'm not talking about your isolated occurrences, /"
sd,B,"I/PRP 'm/VBP talking/VBG more/RBR about/IN the/DT ,/, you/PRP know/VBP ,/, the/DT thing/NN that/WDT they/PRP know/VBP ,/,","I'm talking more about [ the, + {D you know, } the ] thing that they know, /"
sv,B,maybe/RB they/PRP 're/VBP willfully/RB manufacturing/VBG something/NN that/WDT they/PRP know/VBP is/VBZ hurting/VBG people/NNS out/IN there/RB,maybe they're willfully manufacturing something that they know is hurting people out there /
sv,B,and/CC they/PRP continue/VBP to/TO do/VB it/PRP even/RB after/IN they/PRP become/VBP aware/JJ --/:,{C and } they continue to do it even after they become aware --
b,A,Sure/UH ./.,Sure. /
+,B,--/: of/IN that/DT ./.,-- of that. /
b,A,Okay/UH ./.,Okay. /
sv,B,Then/RB I/PRP think/VBP they/PRP ought/MD to/TO have/VB to/TO pay/VB something/NN out/IN of/IN their/PRP$ own/JJ pocket/NN ./.,Then I think they ought to have to pay something out of their own pocket. /
