act_tag,speaker,pos,text
"fo_o_fw_""_by_bc",A,Okay/UH ./.,Okay. /
qw,A,"Where/WRB ,/, where/WRB are/VBP you/PRP from/IN ?/.","[ Where, + where ] are you from? /"
sd,B,"Um/UH ,/, just/RB here/RB in/IN Dallas/NNP ./.","{F Um, } just here in Dallas. /"
bk,A,"Oh/UH ,/, okay/UH --/:","{F Oh, } okay -- /"
b,B,Uh-huh/UH ./.,Uh-huh. /
sd,A,"--/: because/IN I/PRP ,/, uh/UH ,/, I/PRP talked/VBD to/IN a/DT professor/NN in/IN ,/, uh/UH ,/, what/WP was/VBD it/PRP ,/, North/NNP Carolina/NNP ,/, who/WP got/VBD the/DT ,/, the/DT T/NNP I/NNP system/NN ,/,","-- because [ I, + {F uh, } I ] talked to a professor in, {F uh, } what was it, North Carolina, who got [ the, + the ] T I system, /"
sd,A,and/CC he/PRP gave/VBD to/IN all/DT his/PRP$ students/NNS ./.,{C and } he gave to all his students. /
sd,A,"So/RB ,/, my/PRP$ daughter/NN 's/HVS even/RB talked/VBN to/IN ,/,","{C So, } my daughter's even talked to, - /"
sd,A,and/CC I/PRP 've/VBP talked/VBN to/IN several/JJ people/NNS from/IN North/NNP Carolina/NNP ./.,{C and } I've talked to several people from North Carolina. /
sd,A,I/PRP was/VBD just/RB curious/JJ ./.,I was just curious. /
%,B,"That/DT 's/BES ,/,","That's, - /"
b,B,"yes/UH ,/,","yes, /"
b,B,"yes/UH ,/,","yes, /"
ba,B,that/DT 's/BES true/JJ ./.,that's true. /
sd,B,I/PRP 've/VBP --/:,I've --
qy,A,"Have/VBP you/PRP ,/,","Have you,"
+,B,"--/: talked/VBN ,/,","-- talked, -/"
+,A,too/RB ?/.,too? /
ny,B,Uh-huh/UH ./.,Uh-huh. /
qy,B,"People/NNS from/IN Virginia/NNP and/CC ,/, and/CC all/RB over/RB ./. Yeah/UH ./.","People from Virginia [ and, + and ] all over. Yeah. /"
%,A,Yeah/UH ./.,Yeah. /
sd,A,"I/PRP talked/VBD to/IN the/DT professor/NN ,/,","I talked to the professor, /"
sd,A,"and/CC I/PRP asked/VBD him/PRP about/IN it/PRP ,/,","{C and } I asked him about it, /"
sd,A,"and/CC he/PRP said/VBD ,/, Oh/UH ,/, he/PRP says/VBZ ,/, I/PRP think/VBP I/PRP 'm/VBP the/DT guy/NN that/WDT ,/, actually/RB ,/, uh/UH ,/, gave/VBD it/PRP to/IN all/DT my/PRP$ students/NNS ./.","{C and } [ he said, + {F Oh, } he says, ] I think I'm the guy that, {D actually, } {F uh, } gave it to all my students. /"
x,B,,<Laughter>.
sd,A,So/RB that/DT 's/BES why/WRB so/RB many/JJ people/NNS are/VBP from/IN this/DT college/NN ./.,{C So } that's why so many people are from this college. /
ad,A,"Go/VB ,/,","Go,"
b,B,Uh-huh/UH ./.,Uh-huh. /
+,A,"ahead/RB ,/,","ahead, /"
ad,A,"you/PRP ,/, you/PRP first/JJ ,/, Eve/NNP ./.","[ you, + you ] first, (( Eve )) . /"
aa,B,"Oh/UH ,/, okay/UH ./.","{F Oh, } okay. /"
sd,B,"Um/UH ,/, well/UH the/DT subject/NN we/PRP 're/VBP supposed/VBN to/TO be/VB talking/VBG about/IN ,/, let/NN 's/PRP see/VB ,/, is/VBZ ,/, uh/UH ,/, food/NN ./.","{F Um, } {D well } the subject we're supposed to be talking about, let's see, is, {F uh, } food. /"
b,A,Food/NN ./.,Food. /
qw,B,What/WDT type/NN of/IN foods/NNS do/VBP you/PRP cook/VB,What type of foods do you cook /
qw,B,"and/CC what/WDT would/MD you/PRP ,/, uh/UH ,/, cook/VB in/IN ,/, uh/UH ,/, uh/UH ,/, let/VB 's/PRP see/VB ,/, if/IN you/PRP were/VBD giving/VBG a/DT dinner/NN party/NN ?/.","{C and } what would you, {F uh, } cook [ in, + ] {F uh, } {F uh, } let's see, if you were giving a dinner party? /"
sd,B,"And/CC the/DT only/JJ reason/NN why/WRB I/PRP may/MD know/VB a/DT little/JJ bit/NN about/IN this/DT ,/, is/VBZ that/IN I/PRP 'm/VBP planning/VBG on/IN having/VBG a/DT barbecue/NN pretty/RB soon/RB ./.","{C And } the only reason why I may know a little bit about this, is that I'm planning on having a barbecue pretty soon. /"
ba,A,"Oh/UH ,/, great/UH ./.","{F Oh, } great. /"
sd,B,"And/CC to/IN me/PRP ,/, that/DT 's/BES the/DT type/NN of/IN thing/NN that/WDT I/PRP like/VBP to/TO give/VB in/IN ,/, um/UH ,/, uh/UH ,/, cooking/VBG for/IN people/NNS ./.","{C And } to me, that's the type of thing that I like to give in, {F um, } {F uh, } cooking for people. /"
sv,B,"And/CC ,/, uh/UH ,/, if/IN he/PRP 's/BES cooking/VBG outside/RB where/WRB it/PRP 's/BES cooler/JJR and/CC ,/, uh/UH ,/, you/PRP do/VBP n't/RB have/VB to/TO do/VB all/RB that/RB much/JJ work/NN ./. You/PRP know/VBP ,/, you/PRP just/RB ,/, uh/UH ,/, slap/VBP on/IN some/DT food/NN and/CC slap/VBP on/IN some/DT barbecue/NN sauce/NN and/CC away/RB you/PRP go/VBP ./.","{C And, } {F uh, } if he's cooking outside where it's cooler and, {F uh, } you don't have to do all that much work. {D You know, } you just, {F uh, } slap on some food and slap on some barbecue sauce <laughter> and away you go. /"
b,A,Yeah/UH ./.,Yeah. /
sd,A,"We/PRP have/VBP them/PRP too/RB ,/,","We have them too, /"
^h,A,"and/CC I/PRP ,/, I/PRP 'm/VBP trying/VBG to/TO think/VB which/WDT is/VBZ the/DT ,/, best/JJS ,/, uh/UH ,/, that/WDT I/PRP prefer/VBP ./.","{C and } [ I, + I'm ] trying to think which is the, best, {F uh, } that I prefer. /"
sd,A,"Uh/UH ,/, my/PRP$ wife/NN ,/, uh/UH ,/, does/VBZ n't/RB like/VB to/TO have/VB all/PDT that/DT work/NN on/IN the/DT very/JJ day/NN that/WDT you/PRP 're/VBP doing/VBG it/PRP ,/, uh/UH ,/,","{F Uh, } my wife, {F uh, } doesn't like to have all that work on the very day that you're doing it, {F uh, } /"
sd,A,"and/CC we/PRP have/VBP n't/RB catered/VBN out/RP very/RB much/RB ,/, uh/UH ,/,","{C and } we haven't catered out very much, {F uh, } /"
sd,A,"we/PRP ,/, I/PRP always/RB worry/VBP about/IN the/DT barbecue/NN in/IN that/DT you/PRP have/VBP to/TO be/VB ,/,","[ we, + I ] always worry about the barbecue in that you have to be, - /"
sd,A,"the/DT man/NN always/RB gets/VBZ that/DT chore/NN ,/,","the man always gets that chore, /"
sd,A,"and/CC you/PRP ,/,","{C and } you,"
x,B,,<Laughter>.
+,A,have/VBP to/TO make/VB it/PRP perfect/JJ ./.,have to make it perfect. /
sd,A,"Uh/UH ,/, I/PRP 've/VBP made/VBN shish/NN kabob/NN ,/, which/WDT I/PRP like/VBP ./.","{F Uh, } I've made shish kabob, which I like. /"
sd,A,It/PRP 's/BES fairly/RB easy/JJ and/CC fast/JJ ./.,It's fairly easy and fast. /
b,B,Uh-huh/UH ./.,Uh-huh. /
%,A,"Uh/UH ,/, where-/XX ,/,","{F Uh, } where-, - /"
sd,A,I/PRP guess/VBP I/PRP 'm/VBP thinking/VBG of/IN the/DT easy/JJ thing/NN to/TO do/VB --/:,I guess I'm thinking of the easy thing to do --
b,B,Uh-huh/UH ./.,Uh-huh. /
+,A,"--/: for/IN ,/, for/IN having/VBG ,/, uh/UH ,/, uh/UH ,/, dinner/NN ./.","-- [ for, + for ] having, {F uh, } {F uh, } dinner. /"
b,B,Uh-huh/UH ./.,Uh-huh. /
sd,A,"I/PRP do/VBP cook/VB ,/,","I do cook, /"
%,A,"but/CC not/RB ,/,","{C but } not, - /"
sd,A,I/PRP 'm/VBP mostly/RB the/DT easy/JJ cooker/NN ./.,I'm mostly the easy cooker. /
sd,A,"You/PRP know/VBP ,/, the/DT breakfasts/NNS and/CC ,/,","{D You know, } the breakfasts [ and, +"
b,B,Yes/UH ./.,Yes. /
+,A,"and/CC the/DT steaks/NNS ,/, uh/UH ./.","and ] the steaks, {F uh. } /"
x,B,,<Laughter>.
sd,A,"Although/IN I/PRP would/MD like/VB to/TO experiment/VB with/IN ,/, uh/UH ,/, the/DT meals/NNS my/PRP$ mother/NN made/VBD ,/, you/PRP know/VBP ./.","Although I would like to experiment with, {F uh, } the meals my mother made, {D you know. }"
b,B,Uh-huh/UH ./.,Uh-huh. /
+,A,"So/RB to/TO speak/VB ,/,","So to speak, /"
sd,A,"and/CC I/PRP have/VBP n't/RB gotten/VBN around/RP to/IN that/DT yet/RB ,/, uh/UH ,/,","{C and } I haven't gotten around to that yet, {F uh, } /"
qw,B,What/WDT kind/NN of/IN meals/NNS did/VBD she/PRP make/VB that/WDT you/PRP liked/VBD ?/.,What kind of meals did she make that you liked? /
sd,A,"Well/UH ,/, she/PRP was/VBD Polish/JJ","{D Well, } she was Polish /"
sd,A,"and/CC ,/, uh/UH ,/, she/PRP would/MD make/VB very/RB economical/JJ ra-/XX ,/, meals/NNS ./.","{C and, } {F uh, } she would make very economical [ ra-, + ] meals. /"
sd,A,We/PRP were/VBD very/RB poor/JJ ./.,We were very poor. /
b,B,Uh-huh/UH ./.,Uh-huh. /
sd,A,"Different/JJ rice/NN and/CC ham/NN and/CC things/NNS that/WDT ,/, uh/UH ,/,","Different rice and ham and things that, {F uh, } /"
sd,A,she/PRP would/MD throw/VB things/NNS together/RB --/:,she would throw things together --
b,B,Uh-huh/UH ./.,Uh-huh. /
+,A,--/: and/CC galunkies/NNS and/CC all/PDT that/DT ./.,-- and (( galunkies )) and all that. /
sd,A,"And/CC ,/, uh/UH ,/, I/PRP would/MD like/VB to/TO try/VB that/DT one/CD day/NN ./.","{C And, } {F uh, } I would like to try that one day. /"
sd,A,"And/CC she/PRP would/MD make/VB spaghetti/NNS with/IN pork/NN chops/NNS and/CC ,/, and/CC special/JJ meat/NN balls/NNS and/CC everything/NN ./.","{C And } she would make spaghetti with pork chops [ and, + and ] special meat balls and everything. /"
sd,A,"And/CC my/PRP$ wife/NN ,/,","{C And } my wife,"
b,B,Huh/UH ./.,{F Huh. } /
+,A,"of/IN course/NN ,/, thinks/VBZ I/PRP 'm/VBP crazy/JJ ,/, which/WDT I/PRP may/MD be/VB too/RB","of course, thinks I'm crazy, which I may be too /"
%,A,"but/CC ,/,","{C but, } -/"
b,B,No/UH ./.,No. /
x,A,,<Laughter>.
ba,B,"Sounds/VBZ interesting/JJ ,/, uh-huh/UH ./.","Sounds interesting, uh-huh. /"
b,A,Yeah/UH ./.,Yeah. /
b,B,"Yeah/UH ,/,","Yeah, /"
ba,B,that/DT 's/BES great/JJ ./.,that's great. /
sv,A,"But/CC dinner/NN parties/NNS are/VBP a/DT lot/NN of/IN work/NN ,/, uh/UH ,/,","{C But } dinner parties are a lot of work, {F uh, } /"
b,B,"Yeah/UH ,/,","Yeah, /"
b,B,yeah/UH ./.,yeah. /
sd,B,"But/CC ,/, uh/UH ,/, that/DT 's/BES ,/, that/DT 's/BES why/WRB I/PRP like/VBP the/DT ,/, the/DT outdoor/JJ stuff/NN a/DT ,/,","{C But, } {F uh, } [ that's, + that's ] why I like [ the, + the ] outdoor stuff [ a, +"
b,A,Yeah/UH ./.,Yeah. /
+,B,a/DT lot/NN better/RBR ./.,a ] lot better. /
sd,B,"People/NNS can/MD entertain/VB themselves/PRP ,/, I/PRP think/VBP ,/, a/DT great/JJ deal/NN more/JJR ,/, uh/UH ,/, when/WRB you/PRP have/VBP a/DT barbecue/NN ./. Especially/RB when/WRB you/PRP have/VBP hot/JJ dogs/NNS and/CC hamburgers/NNS and/CC ,/,","People can entertain themselves, I think, a great deal more, {F uh, } when you have a barbecue. Especially when you have hot dogs and hamburgers and,"
b,A,Yeah/UH ./.,Yeah. /
+,B,"uh/UH ,/, you/PRP know/VBP ,/, nothing/NN really/RB fancy/JJ ,/, like/IN your/PRP$ ,/, your/PRP$ shish/NN kabobs/NNS ,/, where/WRB you/PRP have/VBP to/TO do/VB a/DT whole/JJ bunch/NN of/IN work/NN ./.","{F uh, } {D you know, } nothing really fancy, like [ your, + your ] shish kabobs, where you have to do a whole bunch of work. /"
b,A,Yeah/UH ./.,Yeah. /
%,A,"Well/UH ,/, that/DT ,/, that/DT ,/,","{D Well, } [ that, + that, ] - /"
sd,A,"shish/NN kabob/NN is/VBZ ,/, uh/UH ,/, just/RB because/IN it/PRP only/RB takes/VBZ a/DT few/JJ minutes/NNS to/TO cook/VB ,/, you/PRP know/VBP ,/,","shish kabob is, {F uh, } just because it only takes a few minutes to cook, {D you know, } /"
b,B,Uh-huh/UH ./.,Uh-huh. /
sd,A,"you/PRP get/VBP it/PRP ready/JJ ,/,","you get it ready, /"
sv,A,"you/PRP have/VBP to/TO do/VB a/DT lot/NN of/IN work/NN beforehand/RB ,/, I/PRP agree/VBP ,/, and/CC buy/VB special/JJ stuff/NN ./.","you have to do a lot of work beforehand, I agree, and buy special stuff. /"
sv,A,"But/CC ,/, uh/UH ,/, so/RB far/RB as/IN getting/VBG out/IN there/RB and/CC ,/, and/CC putting/VBG it/PRP on/IN ,/, it/PRP only/RB takes/VBZ a/DT litt-/XX ,/, a/DT few/JJ minutes/NNS ,/, uh/UH ./.","{C But, } {F uh, } {C so } far as getting out there [ and, + and ] putting it on, it only takes [ a litt-, + a ] few minutes, {F uh. } /"
b,B,Right/UH ./.,Right. /
sd,A,"But/CC anyway/UH ,/, I/PRP 'm/VBP ,/, I/PRP 'm/VBP thinking/VBG of/IN the/DT easy/JJ way/NN ,/, rather/IN than/IN ,/,","{C But } {D anyway, } [ I'm, + I'm ] thinking of the easy way, rather than,"
x,B,,<Laughter>.
+,A,"my/PRP$ guests/NNS ,/, I/PRP guess/VBP ,/,","my guests, I guess, /"
%,A,"but/CC ,/, uh/UH ,/,","{C but, } {F uh, } -/"
b,B,"Yeah/UH ,/,","Yeah, /"
b,B,yeah/UH ./.,yeah. /
sv,B,"Well/UH ,/, I/PRP ,/, I/PRP think/VBP you/PRP do/VBP ,/, do/VB a/DT lot/NN of/IN work/NN ./.","{D Well, } [ I, + I ] think you [ do, + do ] a lot of work. /"
sv,B,"Even/RB if/IN people/NNS do/VBP bring/VB over/RB things/NNS ,/, you/PRP still/RB do/VBP ,/, uh/UH ,/, all/PDT the/DT ,/, uh/UH ,/,","Even if people do bring over things, you still do, {F uh, } all the, {F uh, }"
b,A,Right/UH ./.,Right. /
+,B,"housework/NN and/CC get/VB ev-/NN ,/, everything/NN prepared/JJ and/CC utensils/NNS and/CC just/RB ,/, just/RB everything/NN ./.","housework and get [ ev-, + everything ] prepared and utensils and [ just, + just ] everything. /"
b,A,Right/UH ./.,Right. /
sd,B,"Uh/UH ,/, you/PRP know/VBP ,/, my/PRP$ mother/NN used/VBD to/TO make/VB an/DT Armenian/JJ rice/NN dish/NN ./.","{F Uh, } {D you know, } my mother used to make an Armenian rice dish. /"
b,A,"Uh-huh/UH ,/,","Uh-huh, /"
b,A,yeah/UH ./.,yeah. /
sd,B,"I/PRP 'm/VBP thinking/VBG about/IN ,/, uh/UH ,/, special/JJ dishes/NNS ,/,","I'm thinking about, {F uh, } special dishes, /"
%,B,"and/CC ,/, uh/UH ,/, yeah/UH ,/,","{C and, } {F uh, } yeah, /"
sd,B,"it/PRP was/VBD made/VBN out/IN of/IN rice/NN and/CC consume/NN soup/NN ,/, uh/UH ,/, and/CC bacon/NN and/CC onions/NNS ./.","it was made out of rice and consume soup, {F uh, } and bacon and onions. /"
b,A,"Oh/UH ,/, yeah/UH ./.","{F Oh, } yeah. /"
sd,B,And/CC then/RB you/PRP 'd/MD simmer/VB it/PRP like/IN all/DT day/NN long/JJ ./.,{C And then } you'd simmer it {D like } all day long. /
b,A,Right/UH ./.,Right. /
%,B,"Oh/UH it/PRP would/MD ,/,","{F Oh } it would, -/"
^2,A,"You/PRP 'd/MD get/VB the/DT odor/NN of/IN it/PRP ,/, yeah/UH ./.","You'd get the odor of it, yeah. /"
aa,B,Yeah/UH ./.,Yeah. /
sd,B,"And/CC it/PRP was/VBD just/RB ,/, it/PRP was/VBD just/RB wonderful/JJ ./.","{C And } [ it was just, + it was just ] wonderful. /"
sd,B,"That/DT 's/BES ,/, that/DT 's/BES something/NN that/WDT I/PRP would/MD really/RB like/VB to/TO ,/, uh/UH ,/, to/TO try/VB and/CC find/VB the/DT recipe/NN for/IN ./.","[ That's, + that's ] something that I would really like [ to, + {F uh, } to ] try and find the recipe for. /"
sd,B,But/CC we/PRP used/VBD to/TO have/VB that/DT at/IN Thanksgiving/NNP time/NN ./.,{C But } we used to have that at Thanksgiving time.
b,A,"Uh-huh/UH ,/,","Uh-huh, /"
b,A,yes/UH ./.,yes. /
+,B,"Because/IN you/PRP can/MD ,/, you/PRP can/MD put/VB it/PRP on/IN top/NN of/IN the/DT stove/NN ,/, and/CC do/VB this/DT ,/,","Because [ you can, + you can ] put it on top of the stove, and do this, /"
sd,B,"and/CC ,/, and/CC there/EX 's/BES so/RB much/JJ broth/NN and/CC juice/NN in/IN there/RB ,/,","[ {C and, } + {C and } ] there's so much broth and juice in there,"
ba,A,"Oh/UH ,/, great/UH ./.","{F Oh, } great. /"
+,B,"that/IN it/PRP has/VBZ to/TO ,/, uh/UH ,/, soak/VB up/RP into/IN the/DT rice/NN ,/, all/DT day/NN long/JJ ,/, in/IN order/NN for/IN it/PRP to/TO ,/, uh/UH ,/, uh/UH ,/, to/TO come/VB out/RP fluffy/JJ and/CC ,/, and/CC nice/JJ ./.","that it has to, {F uh, } soak up into the rice, all day long, in order for it [ to, + {F uh, } {F uh, } to ] come out fluffy [ and, + and ] nice. /"
sd,B,"And/CC that/DT was/VBD ,/, you/PRP know/VBP ,/,","{C And } that was, {D you know, } - /"
sd,B,"when/WRB you/PRP were/VBD talking/VBG about/IN the/DT ,/, the/DT Polish/JJ dishes/NNS ,/, uh/UH ,/, some/DT goulashes/NNS and/CC things/NNS like/IN that/DT ./.","when you were talking about [ the, + the ] Polish dishes, {F uh, } some goulashes and things like that. /"
sd,B,"That/DT 's/BES ,/, uh/UH ,/, that/DT 's/BES what/WP I/PRP thought/VBD about/IN ,/, was/VBD that/DT Armenian/JJ rice/NN dish/NN ./.","[ That's, + {F uh, } that's ] what I thought about, was that Armenian rice dish. /"
ba,A,"Oh/UH ,/, yes/UH ,/,","{F Oh, } yes, /"
sv,A,we/PRP probably/RB ought/MD to/TO try/VB this/DT ./.,we probably ought to try this. /
sv,A,But/CC it/PRP probably/RB will/MD never/RB taste/VB as/RB good/JJ as/IN we/PRP remembered/VBD ./.,{C But } it probably will never taste as good as we remembered. /
x,B,,<Laughter>.
sv,A,"I/PRP guess/VBP it/PRP gets/VBZ better/JJR and/CC better/JJR as/IN we/PRP remember/VBP it/PRP ,/,","I guess it gets better and better as we remember it,"
ba,B,That/DT 's/BES true/JJ ./.,That's true. /
+,A,"back/RB ,/, as/IN we/PRP get/VBP older/JJR ,/, you/PRP know/VBP ./.","back, as we get older, {D you know. } /"
sv,A,But/CC --/:,{C But } --
ba,B,That/DT 's/BES true/JJ ./.,That's true. /
+,A,"--/: we/PRP probably/RB should/MD try/VB it/PRP ,/, uh/UH ,/, to/TO do/VB that/DT ./.","-- we probably should try it, {F uh, } to do that. /"
sv,A,"The/DT recipes/NNS are/VBP really/RB interesting/JJ ,/, you/PRP know/VBP ./.","The recipes are really interesting, {D you know. } /"
sv,A,We/PRP 're/VBP probably/RB going/VBG to/TO lose/VB them/PRP,We're probably going to lose them /
sv,A,"and/CC we/PRP 'll/MD probably/RB forget/VB all/RB about/IN them/PRP ,/, you/PRP know/VBP ./.","{C and } we'll probably forget all about them, {D you know. } /"
b,B,Uh-huh/UH ./.,Uh-huh. /
sv,A,"Since/IN we/PRP 're/VBP trying/VBG to/TO make/VB everything/NN so/RB sim/JJ ,/,","Since we're trying to make everything so sim-, - /"
sd,A,"here/RB I/PRP am/VBP talk/VB about/IN trying/VBG to/TO make/VB everything/NN easy/JJ ,/, you/PRP know/VBP ./.","here I am talk about trying to make everything easy, {D you know. } /"
b,B,"Right/UH ,/,","Right, /"
b,B,right/UH ./.,right. /
%,A,"I/PRP ,/, uh/UH ,/,","I, {F uh, } - /"
sd,A,"you/PRP talked/VBD about/IN Thanksgiving/NNP ,/, there/EX are/VBP interesting/JJ meals/NNS at/IN different/JJ times/NNS ./.","you talked about Thanksgiving, there are interesting meals at different times. /"
%,A,"Uh/UH ,/, something/NN ,/, s-/XX ,/,","{F Uh, } something, s-, - /"
sd,A,"my/PRP$ wife/NN 's/BES from/IN Texas/NNP ,/,","my wife's from Texas, /"
sd,A,"so/RB ,/, uh/UH ,/, I/PRP remember/VBP we/PRP were/VBD first/RB married/VBN","{C so, } {F uh, } I remember we were first married /"
sd,A,and/CC we/PRP were/VBD living/VBG in/IN New/NNP Jersey/NNP ./.,{C and } we were living in New Jersey. /
sd,A,"And/CC ,/, uh/UH ,/, we/PRP were/VBD going/VBG over/IN to/IN my/PRP$ mother/NN 's/POS house/NN for/IN Christmas/NNP ,/, you/PRP know/VBP ,/, to/TO have/VB a/DT meal/NN ./.","{C And, } {F uh, } we were going over to my mother's house for Christmas, {D you know, } to have a meal. /"
b,B,Uh-huh/UH ./.,Uh-huh. /
sd,A,"And/CC we/PRP were/VBD on/IN the/DT way/NN over/RB ,/,","{C And } we were on the way over, - /"
sd,A,"we/PRP were/VBD just/RB married/VBN that/DT very/JJ year/NN ,/,","we were just married that very year, /"
sd,A,"and/CC she/PRP said/VBD ,/, Oh/UH ,/, I/PRP 'm/VBP looking/VBG forward/RB to/IN a/DT nice/JJ turkey/NN ./.","{C and } she said, {F Oh, } I'm looking forward to a nice turkey. /"
sd,A,"I/PRP said/VBD ,/, Turkey/NN ?/.","I said, Turkey? /"
x,B,,<Laughter>.
sd,A,"I/PRP said/VBD ,/, We/PRP do/VBP n't/RB have/VB turkey/NN at/IN Christmas/NNP ./.","I said, We don't have turkey at Christmas <laughter>. /"
b,B,Oh/UH ./.,Oh. /
sd,A,"I/PRP said/VBD ,/, We/PRP only/RB have/VBP turkey/NN on/IN Thanksgiving/NNP ./.","I said, We only have turkey on Thanksgiving. /"
sd,A,"I/PRP said/VBD ,/, We/PRP 're/VBP going/VBG to/TO have/VB a/DT ham/NN ./.","I said, We're going to have a ham. /"
b,B,Uh-huh/UH ./.,Uh-huh. /
sd,A,"She/PRP said/VBD ,/, What/WP ?/.","She said, What? /"
ba,B,Yeah/UH !/.,Yeah! /
sd,A,"I/PRP said/VBD ,/, Yeah/UH ./.","I said, Yeah. /"
sd,A,"I/PRP said/VBD ,/, No/UH ,/, turkey/NN is/VBZ only/RB for/IN Thanksgiving/NNP ./.","I said, No, turkey is only for Thanksgiving. /"
sd,A,"And/CC because/IN she/PRP had/VBD turkey/NN a/DT lot/NN ,/, you/PRP know/VBP ./.","{C And } {C because } she had turkey a lot, {D you know. } /"
b,B,Uh-huh/UH ./.,Uh-huh. /
sd,A,"And/CC ,/, uh/UH ,/, that/DT was/VBD surprising/JJ in/IN the/DT ,/, in/IN the/DT east/NN ,/, uh/UH ,/,","{C And, } {F uh, } that was surprising [ in the, + in the ] east, {F uh, } /"
sd,A,"we/PRP always/RB had/VBD ham/NN ,/, you/PRP know/VBP ./.","we always had ham, {D you know. } /"
b,B,"Right/UH ,/,","Right, /"
b,B,right/UH ./.,right. /
%,A,"A-/CC ,/,","A-, - /"
%,A,"and/CC ,/, and/CC that/DT 's/BES one/CD thing/NN als-/CC ,/,","[ {C and, } + {C and } ] that's one thing als-, - /"
sd,A,"that/DT 's/BES another/DT recipe/NN ,/, I/PRP guess/VBP ,/, we/PRP could/MD talk/VB about/IN ./.","that's another recipe, I guess, we could talk about. /"
sv,A,"Now/UH the/DT hams/NNS just/RB kind/RB of/RB ,/, you/PRP know/VBP ,/, go/VBP take/VB it/PRP out/IN of/IN a/DT can/NN or/CC ,/, uh/UH ,/, uh/UH ,/, a/DT package/NN ,/, sliced/JJ ,/, uh/UH ,/,","{D Now } the hams just kind of, {D you know, } go take it out of a can or, {F uh, } {F uh, } a package, sliced, {F uh, } /"
sd,A,"the/DT cans/NNS were/VBD cooked/VBN for/IN hours/NNS and/CC hours/NNS and/CC ,/, and/CC --/:","the cans were cooked for hours and hours [ and, + and ] --"
b,B,Uh-huh/UH ./.,Uh-huh. /
+,A,"--/: were/VBD just/RB wonderful/JJ ,/, you/PRP know/VBP ./.","-- were just wonderful, {D you know. } /"
b,B,Uh-huh/UH ./.,Uh-huh. /
sd,A,"I/PRP ,/, I/PRP 'd/MD like/VB to/TO try/VB that/DT too/RB ./.","[ I, + I'd ] like to try that too. /"
b,B,Yeah/UH ./.,Yeah. /
sd,B,"You/PRP know/VBP what/WP I/PRP found/VBD was/VBD ,/, at/IN Sam/NNP 's/POS ,/, uh/UH ,/, Wholesale/NNP --/:","You know what I found was, at Sam's, {F uh, } Wholesale --"
b,A,Yeah/UH ./.,Yeah. /
+,B,"--/: uh/UH ,/, stores/NNS ./.","-- {F uh, } stores. /"
sd,B,"And/CC ,/, uh/UH ,/, what/WP they/PRP have/VBP is/VBZ this/DT honey/NN baked/VBN ham/NN ,/,","{C And, } {F uh, } what they have is this honey baked ham, /"
b,A,"Oh/UH ,/, yeah/UH ,/,","{F Oh, } yeah, /"
sd,A,I/PRP saw/VBD them/PRP ./.,I saw them. /
%,B,"They/PRP ,/,","They, -/"
ba,A,That/DT 's/BES good/JJ ./.,That's good. /
qy,B,"have/VBP you/PRP seen/VBN ,/, have/VBP you/PRP had/VBN any/DT of/IN those/DT ?/.","[ have you seen, + have you ] had any of those? /"
nn,A,"No/UH ,/,","No, /"
sd,A,"I/PRP ,/, I/PRP ,/, uh/UH ,/, I/PRP 've/VBP ,/, I/PRP know/VBP about/IN Sam/NNP 's/POS ./.","[ [ [ I, + I, ] + {F uh, } I've, ] + I ] know about Sam's. /"
sd,A,My/PRP$ wife/NN I/PRP think/VBP goes/VBZ,My wife I think goes /
%,A,"but/CC ,/,","{C but, } -/"
sd,B,"If/IN ,/, if/IN you/PRP ever/RB get/VBP a/DT chance/NN to/TO buy/VB one/CD of/IN those/DT ,/, I/PRP think/VBP it/PRP was/VBD ,/, uh/UH ,/, twenty/CD dollars/NNS ,/, for/IN ,/, uh/UH ,/, I/PRP do/VBP n't/RB remember/VB how/WRB many/JJ pounds/NNS it/PRP was/VBD ./.","[ If, + if ] you ever get a chance to buy one of those, I think it was, {F uh, } twenty dollars, for, {F uh, } I don't remember how many pounds it was. /"
b,A,Uh-huh/UH ./.,Uh-huh. /
sd,B,But/CC you/PRP cook/VBP it/PRP in/IN the/DT bag/NN that/WDT they/PRP send/VBP it/PRP in/IN ./.,{C But } you cook it in the bag that they send it in. /
bh,A,"Oh/UH ,/, really/UH ?/.","{F Oh, } really? /"
sd,B,And/CC all/PDT the/DT juices/NNS and/CC everything/NN are/VBP all/RB sealed/VBN in/IN ./.,{C And } all the juices and everything are all sealed in. /
sd,B,"And/CC ,/, I/PRP tell/VBP you/PRP what/WP ,/, i-/PRP ,/, it/PRP 's/HVS never/RB failed/VBN to/TO come/VB out/RP tender/JJ and/CC juicy/JJ ,/,","{C And, } I tell you what, [ i-, + it's ] never failed to come out tender and juicy,"
sd,A,"Oh/UH ,/, I/PRP have/VBP n't/RB heard/VBN","{F Oh, } I haven't heard"
+,B,--/: and/CC just/RB --/:,-- [ and just + --
+,A,"--/: of/IN that/DT ,/, yeah/UH ./.","-- of that, yeah. /"
+,B,"--/: and/CC just/RB delicious/JJ ./. Because/IN I/PRP normally/RB do/VBP n't/RB like/VB ham/NN ,/, because/IN it/PRP 's/BES so/RB salty/JJ ./.","-- and just ] delicious. Because I normally don't like ham, because it's so salty. /"
b,A,Yeah/UH ./.,Yeah. /
sd,B,"But/CC with/IN this/DT honey/NN bake/NN that/WDT they/PRP have/VBP ,/, that/DT ,/, that/DT 's/BES the/DT only/JJ one/CD I/PRP have/VBP been/VBN able/JJ to/TO find/VB there/RB at/IN Sam/NNP 's/POS warehouse/NN ./.","{C But } with this honey bake that they have, [ that, + that's ] the only one I have been able to find there at Sam's warehouse. /"
sv,B,It/PRP is/VBZ absolutely/RB delicious/JJ ./.,It is absolutely delicious. /
b,A,"Oh/UH ,/, yeah/UH ./.","{F Oh, } yeah. /"
sd,B,And/CC it/PRP slices/VBZ great/RB ./. Uh-huh/UH ./.,{C And } it slices great. Uh-huh. /
sd,A,I/PRP 'm/VBP trying/VBG to/TO think/VB of/IN his/PRP$ name/NN of/IN it/PRP ./.,I'm trying to think of his name of it. /
sd,A,"Uh/UH ,/, uh/UH ,/, I/PRP do/VBP n't/RB know/VB ,/, uh/UH ./.","{F Uh, } {F uh, } I don't know, {F uh. } /"
sd,A,"I/PRP see/VBP a/DT can/NN here/RB ,/, or/CC a/DT box/NN here/RB of/IN Gourmet/NNP Choice/NNP ./.","I see a can here, [ or + ] a box here of Gourmet Choice. /"
sd,A,"Uh/UH ,/, he/PRP delivers/VBZ ,/, uh/UH ./.","{F Uh, } he delivers, {F uh. } - /"
qw,A,What/WP is/VBZ the/DT name/NN of/IN this/DT thing/NN ?/.,What is the name of this thing? /
sd,A,"I/PRP got/VBD a/DT box/NN ,/, MUMBLEx/XX distributor/NN ,/, marked/VBN on/IN it/PRP ,/,","I got a box, (( )) distributor, marked on it, /"
sd,A,"it/PRP does/VBZ n't/RB say/VB ,/, Gourmet/NNP Choices/NNPS ./.","it doesn't say, <<very faint>> Gourmet Choices. /"
%,A,"But/CC he/PRP ,/,","{C But } he, - /"
sd,A,"but/CC it/PRP 's/BES a/DT company/NN that/WDT has/VBZ ,/, uh/UH ,/, you/PRP know/VBP ,/, a/DT truck/NN that/WDT comes/VBZ around/RB ./.","{C but } it's a company that has, {F uh, } {D you know, } a truck that comes around. /"
sd,A,"And/CC ,/, and/CC they/PRP recently/RB had/VBD hams/NNS ./.","[ {C And, } + {C and } ] they recently had hams. /"
sd,A,"They/PRP have/VBP steaks/NNS and/CC ,/,","They have steaks [ and, +"
b,B,Uh-huh/UH ./.,Uh-huh. /
+,A,"and/CC ,/, uh/UH ,/, actually/RB ,/, pirogies/NNS and/CC all/PDT that/DT stuff/NN that/WDT ,/, uh/UH ,/,","and, ] {F uh, } {D actually, } pirogies and all that stuff that, {F uh, } - /"
sd,A,"I/PRP ,/, I/PRP wish/VBP I/PRP could/MD tell/VB you/PRP the/DT name/NN of/IN the/DT company/NN ,/,","[ I, + I ] wish I could tell you the name of the company, /"
sd,A,but/CC I/PRP do/VBP n't/RB know/VB what/WP it/PRP is/VBZ ./.,{C but } I don't know what it is. /
sd,A,"But/CC ,/, uh/UH ,/, they/PRP recently/RB had/VBD a/DT ham/NN ,/, that/WDT was/VBD supposed/VBN to/TO be/VB ,/,","{C But, } {F uh, } they recently had a ham, that was supposed to be, - /"
sd,A,it/PRP was/VBD boneless/JJ --/:,it was boneless -- /
b,B,Yeah/UH ./.,Yeah. /
sd,A,--/: and/CC we/PRP tried/VBD it/PRP ./.,-- {C and } we tried it. /
sd,A,"It/PRP was/VBD real/RB nice/JJ ,/,","It was real nice, /"
sd,A,and/CC it/PRP was/VBD fully/RB cooked/JJ and/CC everything/NN ./.,{C and } it was fully cooked and everything. /
sd,A,We/PRP had/VBD it/PRP --/:,We had it --
b,B,Uh-huh/UH ./.,Uh-huh. /
+,A,--/: for/IN breakfast/NN a/DT long/JJ time/NN ./.,-- for breakfast a long time. /
sv,A,It/PRP was/VBD really/RB great/JJ ./.,It was really great. /
ba,B,Wow/UH !/.,Wow! /
sv,B,"You/PRP know/VBP ,/, that/DT sounds/VBZ like/IN it/PRP ./.","{D You know, } that sounds like it. /"
b,A,Yeah/UH ./.,Yeah. /
sd,B,"But/CC that/DT 's/BES ,/, that/DT 's/BES the/DT only/JJ ham/NN I/PRP have/VBP found/VBN that/WDT I/PRP thoroughly/RB ,/, thoroughly/RB enjoy/VBP ./.","{C But } [ that's, + that's ] the only ham I have found that I thoroughly, thoroughly enjoy. /"
sd,A,"I/PRP would/MD like/VB to/TO try/VB the/DT old/JJ recipe/NN though/RB ,/, of/IN cooking/VBG it/PRP ,/,","I would like to try the old recipe though, of cooking it, /"
sd,A,"and/CC ,/, and/CC I/PRP keep/VBP saying/VBG this/DT ,/, uh/UH ,/, to/TO ,/, to/TO do/VB the/DT different/JJ things/NNS that/WDT we/PRP did/VBD ./.","[ {C and, } + {C and } ] I keep saying this, {F uh, } [ to, + to ] do the different things that we did. /"
sd,A,"But/CC I/PRP would/MD like/VB to/TO put/VB one/CD in/IN the/DT oven/NN ,/, you/PRP know/VBP ,/, the/DT old/JJ fashioned/JJ way/NN and/CC put/VB it/PRP in/IN there/RB for/IN hours/NNS and/CC hours/NNS ,/, and/CC see/VB if/IN ,/,","{C But } I would like to put one in the oven, {D you know, } the old fashioned way and put it in there for hours and hours, and see if, - /"
sd,A,"because/IN I/PRP do/VBP n't/RB think/VB in/IN ,/, in/IN my/PRP$ married/JJ life/NN ,/, which/WDT is/VBZ ,/, uh/UH ,/, twenty-six/CD years/NNS now/RB ,/, we/PRP 've/VBP never/RB done/VBN that/DT ,/, you/PRP know/VBP ./.","{C because } I don't think [ in, + in ] my married life, which is, {F uh, } twenty-six years now, we've never done that, {D you know. } /"
b,B,Wow/UH ./.,Wow. /
sd,A,"And/CC I/PRP remember/VBP that/DT when/WRB I/PRP was/VBD a/DT kid/NN ,/, uh/UH ,/,","{C And } I remember that when I was a kid, {F uh, }"
b,B,Uh-huh/UH ./.,Uh-huh. /
+,A,"to/TO have/VB the/DT ham/NN cooking/VBG ./. Uh/UH ,/, rather/IN than/IN that/DT ,/, we/PRP just/RB ,/,","to have the ham cooking. {F Uh, } rather than that, we just, - /"
sd,A,"ham/NN is/VBZ just/RB something/NN you/PRP have/VBP for/IN breakfast/NN occasionally/RB ,/, you/PRP know/VBP ./.","ham is just something you have for breakfast occasionally, {D you know. } /"
b,B,Right/UH ./.,Right <laughter>. /
sd,A,"And/CC that/DT 's/BES it/PRP ,/, you/PRP know/VBP ./.","{C And } that's it, {D you know. } /"
x,B,,<Laughter>.
sd,A,"In/IN the/DT old/JJ days/NNS ,/, we/PRP had/VBD ,/, hams/NNS were/VBD the/DT meal/NN ,/,","In the old days, [ we had, + ] hams were the meal, /"
sd,A,"and/CC I/PRP do/VBP n't/RB ,/, I/PRP do/VBP n't/RB think/VB we/PRP ,/,","{C and } [ I don't, + I don't ] think we,"
b,B,Right/UH ./.,Right. /
+,A,really/RB have/VBP it/PRP as/IN a/DT main/JJ meal/NN ./.,really have it as a main meal. /
ba,B,That/DT 's/BES true/JJ ./.,That's true. /
sv,B,"I/PRP ,/, I/PRP do/VBP n't/RB think/VB so/RB anymore/RB ,/, not/RB with/IN more/JJR ,/, becoming/VBG more/JJR conscious/JJ of/IN ,/, uh/UH ,/, fat/NN and/CC cholesterol/NN and/CC ,/, and/CC all/PDT those/DT --/:","[ I, + I ] don't think so anymore, not with more, becoming more conscious of, {F uh, } fat and cholesterol [ and, + and ] all those --"
b,A,Right/UH ./.,Right. /
+,B,--/: good/JJ things/NNS ./.,-- good things. /
sv,A,That/DT 's/BES an/DT interesting/JJ point/NN ./.,That's an interesting point. /
qw,A,"How/WRB ,/, how/WRB have/VBP you/PRP changed/VBN your/PRP$ ,/, your/PRP$ meals/NNS now/RB ?/.","[ How, + how ] have you changed [ your, + your ] meals now? /"
%,A,"Have/VBP you/PRP ,/,","Have you, - /"
%,A,"into/IN that/DT ,/, uh/UH ,/,","into that, {F uh, } -/"
b,B,"Oh/UH ,/, yeah/UH ./.","{F Oh, } yeah. /"
qy^d,A,looking/VBG at/IN those/DT things/NNS ?/.,looking at those things? /
na,B,"Well/UH ,/, my/PRP$ parents/NNS actually/RB started/VBD it/PRP ,/,","{D Well, } my parents actually started it, /"
b,A,Uh-huh/UH ./.,Uh-huh. /
%,B,"and/CC ,/, uh/UH ,/, getting/VBG ,/,","{C and, } {F uh, } getting, -/"
sv,A,"Parents/NNS ,/, that/DT 's/BES unusual/JJ ./.","Parents, that's unusual. /"
sd,B,"Well/UH ,/, it/PRP ,/, it/PRP 's/BES true/JJ ./.","{D Well, } [ it, + it's ] true. /"
sd,B,"I/PRP think/VBP my/PRP$ parents/NNS are/VBP very/RB unusual/JJ because/IN ,/, uh/UH ,/, we/PRP grew/VBD up/RP in/IN the/DT south/NN ,/, where/WRB ,/, uh/UH ,/, you/PRP have/VBP all/PDT the/DT ,/, uh/UH ,/, you/PRP know/VBP ,/, biscuits/NNS and/CC gravy/NN --/:","I think my parents are very unusual because, {F uh, } we grew up in the south, where, {F uh, } you have all the, {F uh, } {D you know, } biscuits and gravy --"
b,A,"Oh/UH ,/, yeah/UH ./.","{F Oh, } yeah. /"
+,B,"--/: and/CC ,/, oh/UH ,/, fried/JJ foods/NNS galore/JJ ./.","-- and, {F oh, } fried foods galore. /"
sd,B,"And/CC then/RB gradually/RB they/PRP started/VBD switching/VBG over/RP to/IN ,/, uh/UH ,/, plain/JJ rice/NN ,/, uh/UH ,/, no/DT gravy/NN ./.","{C And then } gradually they started switching over to, {F uh, } plain rice, {F uh, } no gravy. /"
ba,A,That/DT 's/BES amazing/JJ ./.,That's amazing. /
sv,B,"It/PRP 's/BES just/RB ,/, it/PRP really/RB is/VBZ ./.","[ It's just, + it ] really is. /"
sd,B,"They/PRP ,/, uh/UH ,/, they/PRP 're/VBP actually/RB ,/, they/PRP actually/RB ,/, uh/UH ,/, uh/UH ,/, led/VBD us/PRP through/IN it/PRP ,/, versus/IN ,/, uh/UH ,/, us/PRP teaching/VBG them/PRP ,/, you/PRP know/VBP ,/, the/DT ,/, uh/UH ,/, the/DT finer/JJR points/NNS ./.","[ [ They, + {F uh, } they're actually, + they actually, ] {F uh, } {F uh, } led us through it, versus, {F uh, } us teaching them, {D you know, } [ the, + {F uh, } the ] finer points. /"
sd,B,"But/CC my/PRP$ mother/NN has/VBZ really/RB high/JJ cholesterol/NN ,/,","{C But } my mother has really high cholesterol, /"
sd,B,so/RB it/PRP was/VBD --/:,{C so } it was --
b,A,Yeah/UH ./.,Yeah. /
+,B,--/: one/CD of/IN the/DT reasons/NNS which/WDT started/VBD them/PRP off/RP ./.,-- one of the reasons which started them off. /
sd,B,"And/CC they/PRP started/VBD doing/VBG this/DT ,/, like/IN in/IN the/DT early/JJ ,/, or/CC in/IN about/RB the/DT middle/JJ seventies/NNS ./.","{C And } they started doing this, like [ in the early, + {E or } in about ] the middle seventies. /"
ba,A,"Well/UH ,/, that/DT 's/BES amazing/JJ ,/,","{D Well, } that's amazing, /"
b,B,"Uh/UH ,/, yeah/UH ./.","{F Uh, } yeah. /"
%,A,"they/PRP 'd/MD go/VB ,/,","they'd go, - /"
sd,A,that/IN they/PRP have/VBP started/VBN ./.,that they have started. - /
sd,A,Usually/RB it/PRP 's/BES the/DT younger/JJR people/NNS doing/VBG it/PRP ./.,Usually it's the younger people doing it. /
%,A,Yeah/UH ./.,Yeah. /
ba,B,"It/PRP 's/BES true/JJ ,/,","It's true, /"
ba,B,it/PRP 's/BES true/JJ ./.,it's true. /
aa,B,I/PRP agree/VBP with/IN you/PRP ./.,I agree with you. /
%,A,"I/PRP ,/,","I, - /"
sd,A,"uh/UH ,/,","{F uh, }"
ba,B,"So/RB ,/, it/PRP 's/BES really/RB neat/JJ ./.","{C So, } it's really neat. /"
+,A,"my/PRP$ ,/, my/PRP$ wife/NN 's/POS mother/NN is/VBZ the/DT only/JJ grandparent/NN left/VBN ,/,","[ my, + my ] wife's mother is the only grandparent left, /"
sd,A,"and/CC ,/, uh/UH ,/,","{C and, } {F uh, }"
b,B,Uh-huh/UH ./.,Uh-huh. /
+,A,she/PRP has/VBZ high/JJ cholesterol/NN ./.,she has high cholesterol. /
sd,A,"Of/IN course/NN ,/, I/PRP ha/VBP ,/, I/PRP have/VBP too/RB ,/, but/CC not/RB like/IN hers/PRP ./.","Of course, [ I ha-, + I have ] too, but not like hers. /"
b,B,Uh-huh/UH ./.,Uh-huh. /
sd,A,And/CC I/PRP always/RB get/VBP after/RP her/PRP about/IN salt/NN and/CC everything/NN else/RB ./.,{C And } I always get after her about salt and everything else. /
sd,A,"And/CC she/PRP just/RB will/MD ,/, I/PRP mean/VBP ,/, she/PRP 's/BES going/VBG to/TO eat/VB the/DT same/JJ way/NN she/PRP ate/VBD ,/, you/PRP know/VBP ,/,","{C And } she just will, {E I mean, } she's going to eat the same way she ate, {D you know, }"
b,B,That/DT 's/BES right/JJ ./.,That's right. /
+,A,her/PRP$ whole/JJ life/NN ./.,her whole life. /
sd,A,"And/CC she/PRP just/RB tells/VBZ ,/, more/RBR or/CC less/RBR tells/VBZ me/PRP to/TO shut/VB up/RP ,/, you/PRP know/VBP ./.","{C And } she just tells, more or less tells me to shut up, {D you know. } /"
b,B,Right/UH ./.,Right <laughter>. /
%,A,"And/CC ,/, uh/UH ,/, I/PRP like/VBP to/TO ,/,","{C And, } {F uh, } I like to, - /"
sd,A,I/PRP 'm/VBP trying/VBG to/TO do/VB something/NN about/IN my/PRP$ cholesterol/NN in/IN the/DT same/JJ way/NN ./.,I'm trying to do something about my cholesterol in the same way. /
b,B,Uh-huh/UH ./.,Uh-huh. /
%,A,"Uh/UH ,/,","{F Uh, } /"
b,B,Uh-huh/UH ./.,Uh-huh. /
%,A,"uh/UH ,/, it/PRP 's/BES ,/, it/PRP 's/BES not/RB the/DT MUMBLEx/XX","{F uh, } [ it's, + it's ] not the (( )) - /"
sd,A,"./. I/PRP listen/VBP to/IN ,/, uh/UH ,/, Larry/NNP Newarth/NNP on/IN the/DT weekend/NN ./.",". I listen to, {F uh, } Larry (( Newarth )) on the weekend. /"
sd,A,He/PRP 's/BES a/DT fitness/NN expert/NN,He's a fitness expert /
sd,A,"and/CC ,/, uh/UH ,/, he/PRP talks/VBZ about/IN ,/, you/PRP know/VBP ,/, the/DT chicken/NN and/CC the/DT rice/NN --/:","{C and, } {F uh, } he talks about, {D you know, } the chicken and the rice --"
b,B,Uh-huh/UH ./.,Uh-huh. /
+,A,--/: and/CC everything/NN else/RB ./.,-- and everything else. /
sd,A,"And/CC ,/, and/CC ,/, uh/UH ,/, throwing/VBG away/RB peanut/NN butter/NN and/CC all/PDT the/DT things/NNS ,/,","[ {C And, } + {C and, } ] {F uh, } throwing away peanut butter and all [ the things + <laughter>,"
x,B,,<Laughter>.
+,A,"you/PRP know/VBP ,/, the/DT things/NNS not/RB to/TO eat/VB ,/, you/PRP know/VBP ,/, ever/RB ./.","{D you know, } the things ] not to eat, {D you know, } ever. /"
sd,A,I/PRP think/VBP the/DT peanut/NN butter/NN and/CC mayonnaise/NN he/PRP would/MD throw/VB away/RB for/GW ever/^RB ./.,I think the peanut butter and mayonnaise he would throw away for ever. /
sd,A,And/CC then/RB he/PRP 's/HVS got/VBN me/PRP into/IN making/VBG eggs/NNS without/IN the/DT yolk/NN ./.,{C And then } he's got me into making eggs without the yolk. /
ba,B,Wow/UH !/.,Wow! /
ad,A,"You/PRP know/VBP ,/, try/VB that/DT sometime/RB ./.","{D You know, } try that sometime. /"
b,B,Uh-huh/UH ./.,Uh-huh. /
sd,A,My/PRP$ wife/NN says/VBZ she/PRP ca/MD n't/RB stand/VB it/PRP ./.,My wife says she can't stand it. /
sd,A,"But/CC ,/, uh/UH ,/, when/WRB I/PRP make/VBP scrambled/JJ eggs/NNS now/RB ,/, talking/VBG about/IN a/DT recipe/NN ,/,","{C But, } {F uh, } when I make scrambled eggs now, talking about a recipe, -/"
b,B,Uh-huh/UH ./.,Uh-huh. /
%,A,"I/PRP ,/,","I, - /"
sd,A,"say/UH if/IN I/PRP have/VBP four/CD eggs/NNS ,/, not/RB ,/, not/RB for/IN me/PRP ,/,","{D say } if I have four eggs, [ not, + not ] for me, - /"
sd,A,"but/CC if/IN I/PRP 'm/VBP making/VBG four/CD eggs/NNS ,/, uh/UH ,/, even/RB for/IN my/PRP$ daughter/NN and/CC I/PRP ,/, I/PRP 'll/MD take/VB out/RB all/PDT the/DT yolks/NNS but/CC one/CD ./.","{C but } if I'm making four eggs, {F uh, } even for my daughter [ and + ] [ I, + I'll ] take out all the yolks but one. /"
ba,B,Wow/UH !/.,Wow! /
sd,A,And/CC and/CC it/PRP 's/BES fine/JJ ./.,[ {C And } + {C and } ] it's fine. /
sv,A,"You/PRP ,/, you/PRP do/VBP n't/RB miss/VB it/PRP ,/, uh/UH ./.","[ You, + you ] don't miss it, {F uh. } /"
b,B,Huh/UH ./.,{F Huh. } /
sd,A,"In/IN fact/NN ,/, when/WRB I/PRP ,/, when/WRB I/PRP make/VBP eggs/NNS for/IN myself/PRP ,/, if/IN I/PRP ,/, if/IN I/PRP fry/VBP them/PRP ,/, throw/VBP them/PRP in/IN there/EX ,/, I/PRP will/MD almost/RB hard/GW fry/^VB them/PRP so/IN I/PRP can/MD take/VB ,/, not/RB eat/VB the/DT yolk/NN at/IN all/DT ./.","In fact, [ when I, + when I ] make eggs for myself, [ if I, + if I ] fry them, throw them in there, I will almost hard fry them so I can [ take, + ] not eat the yolk at all. /"
b,B,"Uh-huh/UH ,/,","Uh-huh, /"
b,B,uh-huh/UH ./.,uh-huh. /
sv,A,And/CC you/PRP do/VBP n't/RB really/RB miss/VB it/PRP ./.,{C And } you don't really miss it. /
sd,A,"You/PRP get/VBP the/DT flavor/NN of/IN the/DT yolk/NN ,/,","You get the flavor of the yolk, /"
sd,A,"but/CC ,/, uh/UH you/PRP do/VBP n't/RB eat/VB it/PRP at/IN all/DT ,/, you/PRP know/VBP ./.","{C but, } {F uh } you don't eat it at all, {D you know. } /"
sd,A,"You/PRP do/VBP n't/RB ,/,","You don't, /"
sd,A,they/PRP 're/VBP hard/JJ ./.,they're hard. /
sd,A,"You/PRP get/VBP like/IN ,/, uh/UH ,/, a/DT bite/NN at/IN ,/, at/IN the/DT m/JJS ,/, most/JJS ./.","You get {D like, } {F uh, } a bite [ at, + at ] the [ m-, + most. ] /"
b,B,Uh-huh/UH ./.,Uh-huh. /
sd,A,"And/CC so/RB ,/, uh/UH ,/, for/IN cholesterol/NN ,/, I/PRP mean/VBP ,/, I/PRP 'm/VBP trying/VBG that/DT ./.","{C And so, } {F uh, } for cholesterol, {E I mean, } I'm trying that. /"
sd,A,And/CC it/PRP has/VBZ worked/VBN ./.,{C And } it has worked. /
sd,A,My/PRP$ cholesterol/NN gone/VBN down/RP twenty/CD points/NNS ./.,My cholesterol gone down twenty points. /
%,A,"So/RB ,/, although/IN ,/,","{C So, } although, -/"
ba,B,"Wow/UH ,/, that/DT 's/BES good/JJ ./.","Wow, that's good. /"
sd,A,"I/PRP have/VBP n't/RB gotten/VBN on/IN the/DT ,/, which/WDT ,/, whether/IN yu-/XX ,/, butter/NN or/CC cholest-/NN ,/, not/RB cholesterol/NN ,/, margarine/NN and/CC all/PDT that/DT ./.","I haven't gotten on the, [ which, whether yu-, + ] butter or [ cholest-, + not cholesterol, ] + ] margarine and all that. /"
sd,A,"I/PRP do/VBP n't/RB know/VB ,/, know/VB ,/, whether/IN any/DT of/IN that/DT is/VBZ true/JJ ,/, you/PRP know/VBP ./.","I don't [ know, + know, ] whether any of that is true, {D you know } <<fade out>>."
b,B,Uh-huh/UH ./.,Uh-huh. /
+,A,"Whether/IN the/DT margarines/NNS or/CC butter/NN ,/,","Whether the margarines or butter, -/"
