act_tag,speaker,pos,text
"fo_o_fw_""_by_bc",A,Yeah/UH ./.,Yeah. /
sv,A,"I/PRP guess/VBP ,/, uh/UH ,/, uh/UH ,/, it/PRP 's/BES an/DT easy/JJ one/NN for/IN me/PRP ./.","I guess, {F uh, } {F uh, } it's an easy one for me. /"
sv,A,"I/PRP think/VBP that/DT 's/BES ,/, uh/UH ,/, there/EX 's/BES something/NN seriously/RB wrong/JJ ,/,","I think [ that's, + {F uh, } there's ] something seriously wrong, /"
b,A,yeah/UH ./.,yeah. /
qw,B,"What/WP is/VBZ it/PRP that/IN you/PRP are/VBP ,/, you/PRP know/VBP ,/, particularly/RB upset/JJ about/IN ?/.","What is it that you are, {D you know, } particularly upset about? /"
sv,A,"Uh/UH ,/, I/PRP guess/VBP ,/, uh/UH ,/, I/PRP think/VBP they/PRP 've/VBP lost/VBN their/PRP$ compass/NN","{F Uh, } [ I guess, + {F uh, } I think ] they've lost their compass /"
sv,A,"and/CC ,/, uh/UH ,/, I/PRP 'm/VBP not/RB sure/JJ they/PRP know/VBP exactly/RB what/WP ,/, uh/UH ,/, uh/UH ,/, public/JJ education/NN supposed/VBN to/TO be/VB for/IN anymore/RB ./.","{C and, } {F uh, } I'm not sure they know exactly what, {F uh, } {F uh, } public education supposed to be for anymore. /"
sd,A,"But/CC ,/, uh/UH ,/, I/PRP voted/VBD with/IN my/PRP$ feet/NNS","{C But, } {F uh, } I voted with my feet /"
sd,A,"and/CC ,/, uh/UH ,/, my/PRP$ kids/NNS go/VBP to/IN parochial/JJ school/NN ./.","{C and, } {F uh, } my kids go to parochial school. /"
b,B,Uh-huh/UH ./.,Uh-huh. /
%,A,"So/UH ,/, uh/UH ,/,","{D So, } {F uh, } -/"
qo,B,"What/WP do/VBP you/PRP feel/VB that/IN your/PRP$ kids/NNS are/VBP getting/VBG in/IN the/DT parochial/JJ schools/NNS that/WDT they/PRP would/MD n't/RB get/VB in/IN a/DT ,/, the/DT public/JJ school/NN system/NN ?/.","What do you feel that your kids are getting in the parochial schools that they wouldn't get in [ a, + the ] public school system? /"
sv,A,"Well/UH ,/, one/CD hundred/CD percent/NN of/IN the/DT ,/, uh/UH ,/, customers/NNS care/VBP ./.","{D Well, } one hundred percent of the, {F uh, } customers care. /"
sv,A,That/DT 's/BES one/CD thing/NN ./.,That's one thing. /
sv,A,Everybody/NN cares/VBZ about/IN the/DT education/NN the/DT kids/NNS are/VBP getting/VBG ./.,Everybody cares about the education the kids are getting. /
sv,A,"And/CC ,/, uh/UH ,/, they/PRP ,/, uh/UH ,/, take/VBP an/DT active/JJ ,/, relatively/RB active/JJ part/NN ./.","{C And, } {F uh, } they, {F uh, } take an [ active, + relatively active ] part. /"
sv,A,"Which/WDT ,/, uh/UH ,/, I/PRP mean/VBP if/IN you/PRP 're/VBP ,/, uh/UH ,/, sending/VBG two/CD thousand/CD dollars/NNS that/DT way/NN every/DT year/NN ,/, you/PRP ,/, uh/UH ,/, watch/VBP what/WP goes/VBZ on/RP and/CC you/PRP ,/, uh/UH ,/, uh/UH ,/, pay/VBP attention/NN and/CC participate/VBP","[ Which, + ] {F uh, } {E I mean } if you're, {F uh, } sending two thousand dollars that way every year, you, {F uh, } watch what goes on and you, {F uh, } {F uh, } pay attention and participate /"
sv,A,"and/CC ,/, and/CC you/PRP can/MD influence/VB the/DT way/NN things/NNS are/VBP ./.","[ {C and, } + {C and } ] you can influence the way things are. /"
bf,B,"So/RB you/PRP 're/VBP saying/VBG that/IN the/DT taxpayer/NN who/WP also/RB is/VBZ really/RB paying/VBG through/IN the/DT pocketbook/NN for/IN the/DT education/NN of/IN the/DT child/NN may/MD not/RB be/VB quite/RB so/RB conscious/JJ of/IN the/DT fact/NN that/IN they/PRP are/VBP paying/VBG the/DT tuition/NN for/IN that/DT child/NN in/IN the/DT form/NN of/IN ,/, uh/UH ,/, real/JJ estate/NN or/CC other/JJ taxes/NNS","{C So } you're saying that the taxpayer who also is really paying through the pocketbook for the education of the child may not be quite so conscious of the fact that they are paying the tuition for that child in the form of, {F uh, } real estate or other taxes /"
bf,B,"and/CC ,/, and/CC ,/, consequently/RB ,/, they/PRP 're/VBP not/RB so/RB motivated/JJ to/TO get/VB involved/VBN and/CC make/VB sure/JJ things/NNS happen/VBP the/DT way/NN they/PRP 'd/MD like/VB to/TO see/VB them/PRP happen/VB ?/.","[ {C and, } + {C and, } ] consequently, they're not so motivated to get involved and make sure things happen the way they'd like to see them happen? /"
aa,A,Yeah/UH ./.,Yeah. /
sv,A,The/DT immediacy/NN just/RB is/VBZ n't/RB there/RB ./.,The immediacy just isn't there. /
b,B,Uh-huh/UH ./.,Uh-huh. /
sv,A,"And/CC ,/, uh/UH ,/, uh/UH ,/, I/PRP also/RB think/VBP that/IN one/CD of/IN the/DT problems/NNS","{C And, } {F uh, } {F uh, } I also think that one of the problems - /"
sv,A,"and/CC ,/, actually/RB ,/, I/PRP do/VBP n't/RB think/VB this/DT ,/, I/PRP think/VBP this/DT is/VBZ a/DT cultural/JJ problem/NN ./.","{C and, } {D actually, } [ I don't think this, + I think this ] is a cultural problem. /"
sv,A,"The/DT ,/, uh/UH ,/, problem/NN with/IN public/JJ education/NN is/VBZ really/RB ,/, uh/UH ,/, really/RB a/DT problem/NN with/IN the/DT culture/NN ./.","The, {F uh, } problem with public education is [ really, + {F uh, } really ] a problem with the culture. /"
sv,A,"And/CC ,/, I/PRP guess/VBP my/PRP$ evidence/NN for/IN that/DT is/VBZ the/DT school/NN districts/NNS in/IN places/NNS like/IN California/NNP ,/, for/IN example/NN ,/, where/WRB only/RB a/DT minority/NN of/IN the/DT taxpayers/NNS have/VBP children/NNS in/IN school/NN","{C And, } I guess my evidence for that is the school districts in places like California, for example, where only a minority of the taxpayers have children in school /"
sv,A,and/CC you/PRP ca/MD n't/RB get/VB a/DT tax/NN levy/NN passed/VBN ./.,{C and } you can't get a tax levy passed. /
sv,A,"Uh/UH ,/, people/NNS are/VBP ,/, uh/UH ,/, reluctant/JJ to/TO pass/VB ,/, uh/UH ,/, school/NN tax/NN levies/NNS even/RB ,/, uh/UH ,/, when/WRB the/DT money/NN is/VBZ needed/JJ or/CC would/MD be/VB well/RB spent/JJ because/IN it/PRP 's/BES ,/, uh/UH ,/, they/PRP do/VBP n't/RB have/VB kids/NNS in/IN the/DT schools/NNS ./.","{F Uh, } people are, {F uh, } reluctant to pass, {F uh, } school tax levies even, {F uh, } when the money is needed or would be well spent because [ it's, + ] {F uh, } they don't have kids in the schools. /"
b,B,Right/UH ./.,Right. /
sv,A,"I/PRP think/VBP that/DT 's/BES a/DT ,/, a/DT loss/NN of/IN civic/JJ virtue/NN and/CC a/DT loss/NN of/IN ,/, uh/UH ,/, uh/UH ,/, the/DT cultural/JJ attitude/NN that/WDT we/PRP used/VBD to/TO have/VB that/IN education/NN was/VBD first/JJ even/RB if/IN it/PRP was/VBD n't/RB our/PRP$ kids/NNS ./.","I think that's [ a, + a ] loss of civic virtue and a loss of, {F uh, } {F uh, } the cultural attitude that we used to have that education was first even if it wasn't our kids. /"
sv,A,"I/PRP think/VBP that/DT 's/BES ,/, uh/UH ,/, that/DT 's/BES the/DT principal/JJ problem/NN is/VBZ that/IN ,/, uh/UH ,/, people/NNS no/RB longer/RB see/VBP it/PRP as/IN ,/, uh/UH ,/, as/IN their/PRP$ problem/NN","I think [ that's, + {F uh, } that's ] the principal problem is that, {F uh, } people no longer see it [ as, + {F uh, } as ] their problem /"
sv,A,and/CC there/EX 's/BES an/DT immediate/JJ problem/NN ./.,{C and } there's an immediate problem. /
aa,B,Right/UH ./.,Right. /
sv,B,"It/PRP troubles/VBZ me/PRP too/RB tha-/IN ,/, that/IN the/DT priority/NN seems/VBZ to/TO be/VB with/IN my/PRP$ particular/JJ purse/NN strings/NNS rather/IN than/IN the/DT public/JJ good/NN","It troubles me too [ tha-, + that ] the priority seems to be with my particular purse strings rather than the public good /"
sv,B,"and/CC by/IN definition/NN ,/, for/IN some/DT of/IN us/PRP ,/, at/IN least/JJS ,/, the/DT public/JJ good/NN includes/VBZ having/VBG an/DT educated/JJ populace/NN and/CC then/RB --/:","{C and } by definition, <laughter> for some of us, at least, the public good includes having an educated populace and (( then )) --"
b,A,Right/UH ./.,Right. /
+,B,"--/: idea/NN that/WDT ,/, uh/UH ,/, you/PRP can/MD make/VB a/DT sound/JJ judgment/NN with/IN respect/NN to/IN small/JJ votes/NNS in/IN the/DT ,/, at/IN the/DT local/JJ level/NN or/CC bigger/JJR votes/NNS at/IN --/:","-- idea that, {F uh, } you can make a sound judgment with respect to small votes [ in the, + at the ] local level or bigger votes at --"
b,A,Yeah/UH ./.,Yeah. /
+,B,--/: the/DT national/JJ level/NN ./.,-- the national level. /
sv,B,"Uh/UH ,/, it/PRP means/VBZ that/IN you/PRP 've/VBP got/VBN to/TO be/VB informed/JJ","{F Uh, } it means that you've got to be informed /"
sv,B,and/CC you/PRP 've/VBP got/VBN to/TO have/VB a/DT certain/JJ level/NN of/IN education/NN to/TO do/VB the/DT reading/NN --/:,{C and } you've got to have a certain level of education to do the reading --
b,A,Yeah/UH ./.,Yeah. /
+,B,--/: and/CC the/DT critical/JJ thinking/NN involved/VBN to/TO come/VB up/RP with/IN a/DT decision/NN ./.,-- and the critical thinking involved to come up with a decision. /
sv,A,"You/PRP know/VBP ,/, I/PRP ,/, I/PRP believe/VBP that/IN the/DT original/JJ idea/NN of/IN public/JJ education/NN in/IN the/DT United/NNP States/NNPS ,/, which/WDT I/PRP guess/VBP was/VBD controversial/JJ at/IN the/DT time/NN of/IN the/DT constitution/NN ./.","{D You know, } [ I, + I ] believe that the original idea of public education in the United States, which I guess was controversial at the time of the constitution. /"
sv,A,"Uh/UH ,/, you/PRP know/VBP ,/, it/PRP barely/RB made/VBD it/PRP ./.","{F Uh, } {D you know, } it barely made it. /"
sv,A,I/PRP think/VBP it/PRP was/VBD added/VBN afterwards/RB ./.,I think it was added afterwards <throat_clearing>. /
sv,A,"I/PRP think/VBP the/DT real/JJ ,/, the/DT principal/NN was/VBD ,/, uh/UH ,/, education/NN for/IN civic/JJ participation/NN ./.","I think [ the real, + the principal ] was, {F uh, } education for civic participation. /"
b,B,Right/UH ./.,Right. /
sv,A,The/DT idea/NN was/VBD that/IN everybody/NN should/MD have/VB an/DT education/NN so/IN that/IN they/PRP would/MD be/VB a/DT better/JJR voter/NN,The idea was that everybody should have an education so that they would be a better voter /
sv,A,and/CC you/PRP could/MD n't/RB pull/VB the/DT wool/NN over/IN their/PRP$ eyes/NNS ./.,{C and } you couldn't pull the wool over their eyes. /
aa,B,Right/UH ./.,Right. /
sv,B,"It/PRP has/VBZ taken/VBN on/IN a/DT more/RBR profound/JJ ,/,","It has taken on a more profound, /"
sv,B,"and/CC you/PRP 'd/MD think/VB we/PRP 'd/MD notice/VB it/PRP ,/, economic/JJ uh/UH ,/, thrust/NN ./.","{C and } you'd think we'd notice it, economic {F uh, } thrust. /"
b,B,Yeah/UH ./.,Yeah. /
sd,A,"Well/UH ,/, that/DT 's/BES exactly/RB what/WP I/PRP was/VBD going/VBG to/TO say/VB ./.","{D Well, } that's exactly what I was going to say. /"
sv,A,Now/UH there/RB seem/VBP to/TO be/VB really/RB three/CD reasons/NNS for/IN education/NN ./.,Now there seem to be really three reasons for education. /
sv,A,One/CD is/VBZ education/NN for/IN civic/JJ duty/NN ./.,One is education for civic duty. /
sv,A,One/CD is/VBZ education/NN for/IN economic/JJ reasons/NNS ./.,One is education for economic reasons. /
sv,A,And/CC one/CD is/VBZ education/NN for/IN civilization/NN ./.,{C And } one is education for civilization. /
sv,A,"I/PRP mean/VBP and/CC I/PRP think/VBP that/DT one/NN ,/,","{E I mean } {C and } I think that one, -/"
sd,B,Well/UH I/PRP 'm/VBP glad/JJ that/IN you/PRP added/VBD that/DT one/NN ./.,<Laughter> {D Well } I'm glad that you added that one. /
%,B,"Yeah/UH ,/,","Yeah, /"
sv,B,I/PRP think/VBP that/IN one/NN 's/BES significant/JJ ./.,I think that one's significant. /
sd,A,That/DT 's/BES what/WP I/PRP used/VBD to/TO think/VB education/NN was/VBD all/RB about/IN when/WRB I/PRP was/VBD a/DT college/NN professor/NN,That's what I used to think education was all about when I was a college professor /
sd,A,and/CC then/RB I/PRP quit/VBD and/CC got/VBD disabused/VBN of/IN that/DT notion/NN ./.,{C and then } I quit and got disabused of that notion <noise>. /
sv,A,"But/CC ,/, uh/UH ,/, the/DT ,/, uh/UH ,/, uh/UH ,/, now/RB the/DT only/JJ thing/NN people/NNS seem/VBP to/TO agree/VB on/RP is/VBZ that/DT education/NN is/VBZ ,/, uh/UH ,/, an/DT economic/JJ enterprise/NN to/TO train/VB people/NNS for/IN jobs/NNS ./.","{C But, } {F uh, } [ the, + {F uh, } {F uh, } {D now } the ] only thing people seem to agree on is that education is, {F uh, } an economic enterprise to train people for jobs. /"
sv,A,"And/CC ,/, uh/UH ,/, I/PRP 'm/VBP not/RB sure/JJ that/IN people/NNS in/IN the/DT education/NN establishment/NN really/RB know/VB what/WP their/PRP$ purpose/NN is/VBZ ./.","{C And, } {F uh, } I'm not sure that people in the education establishment really know what their purpose is. /"
sd,A,"And/CC I/PRP 'm/VBP really/RB sad/JJ to/TO say/VB this/DT ,/,","{C And } I'm really sad to say this, /"
sd,A,I/PRP never/RB thought/VBD I/PRP would/MD have/VB,I never thought I would have /
sv,A,"but/CC I/PRP really/RB think/VBP that/DT ,/, uh/UH ,/, the/DT educational/JJ establishment/NN has/VBZ become/VBN part/NN of/IN the/DT problem/NN ./.","{C but } I really think that, {F uh, } the educational establishment has become part of the problem. /"
sd,A,"And/CC ,/, uh/UH ,/, that/DT 's/BES why/WRB I/PRP guess/VBP I/PRP 'm/VBP sort/RB of/RB ,/, reluctantly/RB ,/, uh/UH ,/, in/IN favor/NN of/IN these/DT ,/, uh/UH ,/, choice/NN programs/NNS ./.","{C And, } {F uh, } that's why I guess I'm sort of, reluctantly, {F uh, } in favor of these, {F uh, } choice programs. /"
aa,B,Right/UH ./.,Right. /
aa,B,"Well/UH I/PRP ,/, I/PRP g-/XX ,/, agree/VBP with/IN everything/NN that/WDT you/PRP 've/VBP said/VBN so/RB far/RB","{D Well } [ I, + I ] [ g-, + ] agree with everything that you've said so far /"
sv,B,"and/CC the/DT only/JJ that/WDT I/PRP 'd/MD want/VB to/TO add/VB is/VBZ that/IN I/PRP 'm/VBP a/DT little/RB more/JJR in/IN contact/NN ,/, I/PRP think/VBP ,/, with/IN public/JJ school/NN teachers/NNS than/IN perhaps/RB you/PRP are/VBP ,/, uh/UH ,/, except/IN as/IN a/DT parent/NN of/IN your/PRP$ child/NN","{C and } the only that I'd want to add is that I'm a little more in contact, I think, with public school teachers than perhaps you are, {F uh, } except as a parent of your child /"
sd,B,and/CC the/DT sense/NN that/WDT I/PRP get/VBP from/IN public/JJ school/NN teachers/NNS that/WDT I/PRP know/VBP is/VBZ that/IN they/PRP are/VBP very/RB conscious/JJ of/IN what/WP they/PRP feel/VBP they/PRP should/MD be/VB doing/VBG,{C and } the sense that I get from public school teachers that I know is that they are very conscious of what they feel they should be doing /
sd,B,and/CC they/PRP are/VBP the/DT three/CD things/NNS that/WDT you/PRP mentioned/VBD ./.,{C and } they are the three things that you mentioned. /
sd,B,But/CC they/PRP find/VBP that/IN they/PRP are/VBP also/RB being/VBG asked/VBN to/TO do/VB a/DT bunch/NN of/IN other/JJ stuff/NN which/WDT they/PRP think/VBP is/VBZ only/RB tangentially/RB related/JJ --/:,{C But } they find that they are also being asked to do a bunch of other stuff which they think is only tangentially related -- /
aa,A,Right/UH ./.,Right. /
%,A,"That/DT 's/BES what/WP ,/,","That's what, /"
%,B,"--/: like/IN consumer/NN ,/,","-- like consumer, /"
