act_tag,speaker,pos,text
"fo_o_fw_""_by_bc",A,"Okay/UH ,/,","Okay, /"
qw,A,who/WP do/VBP you/PRP like/VB ?/. ./.,who do you like? <Laughter>. /
b,B,"Okay/UH ,/,","Okay, /"
qw,B,What/WDT kind/NN do/VBP I/PRP like/VB ?/.,<laughter> What kind do I like? /
sd,B,I/PRP like/VBP just/RB about/RB any/DT kind/NN except/IN country/NN and/CC western/NN ./.,[ I like just about any kind except country and western. /
aa,A,"Yeah/UH ,/,","Yeah, /"
sd,A,"that/DT 's/BES the/DT same/JJ with/IN me/PRP ,/, same/JJ with/IN me/PRP ./.","that's the [ same with me, + same with me. ] /"
sv,B,"It/PRP 's/BES ,/, it/PRP 's/BES ,/, course/NN country/NN","[ It's, + it's, ] course country /"
sv,B,and/CC western/NN even/RB I/PRP 've/VBP gotten/VBN a/DT little/JJ bit/NN used/VBN to/IN because/IN it/PRP 's/BES not/RB like/IN it/PRP used/VBD to/TO be/VB ./.,{C and } western even I've gotten a little bit used to because it's not like it used to be. /
b,A,Uh-huh/UH ./.,Uh-huh. /
sv,A,"Like/IN Clint/NNP Black/NNP ,/, he/PRP 's/BES pretty/RB good/JJ ,/,","{D Like } Clint Black, he's pretty good, /"
qw,A,and/CC who/WP 's/BES the/DT other/JJ big/JJ guy/NN ?/.,{C and } who's the other big guy? /
sd,B,"Well/UH ,/, in/IN Oklahoma/NNP we/PRP say/VBP Garth/NNP Brooks/NNP ./.","{D Well, } in Oklahoma we say Garth Brooks <laughter>. /"
b^m,A,"Garth/NNP Brooks/NNP ,/,","Garth Brooks, /"
bk,A,"yeah/UH ,/,","yeah, /"
sd,A,"that/DT 's/BES ,/, yeah/UH ,/, that/DT 's/BES the/DT other/JJ guy/NN I/PRP was/VBD thinking/VBG of/IN was/VBD Garth/NNP Brooks/NNP ./.","[ that's, + {D yeah, } that's ] the other guy I was thinking of was Garth Brooks. /"
%,A,"Yeah/UH ,/,","Yeah, /"
sd,A,in/IN fact/NN I/PRP think/VBP both/DT of/IN them/PRP have/VBP performed/VBN here/RB ./.,in fact I think both of them have performed here. /
sv,A,"And/CC Kenny/NNP Rogers/NNP ,/, he/PRP 's/BES kind/RB of/RB country/NN western/NN verge/NN ,/, you/PRP know/VBP --/:","{C And } Kenny Rogers, he's kind of country [ western + ] verge, {D you know -- }"
b,B,Right/UH ./.,Right. /
+,A,--/: on/IN the/DT verge/NN of/IN country/NN western/NN ./.,-- on the verge of country western. /
sd,B,"Of/IN course/NN ,/, Garth/NNP Brooks/NNP lives/VBZ about/RB ,/, uh/UH ,/, you/PRP know/VBP ,/,","Of course, Garth Brooks lives about, {F uh, } {D you know, } - /"
sd,B,"his/PRP$ ,/, his/PRP$ home/NN town/NN is/VBZ about/RB ,/, uh/UH ,/, fifteen/CD minutes/NNS away/RB --/:","[ his, + his ] home town is about, {F uh, } fifteen minutes away -- /"
ba,A,"Oh/UH ,/, wonderful/JJ ./.","{F Oh, } wonderful. /"
sd,B,"--/: so/RB he/PRP is/VBZ ,/, he/PRP 's/BES a/DT home/NN boy/NN ./.","-- {C so } [ he is, + he's ] a home boy <laughter>. /"
sv,A,"Well/UH ,/, then/RB ,/, of/IN course/NN you/PRP like/VBP him/PRP ./.","{D Well, } then, of course you like him. /"
ba,A,That/DT 's/BES great/JJ ./.,That's great. /
sd,A,"But/CC ,/, well/UH ,/, I/PRP have/VBP teen/GW age/^JJ children/NNS ,/,","{C But, } {D well, } I have teen age children, /"
sd,A,"and/CC so/RB ,/, you/PRP know/VBP ,/, I/PRP 'm/VBP ,/, hear/VBP the/DT ,/, the/DT rock/NN music/NN ,/, not/RB the/DT hard/JJ rock/NN ,/, but/CC the/DT ,/, you/PRP know/VBP ,/, Michael/NNP Bolton/NNP type/NN stuff/NN ./.","{C and so, } {D you know, } I'm, hear [ the, + the ] rock music, not the hard rock, but the, {D you know, } Michael Bolton type stuff. /"
b,B,Uh-huh/UH ./.,Uh-huh. /
sd,A,He/PRP 's/BES my/PRP$ personal/JJ favorite/NN ./.,He's my personal favorite. /
sd,B,"My/PRP$ son/NN is/VBZ ,/, uh/UH ,/, twenty-eight/CD ,/,","My son is, {F uh, } twenty-eight, /"
sd,B,"so/RB ,/, but/CC he/PRP ,/, he/PRP 's/BES real/RB unusual/JJ in/IN that/DT ,/, uh/UH ,/,","[ {C so, } + {C but } ] [ he, + he's ] real unusual in that, {F uh, } /"
sd,B,he/PRP likes/VBZ a/DT little/JJ bit/NN of/IN every/DT kind/NN ./.,he likes a little bit of every kind. /
sd,B,He/PRP likes/VBZ jazz/NN --/:,He likes jazz --
ba,A,"Oh/UH ,/, that/DT 's/BES good/JJ ./.","{F Oh, } that's good. /"
+,B,"--/: and/CC ,/, uh/UH ,/, blues/NNS and/CC ,/, and/CC course/NN the/DT rock/NN --/:","-- and, {F uh, } blues [ and, + and ] course the rock -- /"
b,A,"Uh-huh/UH ,/,","Uh-huh, /"
b,A,uh-huh/UH ./.,uh-huh. /
sd,B,"--/: I/PRP ,/, I/PRP ca/MD n't/RB say/VB he/PRP 's/BES real/RB crazy/JJ about/IN elevator/NN music/NN ,/, as/IN he/PRP calls/VBZ it/PRP ./.","-- [ I, + I ] can't say he's real crazy about elevator music, as he calls it. /"
b,A,"No/UH ,/,","No, /"
b,A,"no/UH ,/,","no, /"
sd,A,"I/PRP ,/, I/PRP do/VBP n't/RB ,/, I/PRP do/VBP n't/RB ,/, actually/RB ,/, we/PRP do/VBP n't/RB listen/VB to/IN any/DT elevator/NN music/NN at/IN my/PRP$ house/NN ./.","[ [ [ I, + I don't, ] + I don't, ] + actually, we don't ] listen to any elevator music at my house. /"
sd,A,"But/CC I/PRP 've/VBP got/VBN teenagers/NNS ,/,","{C But } I've got teenagers, /"
%,A,so/RB ./.,{C so. } -/
sd,B,"Well/UH ,/, my/PRP$ teenagers/NNS are/VBP all/DT gone/VBN ./.","{D Well, } my teenagers are all gone. /"
sd,B,I/PRP can/MD listen/VB to/TO any/IN music/NN I/PRP want/VBP to/IN ./.,I can listen to any music I want to <laughter>. /
b,A,"Yeah/UH ,/,","Yeah, /"
ba,A,"that/DT 's/BES good/JJ ,/,","that's good, /"
sd,A,"I/PRP ,/, actually/RB ,/, when/WRB I/PRP 'm/VBP home/RB alone/JJ ,/, which/WDT is/VBZ n't/RB too/RB often/RB ,/, but/CC ,/, uh/UH ,/, our/PRP$ Public/NNP Radio/NNP Station/NNP has/VBZ wonderful/JJ classical/JJ music/NN ./.","[ I, + actually, when I'm ] home alone, which isn't too often, [ but, + ] {F uh, } our Public Radio Station has wonderful classical music. /"
sv,A,"It/PRP 's/BES just/RB very/RB wonderful/JJ ./. Soothing/VBG ,/, and/CC ,/, you/PRP know/VBP ,/, uh/UH ,/, lot/NN of/IN symphonies/NNS","It's just very wonderful. Soothing, and, {D you know, } {F uh, } lot of symphonies /"
sd,A,"and/CC ,/, I/PRP just/RB ,/, I/PRP love/VBP that/DT ,/,","{C and, } [ I just, + I ] love that, /"
sd,A,that/DT 's/BES probably/RB my/PRP$ all-time/JJ favorite/NN ./.,that's probably my all-time favorite. /
sd,B,"You/PRP know/VBP ,/, uh/UH ,/, I/PRP ,/, I/PRP teach/VBP --/:","{D You know, } {F uh, } [ I, + I ] teach -- /"
%,A,Um/UH ./.,{F Um. } /
sd,B,"--/: and/CC we/PRP can/MD have/VB music/NN in/IN the/DT classroom/NN ,/,","-- {C and } we can have music in the classroom, /"
sd,B,"but/CC it/PRP ,/, you/PRP know/VBP ,/, it/PRP ca/MD n't/RB be/VB the/DT rock/NN or/CC anything/NN like/IN that/DT --/:","{C but } [ it, + {D you know, } it ] can't be the rock or anything like that -- /"
b,A,Right/UH ./.,Right. /
sv,B,"--/: and/CC I/PRP ,/, I/PRP find/VBP that/IN the/DT classical/JJ music/NN is/VBZ very/RB good/JJ for/IN the/DT kids/NNS too/RB ,/, it/PRP does/VBZ n't/RB disturb/VB them/PRP and/CC --/:","-- {C and } [ I, + I ] find that the classical music is very good for the kids too, it doesn't disturb them {C and } --"
b,A,Right/UH ./.,Right. /
+,B,"--/: yet/RB it/PRP 's/BES ,/, it/PRP 's/BES ,/, it/PRP --/:","-- yet [ [ it's, + it's, ] + it --"
^2,A,"Relax/VB ,/,","Relax, /"
+,B,"--/: stimulates/VBZ them/PRP ,/,","-- stimulates ] them, /"
%,B,and/CC --/:,[ {C and } -- +
b,A,Yeah/UH ./.,Yeah. /
+,B,"--/: and/CC ,/, uh/UH ,/,","-- {C and, } ] {F uh, } -/"
qw,A,"What/WP do/VBP you/PRP teach/VB ,/, what/WP grade/NN ?/.","What do you teach, what grade? /"
sd,B,"Well/UH ,/, it/PRP 's/BES ninth/JJ ,/, nine/CD through/IN twelve/CD --/:","{D Well, } it's [ ninth, + nine ] through twelve -- /"
ba,A,Good/JJ for/IN you/PRP ./.,Good for you. /
%,B,"--/: and/CC ,/,","-- {C and, } -/"
qw^d,A,A/DT certain/JJ subject/NN ?/.,A certain subject? /
sd,B,"Well/UH ,/, it/PRP 's/BES ,/, uh/UH ,/, business/NN technology/NN ./.","{D Well, } it's, {F uh, } business technology. /"
ba,A,Good/JJ for/IN you/PRP ./.,Good for you. /
%,B,"But/CC ,/, uh/UH --/:","{C But, } {F uh } -- -/"
sd,A,"I/PRP was/VBD just/RB sitting/VBG here/RB while/IN she/PRP was/VBD trying/VBG to/TO find/VB ,/, a/DT ,/, a/DT ,/, another/DT caller/NN ,/, uh/UH ,/,","I was just sitting here while she was trying to find, [ [ a, + a, ] + another ] caller, {F uh, /"
sd,A,I/PRP was/VBD reading/VBG,} I was reading - /
sd,A,"my/PRP$ ,/, my/PRP$ husband/NN and/CC I/PRP are/VBP taking/VBG a/DT computer/NN class/NN at/IN our/PRP$ junior/JJ college/NN ./.","[ my, + my ] husband and I are taking a computer class at our junior college <laughter>. /"
ba,B,"--/: oh/UH ,/, boy/UH ,/,","-- {F oh, } boy, /"
b,A,"Yeah/UH ,/,","Yeah, /"
sv,A,"it/PRP 's/BES pretty/RB good/JJ ,/,","it's pretty good, /"
sd,A,"it/PRP 's/BES just/RB a/DT real/RB basic/JJ class/NN ,/,","it's just a real basic class, /"
sd,A,"but/CC we/PRP 're/VBP learning/VBG a/DT lot/NN ,/,","{C but } we're learning a lot, /"
sd,A,"and/CC we/PRP have/VBP a/DT home/JJ computer/NN ,/,","{C and } we have a home computer, /"
sv,A,"so/RB it/PRP 's/BES ,/, it/PRP 's/BES very/RB interesting/JJ ./.","{C so } [ it's, + it's ] very interesting. /"
b,B,"Uh/UH ,/, yeah/UH ,/,","{F Uh, } yeah, /"
sd,B,I/PRP 'd/MD learn/VB it/PRP too/RB ./.,I'd learn it too. /
sv,B,"Uh/UH ,/, back/RB to/IN ,/, I/PRP guess/VBP we/PRP 'd/MD better/RBR get/VB back/RB to/IN music/NN ,/, though/RB ./.","{F Uh, } [ back to, + I guess we'd better get back to ] music, though. /"
b,A,"Yeah/UH ,/,","Yeah, /"
sd,A,the/DT subject/NN of/IN music/NN ./.,the subject of music <Laughter>. /
%,B,"I/PRP ,/, uh/UH ,/,","I, {F uh, } - /"
qy,B,do/VBP you/PRP play/VB any/DT instruments/NNS ?/.,do you play any instruments? /
na,A,"I/PRP play/VBP ,/, I/PRP play/VBP piano/NN ,/,","[ I play, + I play ] piano, /"
sd,A,"I/PRP took/VBD lessons/NNS for/IN thirteen/CD years/NNS ,/,","I took lessons for thirteen years, /"
sd,A,"and/CC right/RB now/RB my/PRP$ nine/CD year/NN old/JJ is/VBZ taking/VBG piano/NN ,/,","{C and } right now my nine year old is taking piano, /"
sd,A,"and/CC I/PRP just/RB got/VBD a/DT whole/JJ mess/NN of/IN music/NN ,/,","{C and } I just got a whole mess of music, /"
sd,A,"I/PRP ,/, I/PRP play/VBP the/DT ,/, volunteer/NN to/TO play/VB the/DT piano/NN at/IN the/DT children/NNS 's/POS Christmas/NNP program/NN for/IN the/DT whole/JJ grade/NN school/NN ,/, which/WDT is/VBZ K/NN through/IN six/CD --/:","[ [ I, + I ] play the, + volunteer to play the ] piano at the children's Christmas program for the whole grade school, which is K through six --"
sv,B,"Ooh/UH ,/, you/PRP took/VBD on/IN a/DT ,/,","Ooh, you took on a, -/"
+,A,--/: five/CD hundred/CD kids/NNS ./.,-- five hundred kids. /
ba,B,good/JJ job/NN ./.,good job. /
sd,A,"I/PRP did/VBD it/PRP last/JJ year/NN ,/,","<Laughter> I did it last year, /"
sd,A,"and/CC ,/, and/CC ,/, um/UH ,/, I/PRP ,/, I/PRP just/RB sub/VBP at/IN the/DT school/NN ,/,","[ {C and, } + {C and, } ] {F um, } [ I, + I ] just sub at the school, /"
sd,A,"I/PRP do/VBP n't/RB want/VB to/TO work/VB full/GW time/^RB ,/,","I don't want to work full time, /"
sd,A,"so/RB I/PRP just/RB sub/VBP at/IN the/DT school/NN ,/,","{C so } I just sub at the school, /"
sd,A,"and/CC that/DT 's/BES kind/RB of/RB my/PRP$ volunteer/NN thing/NN ,/,","{C and } that's kind of my volunteer thing, /"
sv,A,"so/RB that/DT ,/, it/PRP ,/, it/PRP 's/BES really/RB neat/JJ ,/,","{C so } [ [ that, + it, ] + it's ] really neat, /"
sd,A,"and/CC my/PRP$ older/JJR daughter/NN plays/VBZ the/DT saxophone/NN ,/,","{C and } my older daughter plays the saxophone, /"
sd,A,"my/PRP$ next/JJ son/NN plays/VBZ the/DT drums/NNS ,/,","my next son plays the drums, /"
sd,A,"and/CC my/PRP$ third/JJ son/NN just/RB started/VBD baritone/NN this/DT year/NN ,/,","{C and } my third son just started baritone this year, /"
sd,A,"and/CC my/PRP$ little/JJ girl/NN will/MD start/VB French/JJ horn/NN next/JJ year/NN ,/,","{C and } my little girl will start French horn next year, /"
%,A,so/RB ./.,{C so. } -/
sd,B,"Oh/UH ,/, well/UH ,/, my/PRP$ son/NN played/VBD the/DT sax/NN and/CC drums/NNS ,/, my/PRP$ daughter/NN the/DT piano/NN ,/, organ/NN and/CC French/JJ horn/NN ./.","{F Oh, } {D well, } my son played the sax and drums, my daughter the piano, organ and French horn. /"
b,A,Oh/UH ./.,Oh. /
%,B,So/RB ./.,{D So. } -/
sv,A,French/JJ horn/NN is/VBZ absolutely/RB wonderful/JJ instrument/NN ./.,French horn is absolutely wonderful instrument. /
sd,A,It/PRP 's/BES just/RB my/PRP$ favorite/JJ ./.,It's just my favorite. /
sd,A,"Of/IN course/NN that/DT 's/BES what/WP I/PRP played/VBD ,/,","Of course that's what I played, /"
sd,A,"and/CC so/RB I/PRP 'm/VBP pushing/VBG that/DT on/IN my/PRP$ daughter/NN because/IN I/PRP want/VBP to/TO play/VB in/IN our/PRP$ city/NN band/NN ,/, not/RB the/DT symphony/NN ,/, with/IN just/RB the/DT city/NN band/NN --/:","{C and so } I'm pushing that on my daughter because I want to play in our city band, not the symphony, with just the city band --"
b,B,"Oh/UH ,/, okay/UH ./.","{F Oh, } okay. /"
+,A,"--/: once/IN we/PRP get/VBP the/DT ,/, the/DT French/JJ horn/NN","-- once we get the, the French horn /"
sd,A,and/CC I/PRP get/VBP a/DT little/JJ bit/NN more/JJR time/NN ./.,{C and } I get a little bit more time. /
sd,A,Right/UH now/RB I/PRP 'm/VBP busy/JJ chasing/VBG my/PRP$ kids/NNS ./.,Right now I'm busy chasing my kids. /
b,B,"Yes/UH ,/,","Yes, /"
x,A,,<Laughter>.
qy^d,B,sounds/VBZ like/IN you/PRP 've/VBP got/VBN a/DT houseful/NN ./.,sounds like you've got a houseful. /
na,A,"I/PRP do/VBP ,/, I/PRP do/VBP ,/, I/PRP love/VBP it/PRP ,/,","[ [ I do, + I do, ] + I love ] it, /"
sv,A,"but/CC we/PRP have/VBP a/DT ,/, a/DT marvelous/JJ band/NN instructor/NN ,/,","{C but } we have [ a, + a ] marvelous band instructor, /"
sv,A,"and/CC ,/, and/CC he/PRP 's/BES just/RB ,/, he/PRP 's/BES wonderful/JJ ./.","[ {C and, } + {C and } ] [ he's just, + he's ] wonderful. /"
sd,A,"We/PRP have/VBP ,/, uh/UH ,/, couple/NN of/IN hundred/CD kids/NNS in/IN the/DT band/NN ,/,","We have, {F uh, } couple of hundred kids in the band, /"
sv,A,our/PRP$ junior/JJ high/JJ band/NN is/VBZ just/RB wonderful/JJ ./.,our junior high band is just wonderful. /
%,B,"Oh/UH ,/, that/DT 's/BES a/DT ,/,","{F Oh, } that's a, -/"
%,A,"He/PRP ,/, lot/NN ,/,","He, lot, - /"
%,A,"and/CC their/PRP$ concert/NN band/NN ,/,","and their concert band, - /"
sd,A,"and/CC then/RB he/PRP has/VBZ a/DT jazz/NN band/NN that/WDT my/PRP$ older/JJR daughter/NN was/VBD in/IN ,/,","{C and then } he has a jazz band that my older daughter was in, /"
sd,A,and/CC my/PRP$ son/NN will/MD be/VB in/IN next/JJ year/NN,{C and } my son will be in next year /
%,A,"that/DT 's/BES ,/,","that's, - /"
sd,A,"I/PRP mean/VBP ,/, they/PRP ca-/XX ,/, play/VBP college/NN level/NN music/NN in/IN junior/JJ high/NN ,/,","{E I mean, } they [ ca-, + play ] college level music in junior high, /"
sv,A,"he/PRP 's/BES that/RB good/JJ of/IN an/DT instructor/NN ,/,","he's that good of an instructor, /"
sv,A,and/CC the/DT kids/NNS just/RB love/VBP him/PRP ./.,{C and } the kids just love him. /
ba,B,"Oh/UH ,/, that/DT 's/BES wonderful/JJ ,/,","{F Oh, } that's wonderful, /"
sv,A,So/RB it/PRP 's/BES really/RB good/JJ ./.,{C So } it's really good. /
sv,A,It/PRP is/VBZ wonderful/JJ ./.,It is wonderful. /
sd,B,"I/PRP ,/, I/PRP have/VBP totally/RB ,/, totally/RB a/DT tin/NN ear/NN --/:","[ I, + I ] have [ totally, + totally ] a tin ear -- /"
qy,A,Oh/UH do/VBP you/PRP ./.,{F Oh } do you <laughter>. /
sd,B,--/: and/CC I/PRP love/VBP music/NN ./.,-- {C and } I love music. /
sd,B,I/PRP can/MD not/RB carry/VB a/DT tune/NN in/IN a/DT basket/NN ./.,I cannot carry a tune in a basket. /
x,A,,<Laughter>.
sd,B,"I/PRP know/VBP what/WP I/PRP like/VBP ,/,","I know what I like, /"
%,B,but/CC I/PRP --/:,{C but } I -- -/
b,A,Uh-huh/UH ./.,Uh-huh. /
sd,B,"--/: you/PRP know/VBP ,/, and/CC I/PRP love/VBP to/TO listen/VB to/IN it/PRP ,/, love/VBP to/TO sing/VB ,/, and/CC I/PRP ,/, my/PRP$ kids/NNS ,/, when/WRB I/PRP was/VBD little/JJ and/CC ,/, they/PRP were/VBD little/JJ","-- {D you know, } {C and } I love to listen to it, love to sing, and [ I, + my ] kids, when I was little and, they were little /"
sd,B,"and/CC I/PRP was/VBD rocking/VBG them/PRP ,/, singing/VBG to/IN them/PRP ./.","{C and } I was [ rocking them, + singing to them. ] /"
b,A,Uh-huh/UH ./.,Uh-huh. /
