act_tag,speaker,pos,text
"fo_o_fw_""_by_bc",A,"Okay/UH ,/,","Okay, /"
sd,A,"well/UH ,/, uh/UH ,/, some/DT of/IN the/DT books/NNS I/PRP 've/VBP read/VBN lately/RB have/VB to/TO do/VB with/IN crafty/JJ type/NN things/NNS where/WRB I/PRP 've/VBP ,/, where/WRB I/PRP 've/VBP ,/, um/UH ,/, learned/VBN things/NNS that/WDT I/PRP 'm/VBP going/VBG to/TO do/VB for/IN my/PRP$ children/NNS for/IN Christmas/NNP --/:","{D well, } {F uh, } some of the books I've read lately have to do with crafty type things [ where I've, + where I've, ] {F um, } learned things that I'm going to do for my children for Christmas -- /"
b,B,Uh-huh/UH ./.,Uh-huh. /
sd,A,"--/: and/CC they/PRP were/VBD really/RB ,/, uh/UH ,/, helpful/JJ ,/, because/IN I/PRP did/VBD n't/RB know/VB how/WRB to/TO do/VB this/DT one/CD stitching/NN ,/,","-- {C and } they were really, {F uh, } helpful, because I didn't know how to do this one stitching, /"
sd,A,"and/CC so/RB ,/, that/DT was/VBD very/RB helpful/JJ to/IN me/PRP as/RB far/RB as/IN books/NNS ./.","{C and so, } that was very helpful to me as far as books. /"
sd,A,"Otherwise/RB ,/, um/UH ,/, I/PRP like/VBP to/TO read/VB children/NNS 's/POS books/NNS ,/, and/CC things/NNS like/IN that/DT ./.","Otherwise, {F um, } I like to read children's books, and things like that. /"
qo,A,What/WP about/IN you/PRP ?/.,What about you? /
^h,B,"Oh/UH ,/, goodness/UH ,/,","{F Oh, } goodness, /"
^h,B,"well/UH I/PRP was/VBD an/DT English/NNP major/JJ ,/,","{D well } I was an English major, /"
sd,B,so/RB I/PRP like/VBP to/TO read/VB period/NN ./.,{C so } I like to read period. /
b,A,Oh/UH ./.,Oh. /
sd,B,"Uh/UH ,/, lately/RB ,/, I/PRP 've/VBP been/VBN ,/, on/IN the/DT whole/NN ,/, very/RB practical/JJ ,/,","{F Uh, } lately, I've been, on the whole, very practical, /"
sd,B,"and/CC ,/, uh/UH ,/, I/PRP 'm/VBP trying/VBG ,/, um/UH ,/, to/TO ,/, to/TO ,/, uh/UH ,/, furnish/VB a/DT home/NN --/:","{C and, } {F uh, } I'm trying, {F um, } [ to, + to, ] {F uh, } furnish a home -- /"
b,A,Um/UH ./.,{F Um. } /
sd,B,"--/: so/RB I/PRP 've/VBP been/VBN looking/VBG at/IN ,/, I/PRP 'm/VBP not/RB sure/JJ reading/NN is/VBZ the/DT word/NN ,/, but/CC looking/VBG at/IN books/NNS on/IN ,/, uh/UH ,/, antiques/NNS and/CC paintings/NNS and/CC ,/, uh/UH ,/, interior/JJ decoration/NN hints/NNS --/:","-- {C so } I've been [ looking at, + {A I'm not sure reading is the word, } [ but + ] looking at ] books on, {F uh, } antiques and paintings and, {F uh, } interior decoration hints --"
b,A,Uh-huh/UH ./.,Uh-huh. /
+,B,"--/: and/CC ,/, uh/UH ,/, lots/NNS of/IN books/NNS on/IN plants/NNS and/CC ,/, and/CC ,/, and/CC gardens/NNS ,/, because/IN we/PRP started/VBD a/DT garden/NN --/:","-- and, {F uh, } lots of books on plants [ [ and, + and, ] + and ] gardens, because we started a garden --"
b,A,Oh/UH ./.,Oh. /
+,B,"--/: and/CC things/NNS ,/, things/NNS like/IN that/DT ./.","-- and [ things, + things ] like that. /"
sd,B,"So/RB I/PRP 've/VBP been/VBN doing/VBG very/RB little/JJ reading/NN ,/, except/IN I/PRP ,/, I/PRP did/VBD finally/RB dip/VB into/IN a/DT couple/NN of/IN biographies/NNS ./. Um/UH ,/, all/DT of/IN sort/RB of/RB literary/JJ figures/NNS of/IN this/DT century/NN ./.","{C So } I've been doing very little reading, except [ I, + I ] did finally dip into a couple of biographies. {F Um, } all of sort of literary figures of this century. /"
b,A,Uh-huh/UH ./.,Uh-huh. /
sd,A,It/PRP 's/BES interesting/JJ that/IN you/PRP said/VBD that/DT ./.,It's interesting that you said that. /
sd,A,"My/PRP$ husband/NN and/CC I/PRP had/VBD ,/, uh/UH ,/, took/VBD a/DT book/NN out/IN of/IN the/DT library/NN about/IN gardening/NN ,/, too/RB ,/, and/CC started/VBD a/DT garden/NN ,/, a/DT fall/NN garden/NN ./.","My husband and I had, {F uh, } took a book out of the library about gardening, too, and started a garden, a fall garden. /"
b,B,Oh/UH ./.,Oh. /
b,A,"Um/UH ,/,","{F Um, } /"
ba,B,Good/JJ for/IN you/PRP ./.,Good for you. /
sd,B,I/PRP have/VBP n't/RB gotten/VBN around/IN to/IN that/DT ./.,I haven't gotten around to that. /
b,A,"Oh/UH ,/, ,/, Yeah/UH ,/,","{F Oh, } <laughter>, Yeah, /"
sd,A,"and/CC our/PRP$ ,/, our/PRP$ ,/, uh/UH ,/, cantaloupes/NNS and/CC ,/, and/CC ,/, um/UH ,/, peppers/NNS and/CC tomatoes/NNS are/VBP on/RP right/RB now/RB ,/,","{C and } [ our, + our, ] {F uh, } cantaloupes [ and, + and, ] {F um, } peppers and tomatoes are on right now, /"
sd,A,"so/RB it/PRP 's/HVS been/VBN really/RB fun/JJ ,/,","{C so } it's been really fun, /"
sd,A,"and/CC ,/, and/CC we/PRP learned/VBD that/IN ,/, you/PRP know/VBP ,/, um/UH ,/, some/DT of/IN the/DT gardening/NN skills/NNS we/PRP had/VBD were/VBD before/RB ,/,","[ {C and, } + {C and } ] we learned that, {D you know, } {F um, } some of the gardening skills we had were before, /"
sd,A,"but/CC ,/, some/DT of/IN them/PRP we/PRP learned/VBD from/IN a/DT book/NN --/:","{C but, } some of them we learned from a book -- /"
b,B,Uh-huh/UH ./.,Uh-huh. /
sd,A,--/: and/CC so/RB that/DT was/VBD helpful/JJ to/IN us/PRP ./.,-- {C and so } that was helpful to us. /
sd,A,"Now/UH ,/, I/PRP 've/VBP read/VBD two/CD books/NNS ,/, uh/UH ,/, that/WDT were/VBD ,/, uh/UH ,/, nonfiction/NN lately/RB --/:","{D Now, } I've read two books <lipsmack>, {F uh, } that were, {F uh, } nonfiction lately -- /"
b,B,Yes/UH ./.,Yes. /
%,A,"--/: and/CC ,/, uh/UH ,/, I/PRP ,/,","-- {C and, } {F uh, } I, - /"
sd,A,"well/UH ,/, one/CD was/VBD nonfiction/NN and/CC one/CD was/VBD fiction/NN ,/,","{D well, } one was nonfiction and one was fiction, /"
sd,A,"and/CC the/DT fiction/NN one/CD ,/, uh/UH ,/, was/VBD about/IN a/DT boy/NN in/IN ,/, uh/UH ,/, during/IN the/DT time/NN of/IN Adolf/NNP Hitler/NNP --/:","{C and } the fiction one, {F uh, } was about a boy [ in, + ] {F uh, } during the time of Adolf Hitler -- /"
b,B,Um/UH ./.,{F Um. } /
sd,A,--/: and/CC he/PRP grew/VBD up/RP and/CC lived/VBD through/IN a/DT concentration/NN camp/NN --/:,-- {C and } he grew up and lived through a concentration camp -- /
b,B,Um/UH ./.,{F Um. } /
sv,A,--/: and/CC that/DT was/VBD not/RB enjoyment/NN ./.,-- {C and } that was not enjoyment <laughter>. /
aa,B,No/UH ./.,<Laughter> No. /
sd,A,"That/DT ,/, that/DT was/VBD too/RB realistic/JJ and/CC really/RB ,/, um/UH ,/, mind/NN ,/, a/DT real/JJ eye/NN opener/NN ,/, uh/UH ,/,","[ That, + that ] was too realistic and really, {F um, } [ mind, + ] a real eye opener, {F uh, } /"
h,A,"and/CC I/PRP guess/VBP it/PRP 's/BES good/JJ to/TO read/VB those/DT things/NNS ,/, too/RB ./. Uh/UH ,/,","{C and } I guess it's good to read those things, too. {F Uh, } /"
sd,A,"but/CC ,/, I/PRP did/VBD n't/RB enjoy/VB it/PRP necessarily/RB --/:","{C but, } I didn't enjoy it necessarily -- /"
b,B,Uh-huh/UH ./.,Uh-huh. /
sd,A,"--/: and/CC ,/, uh/UH ,/, the/DT other/JJ one/CD was/VBD quite/RB enjoyable/JJ ./.","-- {C and, } {F uh, } the other one was quite enjoyable. /"
sd,A,"It/PRP was/VBD ,/, uh/UH ,/, about/IN a/DT ,/, a/DT Chinese/JJ lady/NN and/CC her/PRP$ generations/NNS down/IN ,/, her/PRP$ ,/, what/WP happened/VBD to/IN her/PRP$ family/NN through/IN the/DT years/NNS --/:","It was, {F uh, } about [ a, + a ] Chinese lady and her generations down, [ her, + ] what happened to her family through the years -- /"
b,B,Oh/UH ./.,Oh. /
sd,A,"--/: so/RB ,/, that/DT one/CD was/VBD good/JJ ./.","-- {C so, } that one was good. /"
%,A,"I/PRP think/VBP all/DT of/IN ,/,","I think all of, - /"
sv,A,"well/UH ,/, even/RB if/IN they/PRP 're/VBP not/RB enjoyable/JJ ,/, they/PRP bring/VBP you/PRP a/DT ,/, uh/UH ,/, some/DT kind/NN of/IN ,/, of/IN learning/NN ,/,","{D well, } even if they're not enjoyable, they bring you [ a, + ] {F uh, } some kind [ of, + of ] learning, /"
sv,A,so/RB even/RB if/IN it/PRP 's/BES the/DT country/NN that/WDT they/PRP 're/VBP from/IN or/CC anything/NN like/IN that/DT ./.,{C so } even if it's the country that they're from or anything like that. - /
sd,A,"So/RB ,/, I/PRP ,/, I/PRP ,/, I/PRP like/VBP to/TO read/VB the/DT ,/, the/DT children/NNS 's/POS books/NNS ,/,","{C So, } [ [ I, + I, ] + I ] like to read [ the, + the ] children's books, /"
sd,A,I/PRP think/VBP that/DT 's/BES the/DT most/RBS animated/JJ and/CC imaginative/JJ ./.,I think that's the most animated and imaginative. /
sd,A,So/RB I/PRP like/VBP those/DT a/DT lot/NN ./.,{C So } I like those a lot. /
qw,B,"Uh/UH ,/, what/WP are/VBP your/PRP$ favorite/JJ children/NNS 's/POS books/NNS ?/.","{F Uh, } what are your favorite children's books? /"
sd,A,"Oh/UH ,/, there/EX are/VBP a/DT couple/NN of/IN Newberry/NNP Award/NNP winners/NNS ./.","{F Oh, } there are a couple of Newberry Award winners. /"
sd,A,"Uh/UH ,/, A/DT WRINKLE/NN IN/IN TIME/NN is/VBZ one/CD --/:","{F Uh, } A WRINKLE IN TIME is one -- /"
b,B,Uh-huh/UH ./.,Uh-huh. /
qy^d,A,--/: I/PRP do/VBP n't/RB know/VB if/IN you/PRP 've/VBP ever/RB read/VBN that/DT --/:,-- I don't know if you've ever read that -- /
nn,B,No/UH ./.,No. /
sd,A,"--/: but/CC ,/, but/CC ,/, um/UH ,/, oh/UH ,/, there/EX 's/BES one/CD about/IN an/DT Indian/NNP girl/NN ,/,","-- [ {C but, } + {C but, } ] {F um, } {F oh, } there's one about an Indian girl, /"
sd,A,"and/CC I/PRP ca/MD n't/RB think/VB of/IN that/DT ,/,","{C and } I can't think of that, /"
sd,A,ISLAND/NN OF/IN THE/DT BLUE/JJ DOLPHINS/NNS is/VBZ another/DT --/:,ISLAND OF THE BLUE DOLPHINS is another -- /
b,B,Um/UH ./.,{F Um. } /
sd,A,--/: and/CC that/DT 's/BES a/DT good/JJ one/CD ./.,-- {C and } that's a good one. /
sd,A,"Now/UH ,/, some/DT of/IN the/DT ones/NNS that/WDT have/VBP just/RB received/VBN the/DT awards/NNS this/DT year/NN ,/, I/PRP have/VBP n't/RB read/VBN ,/,","{D Now, } some of the ones that have just received the awards this year, I haven't read, /"
sd,A,and/CC I/PRP would/MD like/VB to/TO read/VB those/DT --/:,{C and } I would like to read those -- /
b,B,Uh-huh/UH ./.,Uh-huh. /
sd,A,"--/: but/CC ,/, uh/UH ,/, it/PRP 's/BES funny/JJ ,/, because/IN I/PRP 've/VBP read/VBN some/DT from/IN like/IN nineteen/CD twenty-three/CD and/CC nineteen/CD forty-five/CD and/CC things/NNS like/IN that/DT --/:","-- {C but, } {F uh, } it's funny, because I've read some from like nineteen twenty-three and nineteen forty-five and things like that -- /"
b,B,Uh-huh/UH ./.,Uh-huh. /
sd,A,"--/: and/CC I/PRP did/VBD n't/RB enjoy/VB those/DT as/IN much/JJ ,/,","-- {C and } I didn't enjoy those as much, /"
sd,A,"and/CC I/PRP do/VBP n't/RB know/VB if/IN it/PRP 's/BES just/RB because/IN they/PRP did/VBD n't/RB come/VB from/IN my/PRP$ era/NN or/CC what/WP ,/,","{C and } I don't know if it's just because they didn't come from my era or what, /"
%,A,"but/CC ,/, uh/UH ,/,","{C but, } {F uh, } -/"
ba,B,"That/DT 's/BES interesting/JJ ,/,","That's interesting, /"
%,B,"I/PRP ,/, I/PRP ,/, I/PRP ,/,","[ [ I, + I, ] + I, ] - /"
sd,B,"well/UH ,/, you/PRP ca/MD n't/RB be/VB an/DT English/NNP major/JJ unless/IN you/PRP like/VBP reading/VBG things/NNS from/IN the/DT past/NN ,/,","{D well, } you can't be an English major unless you like reading things from the past, /"
b,A,Yeah/UH ./.,Yeah. /
sd,B,"So/RB ,/, I/PRP 've/VBP read/VBN a/DT great/JJ deal/NN of/IN old/JJ things/NNS ./.","{C So, } I've read a great deal of old things. /"
sd,B,"I/PRP tend/VBP to/TO go/VB ,/, go/VB back/RB ,/,","I tend to [ go, + go ] back, - /"
sd,B,I/PRP do/VBP n't/RB have/VB any/DT children/NNS --/:,I don't have any children -- /
b,A,Uh-huh/UH ./.,Uh-huh. /
sd,B,"--/: so/RB I/PRP do/VBP n't/RB read/VB the/DT new/JJ ones/NNS ,/,","-- {C so } I don't read the new ones, /"
sd,B,"but/CC I/PRP occasionally/RB ,/, if/IN no/DT one/CD 's/BES looking/VBG --/:","{C but } I occasionally, if no one's looking --"
b,A,Uh-huh/UH ./.,Uh-huh. /
+,B,"--/: dip/VB into/IN something/NN like/IN WINNIE/NNP THE/DT POOH/NNP ,/,","-- dip into something like WINNIE THE POOH,"
b,A,Uh-huh/UH ./.,Uh-huh. /
+,B,,<Laughter>.
aa,A,"No/UH ,/,","No, /"
aa,A,even/RB that/DT 's/BES good/JJ ./.,even that's good. /
+,B,"Or/CC ,/, uh/UH ,/, uh/UH ,/, the/DT GRIMM/NNP 'S/POS FAIRY/NN TALES/NNS or/CC something/NN like/IN that/DT --/:","Or, {F uh, } {F uh, } the GRIMM'S FAIRY TALES or something like that --"
b,A,Uh-huh/UH ./.,Uh-huh. /
+,B,"--/: um/UH ,/, just/RB because/IN it/PRP 's/BES sheer/JJ magic/NN ./.","-- {F um, } just because it's sheer magic. /"
b,A,"Yeah/UH ,/,","Yeah, /"
sd,A,"uh/UH ,/, my/PRP$ children/NNS and/CC I/PRP ,/, uh/UH ,/, I/PRP started/VBD a/DT thing/NN where/WRB I/PRP read/VBP a/DT book/NN with/IN them/PRP before/IN they/PRP went/VBD --/:","{F uh, } my children and [ I, + {F uh, } I ] started a thing where I read a book with them before they went --"
b,B,Uh-huh/UH ./.,Uh-huh. /
+,A,--/: to/IN bed/NN at/IN night/NN ./.,-- to bed at night. /
sd,A,"And/CC there/EX was/VBD one/CD called/VBN THE/DT PIG/NN PRINCESS/NN ,/,","{C And } there was one called THE PIG PRINCESS, /"
sd,A,"and/CC it/PRP was/VBD a/DT ,/, a/DT princess/NN from/IN a/DT long/JJ ,/, long/JJ ,/, time/NN ago/RB ,/,","{C and } it was [ a, + a ] princess from a long, long, time ago, /"
sd,A,"and/CC she/PRP came/VBD through/IN a/DT ,/, a/DT spell/NN kind/RB of/RB thing/NN and/CC ended/VBD up/RP in/IN a/DT pig/NN ,/, um/UH ,/, sty/NN ,/,","{C and } she came through [ a, + a ] spell kind of thing and ended up in a pig, {F um, } sty, /"
sd,A,and/CC the/DT people/NNS that/WDT she/PRP came/VBD to/IN were/VBP just/RB farm/NN people/NNS --/:,{C and } the people that she came to were just farm people -- /
b,B,Yes/UH ./.,Yes. /
sd,A,"--/: and/CC she/PRP did/VBD n't/RB understand/VB them/PRP ,/,","-- {C and } she didn't understand them, /"
sd,A,"and/CC they/PRP did/VBD n't/RB understand/VB her/PRP$ ,/,","{C and } they didn't understand her, /"
sd,A,"but/CC it/PRP came/VBD together/RB in/IN this/DT book/NN ,/,","{C but } it came together in this book, /"
sd,A,and/CC it/PRP was/VBD really/RB a/DT lot/NN of/IN fun/NN ./.,{C and } it was really a lot of fun. /
b,B,"Yes/UH ,/,","Yes, /"
sv,B,"I/PRP think/VBP that/IN ,/, uh/UH ,/, we/PRP ,/, we/PRP ,/,","I think that, {F uh, } [ we, + we, ] -/"
