act_tag,speaker,pos,text
"fo_o_fw_""_by_bc",A,"Okay/UH ,/,","Okay, /"
qo,A,what/WP do/VBP you/PRP think/VBP about/IN it/PRP ?/.,what do you think about it? /
sv,B,"Well/UH ,/, uh/UH ,/, the/DT roles/NNS have/VBP definitely/RB changed/VBN --/:","{D Well, } {F uh, } the roles have definitely changed --"
aa,A,"Oh/UH ,/, yeah/UH ./.","{F Oh, } yeah. /"
+,B,--/: in/IN the/DT last/JJ generation/NN or/CC so/RB ./.,-- in the last generation or so. /
sv,B,"Um/UH ,/, I/PRP think/VBP a/DT lot/NN of/IN it/PRP has/VBZ to/TO do/VB with/IN women/NNS working/VBG ./.","{F Um, } I think a lot of it has to do with women working. /"
aa,A,"Uh-huh/NNP ,/,","Uh-huh, /"
aa,A,"yeah/UH ,/,","yeah, /"
sd,A,I/PRP do/VBP too/RB ./.,I do too. /
sv,A,"I/PRP think/VBP it/PRP 's/BES going/VBG to/TO ,/,","I think it's going to, - /"
sv,A,"in/IN ,/, like/IN in/IN the/DT future/NN ,/, I/PRP think/VBP all/DT women/NNS are/VBP going/VBG to/TO work/NN ./.","[ in, + {D like } in ] the future, I think all women are going to work. /"
b,B,Yeah/UH ./.,Yeah. /
sv,A,"I/PRP mean/VBP ,/, they/PRP may/MD let/VB you/PRP off/RP for/IN a/DT day/NN or/CC two/CD to/TO have/VB your/PRP$ baby/NN ,/,","{E I mean, } they may let you off for a day or two to have your baby, /"
sv,A,"but/CC that/DT will/MD be/VB it/PRP ,/,","{C but } that will be it, /"
b,B,Yeah/UH ./.,Yeah. /
sv,A,"or/CC either/RB they/PRP 'll/MD have/VB a/DT computer/NN at/IN home/NN and/CC in/IN the/DT hospital/NN where/WRB you/PRP can/MD just/RB ,/, you/PRP know/VBP ,/, just/RB continue/VB right/RB on/IN with/IN your/PRP$ work/NN ./.","{C or } either they'll have a computer at home and in the hospital where you [ can just, + {D you know, } just ] continue right on with your work. /"
b,B,"Ye-/UH ,/, yeah/UH ./.","[ Ye-, + <laughter> yeah. ] /"
sv,A,"I/PRP mean/VBP ,/, i-/PRP ,/, it/PRP really/RB is/VBZ coming/VBG to/IN that/IN because/IN most/RBS women/NNS now/GW days/^RB can/MD not/RB afford/VB the/DT time/NN that/IN they/PRP could/MD take/VB off/RP unless/IN the/DT company/NN pays/VBZ them/PRP ./.","{E I mean, } [ i-, + it ] really is coming to that because most women now days cannot afford the time that they could take off unless the company pays them. /"
aa,B,"Right/UH ,/,","Right, /"
aa,B,right/UH ./.,right. /
sv,A,"They/PRP ca/MD n't/RB even/RB afford/VB to/TO take/VB off/RP ,/, you/PRP know/VBP ,/, to/TO have/VB children/NNS it/PRP seems/VBZ like/JJ ./.","They can't even afford to take off, {D you know, } to have children it seems like. /"
sv,B,"And/CC it/PRP ,/, and/CC it/PRP seems/VBZ ,/, if/IN you/PRP 're/VBP going/VBG to/TO have/VB kids/NNS ,/, uh/UH ,/, that/IN you/PRP are/VBP ,/, you/PRP know/VBP ,/, society/NN has/VBZ decided/VBN for/IN you/PRP how/WRB many/JJ you/PRP can/MD really/RB have/VB and/CC make/VB it/PRP ./.","[ {C And } it, + {C and } it ] seems, if you're going to have kids, {F uh, } that [ you are, + {D you know, } society has ] decided for you how many you can really have and make it. /"
b,A,Yeah/UH ./.,Yeah. /
sv,B,"And/CC ,/, uh/UH ,/, because/RB if/IN you/PRP have/VBP ,/, you/PRP know/VBP ,/, two/CD ,/, well/UH ,/, if/IN you/PRP go/VBP to/TO work/NN ,/, you/PRP 're/VBP ,/, just/RB working/VBG to/TO pay/VB for/IN day/NN care/NN ,/,","[ {C And, } + {F uh, } {C because } ] if you have, {D you know, } two, {D well, } if you go to work, you're, just working to pay for day care,"
b,A,Right/UH ./.,Right. /
+,B,"two/CD or/CC three/CD ,/, you/PRP know/VBP ,/, um/UH ./.","two or three, {D you know, } {F um. } /"
sd,A,"Now/UH ,/, I/PRP was/VBD real/RB lucky/JJ because/IN my/PRP$ husband/NN had/VBD a/DT good/JJ enough/JJ job/NN where/WRB when/WRB my/PRP$ kids/NNS were/VBD ,/, you/PRP know/VBP ,/, when/WRB I/PRP had/VBD them/PRP and/CC when/WRB they/PRP were/VBD small/JJ ,/,","{D Now, } I was real lucky because my husband had a good enough job where [ when my kids were, + {D you know, } when I had them and when they were small, ]"
b,B,Uh-huh/UH ./.,Uh-huh. /
+,A,"until/IN they/PRP got/VBD in/IN junior/JJ high/JJ school/NN ,/, my/PRP$ youngest/JJS got/VBD in/IN junior/JJ high/JJ ,/, I/PRP did/VBD n't/RB have/VB to/TO work/VB ./.","until [ they got in junior high school, + my youngest got in junior high, ] I didn't have to work. /"
ba,B,"Oh/UH ,/, that/DT is/VBZ good/JJ ./.","{F Oh, } that is good. /"
sd,A,"I/PRP mean/VBP I/PRP did/VBD n't/RB work/NN ,/,","{E I mean } I didn't work, /"
sd,A,"I/PRP ,/, I/PRP needed/VBD to/TO","[ I, + I ] needed to /"
sd,A,but/CC I/PRP did/VBD n't/RB ./.,{C but } I didn't. /
b,B,"Yeah/UH ,/,","Yeah, /"
sd,B,"Steve/NNP 's/HVS ,/, Steve/NNP has/VBZ a/DT sister/NN who/WP has/VBZ four/CD ./.","[ Steve's, + Steve has ] a sister who has four. /"
sd,B,"She/PRP just/RB had/VBD her/PRP$ fourth/JJ one/NN in/IN ,/, uh/UH ,/, March/NNP","She just had her fourth one in, {F uh, } March /"
sd,B,and/CC she/PRP does/VBZ n't/RB have/VB to/TO work/VB either/RB ./.,{C and } she doesn't have to work either. /
sd,B,I/PRP do/VBP n't/RB know/VB how/WRB they/PRP do/VBP it/PRP ./.,I don't know how they do it. /
sd,B,"I/PRP don-/XX ,/, I/PRP do/VBP n't/RB know/VB how/WRB people/NNS do/VBP it/PRP with/IN one/CD ,/,","[ I don-, + I don't ] know how people do it with one, /"
%,B,"you/PRP know/VBP ,/, um/UH obviousl-/RB ,/,","{D you know, } {F um } obviousl-, -/"
sd,A,"Let/VB me/PRP tell/VB you/PRP ,/, you/PRP go/VBP without/IN a/DT lot/NN of/IN things/NNS that/WDT you/PRP wo/MD ,/, you/PRP know/VBP ./.","<Laughter> Let me tell you, you go without a lot of things that you wo-, {D you know. } -/"
b,B,"yeah/UH ,/,","yeah, /"
sd,B,obviously/RB we/PRP do/VBP n't/RB have/VB any/DT,obviously we don't have any /
sv,B,"and/CC ,/, and/CC I/PRP do/VBP n't/RB ,/, I/PRP think/VBP that/DT 's/BES part/NN of/IN the/DT role/NN reversal/NN ,/, is/VBZ it/PRP 's/BES okay/JJ to/TO get/VB married/VBN and/CC not/RB have/VB kids/NNS ./.","[ {C and, } + {C and } ] [ I don't, + I think ] that's part of the role reversal, is it's okay to get married and not have kids. /"
b,A,Oh/UH yeah/UH ./.,{F Oh } yeah. /
sv,B,"And/CC I/PRP think/VBP for/IN society/NN for/IN such/PDT a/DT long/JJ time/NN said/VBD ,/, well/UH ,/, you/PRP know/VBP ,/, you/PRP 're/VBP married/VBN ,/, now/RB you/PRP need/VBP to/TO sa-/XX ,/, have/VB ,/, have/VB your/PRP$ family/NN","{C And } I think [ for + society for ] such a long time said, {D well, } {D you know, } you're married, now you need to [ [ sa-, + have, ] + have ] your family /"
sv,B,"and/CC I/PRP do/VBP n't/RB think/VB it/PRP 's/HVS been/VBN until/IN recently/RB that/IN ,/, that/IN they/PRP had/VBD decided/VBN that/IN two/CD people/NNS was/VBD a/DT family/NN ./.","{C and } I don't think it's been until recently [ that, + that ] they had decided that two people was a family. /"
aa,A,"Right/UH ,/,","Right, /"
aa,A,right/UH ./.,right. /
%,B,"You/PRP know/VBP and/CC ,/,","{D You know } {C and, } -/"
sv,A,"Well/UH it/PRP 's/BES getting/VBG where/WRB you/PRP ca/MD n't/RB hardly/RB afford/VB ,/, if/IN you/PRP 're/VBP going/VBG to/TO give/VB your/PRP$ kids/NNS any/DT kind/NN of/IN education/NN and/CC stuff/NN you/PRP ca/MD n't/RB hardly/RB afford/VB to/TO have/VB over/RB two/CD ./.","{D Well } it's getting where [ you can't hardly afford, + if you're going to give your kids any kind of education and stuff you can't hardly afford ] to have over two. /"
b,B,Right/UH ./.,Right. /
sv,A,"And/CC I/PRP mean/VBP it/PRP 's/BES hard/JJ with/IN two/CD ,/,","{C And } {E I mean } it's hard with two, /"
%,A,"now/UH ,/, we/PRP ,/,","{D now, } we, - /"
sd,A,"uh/UH ,/, my/PRP$ youngest/JJS one/CD ,/,","{F uh, } my youngest one, - /"
sd,A,"I/PRP have/VBP two/CD ,/,","I have two, /"
sd,A,"I/PRP have/VBP a/DT son/NN and/CC a/DT daughter/NN ,/,","I have a son and a daughter, /"
sd,A,"and/CC my/PRP$ youngest/JJS one/CD is/VBZ going/VBG to/TO be/VB graduating/VBG from/IN college/NN soon/RB ,/,","{C and } my youngest one is going to be graduating from college soon, /"
ba,B,Oh/UH !/.,Oh! /
sd,A,"and/CC if/IN I/PRP had/VBD a/DT third/JJ one/CD ,/,","{C and } if I had a third one,"
b,B,"Yea-/UH ,/,","Yea-, /"
+,A,I/PRP just/RB do/VBP n't/RB know/VB where/WRB it/PRP would/MD come/VB from/IN ./.,I just don't know where it would come from. /
b,B,Yeah/UH ./.,Yeah. /
sd,A,"Because/IN I/PRP work/VBP now/RB ,/,","Because I work now, /"
sd,A,I/PRP work/VBP full/JJ time/NN,I work full time /
%,A,"and/CC ,/, uh/UH ,/, you/PRP know/VBP ,/, it/PRP ,/,","{C and, } {F uh, } {D you know, } it, - /"
sv,A,when/WRB you/PRP put/VBD them/PRP through/IN college/NN it/PRP just/RB takes/VBZ just/RB about/RB everything/NN you/PRP got/VBD ./.,when you put them through college it just takes just about everything you got. /
b,B,Yeah/UH ./.,Yeah. /
sd,A,"They/PRP get/VBP loans/NNS and/CC grants/NNS and/CC scholarships/NNS and/CC stuff/NN like/IN that/DT ,/,","They get loans and grants and scholarships and stuff like that, /"
sv,A,"that/WDT helps/VBZ out/RP ,/,","that helps out, /"
sv,A,"but/CC still/RB ,/, it/PRP cost/VBD a/DT lot/NN ./.","{C but } still, it cost a lot. /"
aa,B,"Oh/UH ,/, yeah/UH ,/,","{F Oh, } yeah, /"
sd,B,"I/PRP mean/VBP ,/, just/RB the/DT ,/, you/PRP know/VBP ,/, the/DT cost/NN of/IN living/VBG and/CC loans/NNS do/VBP n't/RB pay/VB for/IN groceries/NNS and/CC stuff/NN ./.","{E I mean, } just [ the, + {D you know, } the ] cost of living and loans don't pay for groceries and stuff. /"
aa,A,"Right/UH ,/,","Right, /"
sd,A,"and/CC cars/NNS and/CC all/DT their/PRP$ books/NNS ,/,","{C and } cars and all their books, - /"
sv,A,and/CC the/DT books/NNS are/VBP outrageous/JJ ./.,{C and } the books are outrageous.
aa,B,"Oh/UH ,/, I/PRP know/VBP ,/,","{F Oh, } I know, /"
aa,B,I/PRP know/VBP ./.,I know. /
+,A,"I/PRP mean/VBP ,/, absolutely/RB outrageous/JJ ,/,","{E I mean, } absolutely outrageous, /"
sv,A,and/CC they/PRP 're/VBP getting/VBG worse/JJR ./.,{C and } they're getting worse. /
sd,A,"Uh/UH ,/, my/PRP$ daughter/NN brought/VBD home/RB a/DT book/NN the/DT other/JJ day/NN that/IN she/PRP was/VBD going/VBG to/TO have/VB to/TO have/VB for/IN her/PRP ,/, one/CD of/IN her/PRP$ next/JJ classes/NNS","{F Uh, } my daughter brought home a book the other day that she was going to have to have for [ her, + one of her ] next classes /"
sd,A,and/CC it/PRP was/VBD like/IN ninety-six/CD dollars/NNS ./.,{C and } it was like ninety-six dollars. /
ba,B,Gee/UH ./.,Gee <<whispered>>. /
sd,A,And/CC this/DT book/NN is/VBZ a/DT little/JJ bitty/JJ skinny/JJ book/NN ./.,{C And } this book is a little bitty skinny book. /
b,B,Yeah/UH ./.,Yeah. /
sd,A,"I/PRP said/VBD my/PRP$ goodness/NN ,/, what/WP is/VBZ it/PRP ,/, lined/VBN in/IN gold/NN ,/, you/PRP know/VBP ,/, uh/UH ./.","I said my goodness, what is it, lined in gold, {D you know, } {F uh. } /"
b,B,Yeah/UH ./.,Yeah. /
sv,A,"But/CC it/PRP is/VBZ ,/, it/PRP 's/BES getting/VBG worse/JJR ,/,","{C But } [ it is, + it's ] getting worse, /"
sd,A,"and/CC ,/, if/IN I/PRP 'd/MD of/^VB probably/RB had/VBD three/CD or/CC four/CD children/NNS ,/, I/PRP do/VBP n't/RB see/VB how/WRB we/PRP could/MD have/VB made/VBN it/PRP ,/, you/PRP know/VBP ,/, without/IN me/PRP working/VBG ./.","{C and, } if I'd of probably had three or four children, I don't see how we could have made it, {D you know, } without me working. /"
sv,B,"But/CC that/DT 's/BES ,/, that/DT 's/BES probably/RB because/RB ,/, you/PRP know/VBP ,/, if/IN you/PRP had/VBD three/CD ,/, you/PRP ,/, you/PRP know/VBP ,/, would/MD say/VB ,/, if/IN I/PRP 'd/MD of/^VB had/VBD four/CD ./.","{C But } [ that's, + that's ] probably because, {D you know, } if you had three, you, {D you know, } would say, if I'd of had four. /"
sv,B,"I/PRP guess/VBP it/PRP 's/BES always/RB not/RB ,/, not/RB being/VBG able/JJ to/TO picture/VB one/CD more/JJR ,/,","I guess it's always [ not, + not ] being able to picture one more, /"
sv,B,but/CC in/IN essence/NN you/PRP probably/RB would/MD have/VB worked/VBN out/RP fine/JJ ./.,{C but } in essence you probably would have worked out fine. /
aa,A,"Right/UH ,/,","Right, /"
sd,A,but/CC I/PRP think/VBP I/PRP would/MD have/VB had/VBD to/TO work/VB ./.,{C but } I think I would have had to work. /
b,B,Yeah/UH ./.,Yeah. /
sd,A,"If/IN I/PRP 'd/MD of/VB had/VBN that/RB many/JJ ,/, I/PRP 'd/MD of/VB had/VBD to/TO work/VB in/IN order/NN for/IN my/PRP$ kids/NNS to/TO ,/,","If I'd of had that many, I'd of had to work in order for my kids to, - /"
sd,A,"you/PRP know/VBP ,/, even/RB though/IN he/PRP brings/VBZ in/IN a/DT real/RB good/JJ living/NN and/CC everything/NN ,/, in/IN order/NN for/IN me/PRP to/TO keep/VB up/RP ,/, I/PRP would/MD have/VB had/VBD to/TO work/VB ./.","{D you know, } even though he brings in a real good living and everything, in order for me to keep up, I would have had to work. /"
b,B,Yeah/UH ./.,Yeah. /
sv,A,"But/CC I/PRP think/VBP it/PRP 's/BES getting/VBG more/RBR and/CC more/RBR like/JJ ,/,","{C But } I think it's getting more and more like,"
x,B,./.,<Dishes>.
+,A,"when/WRB you/PRP have/VBP one/CD child/NN now/UH ,/, that/DT 's/BES it/PRP ,/, you/PRP know/VBP ,/,","when you have one child now, that's it, {D you know, } /"
sv,A,then/RB you/PRP go/VB to/TO work/NN,then you go to work /
sv,A,"and/CC you/PRP work/VBP ,/,","{C and } you work, /"
b,B,Yeah/UH ./.,Yeah. /
sv,A,"because/IN if/IN you/PRP have/VBP two/CD or/CC three/CD kids/NNS ,/, by/IN the/DT ,/, e-/XX ,/, way/NN the/DT inflation/NN 's/BES going/VBG I/PRP think/VBP a/DT woman/NN 's/BES always/RB going/VBG to/TO have/VB to/TO work/VB","{C because } if you have two or three kids, by the, [ e-, + ] way the inflation's going I think a woman's always going to have to work /"
sv,A,and/CC it/PRP 's/BES just/RB going/VBG to/TO be/VB an/DT accepted/VBN thing/NN ./.,{C and } it's just going to be an accepted thing. /
sv,A,"There/EX is/VBZ n't/RB going/VBG to/TO be/VB any/DT of/IN this/DT ,/, you/PRP know/VBP ,/, very/RB few/JJ people/NNS will/MD ever/RB stay/VB home/RB ./.","There isn't going to be any of this, {D you know, } very few people will ever stay home. /"
aa,B,"Yeah/UH ,/,","Yeah, /"
sd,B,"and/CC ,/, and/CC that/DT 's/BES all/DT right/RB with/IN me/PRP ,/, because/IN I/PRP do/VBP n't/RB want/VB to/TO stay/VB home/RB --/:","[ {C and, } + {C and } ] that's all right with me, because I don't want to stay home -- /"
b,A,Yeah/UH ./.,Yeah. /
sd,B,"--/: you/PRP know/VBP ,/, I/PRP think/VBP I/PRP 'm/VBP just/RB part/NN of/IN tha-/DT ,/, the/DT new/JJ stuff/NN ,/, that/WDT is/VBZ just/RB ,/,","-- {D you know, } I think I'm just part of [ tha-, + the ] new stuff, that is just, - /"
sd,B,"I/PRP do/VBP n't/RB know/VB ,/, I/PRP think/VBP I/PRP would/MD just/RB go/VB nuts/JJ sitting/VBG at/IN home/NN all/DT day/NN long/RB ./.","{D I don't know, } I think I would just go nuts sitting at home all day long. /"
sd,A,"Well/UH you/PRP know/VBP ,/, I/PRP ca/MD n't/RB imagine/VB how/WRB I/PRP did/VBD ,/, because/IN now/RB I/PRP work/VBP all/DT the/DT time/NN ,/,","{D Well } {D you know, } I can't imagine how I did, because now I work all the time, /"
b,B,Yeah/UH ./.,Yeah. /
sd,A,"and/CC ,/, um/UH ,/, well/UH I/PRP work/VBP all/DT week/NN ,/,","{C and, } {F um, } {D well } I work all week, /"
sd,A,"and/CC ,/, um/UH ,/, I/PRP ca/MD n't/RB imagine/VB how/WRB I/PRP stayed/VBD home/RB ./.","{C and, } {F um, } I can't imagine how I stayed home. /"
b,B,Yeah/UH ./.,Yeah. /
sd,A,"You/PRP know/VBP ,/, I/PRP think/VBP to/IN myself/PRP ,/, what/WP did/VBD I/PRP do/VB ./.","{D You know, } I think to myself, what did I do. /"
sv,A,"And/CC I/PRP think/VBP it/PRP just/RB ,/, it/PRP revolutionized/VBD an/DT ,/, where/WRB a/DT woman/NN thinks/VBZ that/DT a/RB way/NN ,/, you/PRP know/VBP ,/, just/RB like/IN ,/,","{C And } I think [ it just, + it revolutionized ] [ an, + where ] a woman thinks that a way, {D you know, } just like, - /"
sd,A,"now/RB my/PRP$ daughter/NN ,/, there/EX 's/BES no/DT way/NN that/IN she/PRP can/MD imagine/VB herself/PRP married/VBN at/IN the/DT age/NN that/WDT she/PRP 's/BES at/IN now/RB ./.","{D now } my daughter, there's no way that she can imagine herself married at the age that she's at now <scratching>. /"
sd,A,"To/IN her/PRP everything/NN is/VBZ ,/, you/PRP 've/VBP got/VBD to/TO go/VB through/IN college/NN ,/, you/PRP 've/VBP got/VBD to/TO get/VB a/DT job/NN ,/, you/PRP know/VBP ./.","To her everything is, you've got to go through college, you've got to get a job, {D you know. } /"
sd,A,"And/CC then/RB when/WRB everything/NN 's/BES set/VBN up/RP ,/, then/RB you/PRP look/VBP for/IN somebody/NN that/IN you/PRP want/VBP to/TO spend/VB the/DT rest/NN of/IN your/PRP$ life/NN with/IN ,/,","{C And then } when everything's set up, then you look for somebody that you want to spend the rest of your life with, /"
sd,A,but/CC ./.,{C but. }
b,B,Right/UH ./.,Right. /
+,A,"I/PRP mean/VBP it/PRP is/VBZ so/RB far/RB down/IN the/DT road/NN ,/,","{E I mean } it is so far down the road, /"
sd,A,"where/WRB ,/, now/RB when/WRB I/PRP graduated/VBD high/JJ school/NN ,/,","[ where, + {D now } when ] I graduated high school,"
^2,B,"That/DT 's/BES ,/, you/PRP did/VBD ,/, that/DT 's/BES what/WP you/PRP did/VBD ./.","[ That's, you did, + that's what you did. ]"
+,A,"the/DT thing/NN ,/,","the thing, - /"
aa,A,"uh-huh/UH ,/,","uh-huh, /"
sd,A,and/CC then/RB you/PRP got/VBD married/VBN,{C and then } you got married /
sd,A,and/CC then/RB you/PRP had/VBD a/DT family/NN ./.,{C and then } you had a family. /
+,B,Uh/UH ./.,{F Uh. } /
sd,A,"I/PRP mean/VBP that/DT 's/BES just/RB the/DT way/NN it/PRP was/VBD ,/, you/PRP know/VBP ./.","{E I mean } that's just the way it was, {D you know. } /"
b,B,Yeah/UH ./.,Yeah <noise>. /
sd,A,"And/CC ,/, uh/UH ,/, that/DT 's/BES like/IN when/WRB my/PRP$ mo-/NN ,/,","{C And, } {F uh, } that's like when my mo-, - /"
sd,A,I/PRP know/VBP when/WRB my/PRP$ mother/NN 's/POS age/NN it/PRP was/VBD always/RB the/DT kids/NNS and/CC the/DT family/NN and/CC everything/NN had/VBD to/TO come/VB first/JJ,I know when my mother's age it was always the kids and the family and <scratching> everything had to come first /
sd,A,"and/CC the/DT woman/NN stayed/VBD home/RB and/CC took/VBD care/NN of/IN them/PRP ,/,","{C and } the woman stayed home and took care of them, /"
%,A,an/CC ./.,{C an. } -/
sd,B,"I/PRP ,/, uh/UH ,/, I/PRP ,/, I/PRP like/VBP the/DT way/NN it/PRP is/VBZ ./.","[ [ I, + {F uh, } I, ] + I ] like the way it is. /"
b,A,Yeah/UH ./.,Yeah. /
%,B,"It/PRP 's/BES ,/, uh/UH ,/, being/VBG ,/,","It's, {F uh, } being, - /"
sd,B,"see/UH ,/, we/PRP 're/VBP from/IN Houston/NNP and/CC so/IN it/PRP 's/BES not/RB so/RB hard/RB for/IN people/NNS ,/,","{D see, } we're from Houston {C and } so it's not so hard for people, /"
sd,B,"you/PRP know/VBP ,/, you/PRP 've/VBP been/VBN married/JJ three/CD or/CC so/RB years/NNS","{D you know, } you've been married three or so years /"
sd,B,"and/CC you/PRP do/VBP n't/RB have/VB kids/NNS ,/, well/UH it/PRP 's/BES okay/JJ ,/, no-/NN ,/, nobody/NN does/VBZ ./.","{C and } you don't have kids, {D well } it's okay, [ no-, + nobody ] does. /"
sd,B,"But/CC you/PRP come/VBP to/IN a/DT place/NN like/IN Belton/NNP ,/,","{C But } you come to a place like Belton, /"
%,B,"and/CC th-/NN ,/,","{C and } th-, - /"
sd,B,a/DT lot/NN of/IN the/DT kids/NNS here/RB get/VBP married/VBN out/IN of/IN high/JJ school/NN ./.,a lot of the kids here get married out of high school. /
b,A,Uh-huh/UH ./.,Uh-huh. /
sd,B,"It/PRP 's/BES real/RB small/JJ town/NN ,/,","It's real small town, /"
%,B,"and/CC i-/PRP ,/,","{C and } i-, - /"
sd,B,"and/CC a/DT lot/NN of/IN people/NNS in/IN our/PRP$ su-/NNP ,/,","{C and } a lot of people in our su-, - /"
sd,B,"we/PRP 're/VBP the/DT only/JJ couple/NN in/IN our/PRP$ Sunday/NNP School/NN class/NN ,/, except/IN for/IN one/CD other/JJ couple/NN ,/, who/WP are/VBP in/IN their/PRP$ forties/NNS ,/,","we're the only couple in our Sunday School class, except for one other couple, who are in their forties, /"
sd,B,"and/CC they/PRP ca/MD n't/RB have/VB children/NNS ,/, who/WP do/VBP n't/RB have/VB children/NNS ./.","{C and } they can't have children, [ who + ] don't have children. /"
sd,B,And/CC they/PRP ca/MD n't/RB imagine/VB why/WRB we/PRP would/MD want/VB to/TO have/VB children/NNS ./.,"{C And } they can't imagine why we would want to have children. / *[[ I think the word might be ""wouldn't"", otherwise it doesn't make sense. ]]"
sd,B,"And/CC ,/, I/PRP 'm/VBP going/VBG well/UH ,/, you/PRP know/VBP ,/, there/EX 's/BES more/JJR to/IN life/NN ,/, you/PRP know/VBP ,/, there/EX 's/BES life/NN in/IN there/NN that/DT 's/BES ,/,","{C And, } I'm going {D well, } {D you know, } [ there's more to life, + {D you know, } there's life ] in there that's, -/"
x,A,./.,<Scratching>.
^q,B,"you/PRP know/VBP ,/, not/RB everybody/NN has/VBZ to/TO have/VB kids/NNS ,/,","{D you know, } not everybody has to have kids, /"
^q,B,"and/CC ,/, I/PRP 'd/MD rather/RB spend/VB the/DT time/NN with/IN my/PRP$ husband/NN than/IN ,/, you/PRP know/VBP ,/, spending/VBG time/NN ,/,","{C and, } I'd rather spend the time with my husband than, {D you know, } spending time, - /"
^q,B,"here/RB ,/, it/PRP 's/BES your/PRP$ turn/NN ,/, you/PRP know/VBP ./.","{D here, } it's your turn, {D you know. } /"
b,A,"Yeah/UH ,/,","Yeah, /"
%,A,"but/CC ,/, you/PRP know/VBP ,/, that/IN ,/, now/RB even/RB","{C but, } you know, that, {D now } even - /"
sd,A,whenever/WRB I/PRP was/VBD coming/VBG up/RB and/CC everything/NN,whenever I was coming up and everything - /
sd,A,"and/CC we/PRP got/VBD married/VBN right/RB out/IN of/IN high/JJ school/NN ,/, well/UH a/DT year/NN after/IN I/PRP got/VBD out/IN of/IN high/JJ school/NN ,/,","{C and } we got married right out of high school, {D well } a year after I got out of high school <scratching>, /"
b,B,Uh-huh/UH ./.,Uh-huh. /
sd,A,"and/CC ,/, uh/UH ,/, I/PRP did/VBD n't/RB have/VB kids/NNS for/IN four/CD and/CC a/DT half/DT years/NNS","{C and, } {F uh, } I didn't have kids for four and a half years /"
sd,A,but/CC that/DT was/VBD because/IN I/PRP wanted/VBD to/TO work/VB,{C but } that was because I wanted to work /
sd,A,and/CC I/PRP was/VBD n't/RB ready/JJ for/IN kids/NNS ./.,{C and } I wasn't ready for kids. /
b,B,"Yeah/UH ,/,","Yeah, /"
sd,B,"I/PRP think/VBP that/DT 's/BES what/WP it/PRP is/VBZ ,/,","I think that's what it is, /"
sd,B,I/PRP 'm/VBP not/RB either/RB ./.,I'm not either. /
sd,A,"And/CC ,/, everybody/NN thought/VBD ,/, oh/UH ,/, my/PRP$ gosh/UH ,/, what/WP is/VBZ the/DT matter/NN with/IN her/PRP ,/, you/PRP know/VBP ./.","{C And, } everybody thought, {F oh, } my gosh, what is the matter with her, {D you know. } /"
sd,B,"They/PRP 're/VBP probably/RB going/VBG ,/, oh/UH ,/, I/PRP bet/VBP she/PRP ca/MD n't/RB get/VB pregnant/JJ","They're probably going, {F oh, } I bet she can't get pregnant /"
x,B,./.,<<using a false voice>>.
aa,A,"Right/UH ,/,","Right, /"
sd,A,"I/PRP mean/VBP they/PRP thought/VBD that/IN it/PRP was/VBD terrible/JJ ,/, you/PRP know/VBP ,/,","{E I mean } they thought that it was terrible, {D you know, } /"
sd,A,"and/CC then/RB when/WRB I/PRP 'd/MD tell/VB them/PRP ,/, you/PRP know/VBP ,/, well/UH I/PRP 'm/VBP just/RB not/RB ready/JJ for/IN children/NNS yet/RB ,/,","{C and then } when I'd tell them, {D you know, } {D well } I'm just not ready for children yet, /"
^q,A,"oh/UH ,/, but/CC that/DT ,/, you/PRP know/VBP ,/, you/PRP better/RB ,/, you/PRP better/RB just/RB get/VBP ready/JJ now/RB ./.","{F oh, } {C but } that, {D you know, } [ you better, + you better ] just get ready now. -/"
b,B,Yeah/UH ./.,Yeah. /
sv,A,Well/UH you/PRP do/VBP n't/RB just/RB get/VB ready/JJ ./.,{D Well } you don't just get ready. /
sd,A,"But/CC I/PRP was/VBD kind/RB of/RB odd/JJ because/IN as/IN a/DT general/JJ rule/NN the/DT people/NNS that/WDT married/VBD during/IN my/PRP$ time/NN ,/, they/PRP had/VBD kids/NNS within/IN a/DT year/NN ./.","{C But } I was kind of odd because as a general rule the people that married during my time, they had kids within a year. /"
b,B,Yeah/UH ./.,Yeah. /
sd,A,And/CC I/PRP just/RB was/VBD not/RB ready/JJ for/IN kids/NNS ./.,{C And } I just was not ready for kids. /
sd,A,I/PRP wanted/VBD to/TO get/VB out/RB and/CC work/VB a/DT little/JJ bit/NN,I wanted to get out and work a little bit /
sd,A,"and/CC I/PRP wanted/VBD to/TO travel/VB and/CC stuff/NN like/IN that/DT ,/, which/WDT we/PRP did/VBD ./.","{C and } I wanted to travel and stuff like that, which we did. /"
sd,A,"And/CC ,/, uh/UH ,/, kids/NNS did/VBD n't/RB fit/VB in/IN right/RB then/RB ,/,","{C And, } {F uh, } kids didn't fit in right then, /"
sv,A,"but/CC ,/, it/PRP 's/BES getting/VBG more/RBR and/CC more/RBR like/JJ that/IN where/WRB there/EX 's/BES more/JJR and/CC more/JJR couples/NNS","{C but, } it's getting more and more like that where there's more and more couples /"
sv,A,"and/CC ,/, really/RB ,/, if/IN you/PRP do/VBP n't/RB want/VB the/DT kids/NNS ,/, then/RB it/PRP 's/BES not/RB the/DT time/NN to/TO have/VB ,/,","{C and, } {D really, } if you don't want the kids, then it's not the time to have, - /"
sd,A,I/PRP do/VBP n't/RB care/VB what/WP anybody/NN tells/VBZ you/PRP ./.,I don't care what anybody tells you. /
b,B,Right/UH ./.,Right. /
sv,A,And/CC I/PRP think/VBP that/IN more/RBR and/CC more/RBR the/DT attitude/NN 's/BES getting/VBG that/DT a/RB way/NN ./.,{C And } I think that more and more the attitude's getting that [ a + ] way. /
sd,A,Because/IN that/DT 's/BES like/IN my/PRP$ daughter/NN,{C Because } that's like my daughter /
sd,A,"now/UH ,/, she/PRP says/VBZ that/IN ,/, you/PRP know/VBP ,/, maybe/RB when/WRB she/PRP 's/BES thirty/CD she/PRP might/MD want/VB a/DT child/NN then/RB ./.","now, she says that, {D you know, } maybe when she's thirty she might want a child then. /"
b,B,Yeah/UH ./.,Yeah. /
sd,A,"And/CC ,/, uh/UH ,/, even/RB though/IN I/PRP 'd/MD like/VB to/TO have/VB grandchildren/NNS ,/, I/PRP can/MD see/VB her/PRP$ point/NN ./.","{C And, } {F uh, } even though I'd like to have grandchildren, I can see her point. /"
b,B,"Yeah/UH ,/,","Yeah, /"
sd,B,"Steve/NNP 's/POS mom/NN finally/RB ,/, uh/UH ,/, finally/RB s/VBD ,/, you/PRP know/VBP ,/, said/VBD that/IN ,/, that/IN God/NNP will/MD take/VB care/NN of/IN us/PRP when/WRB it/PRP 's/BES our/PRP$ time/NN ./.","Steve's mom [ finally, + {F uh, } finally ] [ s-, + {D you know, } said ] [ that, + that ] God will take care of us when it's our time. /"
b,A,Right/UH ./.,Right. /
sd,B,"She/PRP finally/RB admitted/VBD ,/, you/PRP know/VBP ,/, she/PRP finally/RB told/VBD me/PRP it/PRP 's/BES okay/JJ if/IN you/PRP do/VBP n't/RB ,/,","[ She finally admitted, + {D you know, } she finally told ] me it's okay if you don't, /"
sd,B,"but/CC it/PRP took/VBD every/DT nerve/NN in/IN her/PRP$ body/NN to/TO say/VB that/DT because/IN she/PRP 's/BES from/IN a/DT very/RB ,/, very/RB old/JJ fashioned/VBN family/NN ./.","{C but } it took every nerve in her body to say that because she's from a very, very old fashioned family. /"
b,A,Uh-huh/UH ./.,Uh-huh. /
sd,B,"And/CC ,/, she/PRP stayed/VBD home/NN and/CC raised/VBD her/PRP$ kids/NNS","{C And, } she stayed home and raised her kids /"
sd,B,"and/CC ,/, and/CC she/PRP expected/VBD all/DT of/IN her/PRP$ kids/NNS to/TO do/VB that/DT too/RB ,/,","[ {C and, } + {C and } ] she expected all of her kids to do that too, /"
sd,B,"and/CC their/PRP$ wives/NNS and/CC to/TO be/VB the/DT ,/, the/DT housewife/NN and/CC have/VB dinner/NN ready/JJ by/IN five/CD and/CC ,/, and/CC ,/, you/PRP know/VBP ,/, be/VB there/RB at/IN every/DT beck/NN and/CC call/NN","{C and } their wives [ and + ] to be [ the, + the ] housewife and have dinner ready by five [ and, + and, ] {D you know, } be there at every beck and call - /"
sd,B,"and/CC ,/, I/PRP was/VBD raised/VBN totally/RB opposite/JJ ./.","{C and, } I was raised totally opposite <laughter>. /"
sd,B,"How/WRB we/PRP got/VBD together/RB ,/, I/PRP do/VBP n't/RB know/VB ,/,","How we got together, I don't know, /"
sd,B,"but/CC ./. Because/IN my/PRP$ mother/NN had/VBD six/CD girls/NNS ,/,","[ {C but. } + {C Because } ] my mother had six girls, /"
sd,B,"and/CC ,/, you/PRP know/VBP ,/, she/PRP worked/VBD too/RB ./.","{C and, } {D you know, } she worked too. /"
b,A,Yeah/UH ./.,Yeah. /
sd,B,"And/CC ,/, I/PRP guess/VBP I/PRP just/RB","{C And, } I guess I just <<pause>> <barking> - /"
sd,B,and/CC I/PRP saw/VBD how/WRB life/NN was/VBD when/WRB she/PRP stayed/VBD home/NN,{C and } I saw how life was when she stayed home /
sd,B,"and/CC it/PRP was/VBD rough/JJ ,/,","{C and } it was rough, /"
sd,B,"it/PRP was/VBD hard/JJ ,/,","it was hard, /"
%,B,"and/CC ,/, uh/UH ./.","{C and, } {F uh. } -/"
b,A,"Yeah/UH ,/,","Yeah, /"
sv,A,"and/CC it/PRP really/RB is/VBZ ,/,","{C and } it really is, /"
sd,A,"I/PRP know/VBP ,/,","I know, /"
sd,A,"just/RB like/IN now/RB ,/, you/PRP know/VBP ,/, there/EX 's/BES ,/, there/EX 's/BES so/RB much/RB more/RBR now/RB ./.","just like now, {D you know, } [ there's, + there's ] so much more now. /"
sd,A,"All/DT my/PRP$ income/NN goes/VBZ for/IN things/NNS like/IN luxuries/NNS ,/,","All my income goes for things like luxuries, /"
sd,A,"I/PRP mean/VBP ,/, it/PRP really/RB does/VBZ ./.","{E I mean, } it really does."
b,B,Uh-huh/UH ./.,Uh-huh. /
+,A,"Accept/^IN for/IN what/WP we/PRP give/VBP to/IN my/PRP$ daughter/NN ,/, to/TO ,/, you/PRP know/VBP ,/, put/VB her/PRP through/IN college/NN and/CC stuff/NN ./.","Accept for what we give to my daughter, to, {D you know, } put her through college and stuff. / *[[ Spelling/usage: ""Accept"" should be ""Except"" ]]"
sd,A,But/CC the/DT rest/NN of/IN it/PRP,{C But } the rest of it - /
sd,A,"we/PRP just/RB buy/VBP things/NNS like/IN boats/NNS ,/,","we just buy things like boats, /"
sd,A,"or/CC we/PRP go/VBP on/IN trips/NNS ,/, or/CC ,/, you/PRP know/VBP ,/, just/RB --/:","{C or } we go on trips, [ or, {D you know, } just + ] --"
b,B,Right/UH ./.,Right. /
+,A,"--/: the/DT more/RBR or/CC less/RBR like/JJ entertainment/NN stuff/NN ,/,","-- the more or less like entertainment stuff, /"
%,A,but/CC ./.,{C but. } -/
b,B,"Yeah/UH ,/,","Yeah, /"
sv,B,"I/PRP think/VBP you/PRP 've/VBP ,/, you/PRP 've/VBP earned/VBN that/RB though/RB ./.","I think [ you've, + you've ] earned that though. /"
aa,A,"Yeah/UH ,/,","Yeah, /"
sd,A,"I/PRP feel/VBP like/IN I/PRP have/VBP ,/, you/PRP know/VBP ,/, because/IN well/UH ,/, we/PRP 're/VBP just/RB a/DT age/NN now/RB ,/,","I feel like I have, {D you know, } because {D well, } we're just a age now, /"
sd,A,I/PRP 'm/VBP not/RB old/JJ,I'm not old /
sd,A,"but/CC ,/, I/PRP 'm/VBP older/JJR ./.","{C but, } I'm older. /"
b,B,Uh-huh/UH ./.,<Whispering> Uh-huh. /
sd,A,"And/CC ,/, uh/UH ,/, I/PRP got/VBD to/TO stay/VB home/RB with/IN my/PRP$ kids/NNS ,/, which/WDT I/PRP really/RB wanted/VBD to/TO do/VB ,/,","{C And, } {F uh, } I got to stay home with my kids, which I really wanted to do, /"
sd,A,but/CC now/RB I/PRP could/MD not/RB go/VB back/RB and/CC do/VB it/PRP ./.,{C but } now I could not go back and do it. /
b,B,Yeah/UH ./.,Yeah. /
sd,A,"And/CC I/PRP mean/VBP ,/, I/PRP did/VBD stuff/NN","{C And } {E I mean, } I did stuff /"
sd,A,"but/CC ,/,","{C but, }"
b,B,Right/UH ./.,Right. /
+,A,to/TO me/PRP it/PRP feels/VBZ like/IN I/PRP must/MD have/VB done/VBN nothing/NN ./.,to me it feels like I must have done nothing. /
sv,A,And/CC I/PRP think/VBP it/PRP 's/BES just/RB the/DT new/JJ way/NN that/WDT people/NNS are/VBP thinking/VBG ./.,{C And } I think it's just the new way that people are thinking. /
aa,B,"Yeah/UH ,/,","Yeah, /"
sv,B,I/PRP think/VBP so/RB ./.,I think so. /
%,A,"But/CC ,/, uh/UH ,/,","{C But, } {F uh, } -/"
sv,B,"I/PRP think/VBP it/PRP would/MD be/VB neat/JJ if/IN ,/, if/IN they/PRP could/MD incorporate/VB into/IN small/JJ and/CC large/JJ businesses/NNS both/DT a/DT built/VBN in/IN day/NN cares/NNS where/WRB the/DT children/NNS were/VBD there/RB in/IN the/DT facility/NN but/CC not/RB necessarily/RB right/RB there/RB with/IN you/PRP ./.","I think it would be neat [ if, + if ] they could incorporate into small and large businesses both a built in day cares where the children were there in the facility but not necessarily right there with you. /"
sd,A,"Well/UH you/PRP know/VBP more/RBR and/CC more/RBR of/IN them/PRP are/VBP ,/,","{D Well } {D you know } more and more of them are, /"
sd,A,I/PRP do/VBP n't/RB know/VB if/IN it/PRP is/VBZ up/IN there/RB where/WRB you/PRP are/VBP,I don't know if it is up there where you are /
sd,A,"but/CC where/WRB I/PRP am/VBP ,/, the/DT ,/, just/RB like/IN all/PDT the/DT hospitals/NNS ,/,","{C but } where I am, [ the, + ] just {D like } all the hospitals,"
b,B,Uh-huh/UH ./.,Uh-huh. /
+,A,they/PRP 're/VBP getting/VBG day/NN care/NN ./.,they're getting day care. /
bh,B,Are/VBP they/PRP ?/.,Are they? /
sd,A,"But/CC the/DT reason/NN they/PRP had/VBD to/TO do/VB this/DT was/VBD because/RB so/RB many/JJ people/NNS ,/, you/PRP know/VBP ,/, so/RB many/JJ women/NNS could/MD not/RB afford/VB ,/,","{C But } the reason they had to do this was because [ so many people, + {D you know, } so many women ] could not afford, - /"
sd,A,"like/IN you/PRP said/VBD if/IN you/PRP had/VBD four/CD kids/NNS ,/, or/CC even/RB if/IN you/PRP had/VBD two/CD kids/NNS ,/, you/PRP would/MD be/VB paying/VBG all/RB your/PRP$ salary/NN to/TO pay/VB for/IN those/DT two/CD kids/NNS to/TO go/VB ./.","like you said if you had four kids, or even if you had two kids, you would be paying all your salary to pay for those two kids to go. /"
b,B,Right/UH ./.,Right. /
sd,A,"So/RB ,/, uh/UH ,/, more/JJR and/CC more/JJR of/IN our/PRP$ hospitals/NNS ,/, especially/RB ,/, over/IN here/RB are/VBP getting/VBG them/PRP","{D So, } {F uh, } more and more of our hospitals, especially, over here are getting them /"
sd,A,"and/CC then/RB some/DT of/IN the/DT bigger/JJR companies/NNS ,/,","{C and } then some of the bigger companies, - /"
sd,A,but/CC it/PRP 's/BES mainly/RB the/DT hospitals/NNS ./.,{C but } it's mainly the hospitals. /
b,B,"Yeah/UH ,/,","Yeah, /"
sd,B,I/PRP do/VBP n't/RB know/VB if/IN the/DT T/NNP I/NNP in/IN Dallas/NNP does/VBZ or/CC not/RB ./.,I don't know if the T I in Dallas does or not. /
sd,B,"I/PRP know/VBP ,/, I/PRP know/VBP nobody/NN around/IN here/RB does/VBZ ,/, it/PRP ,/,","[ I know, + I know ] nobody around here does, it, /"
sd,B,"we/PRP 're/VBP ,/, it/PRP 's/BES too/RB small/JJ around/IN here/RB ./.","[ we're, + it's ] too small around here. /"
bh,A,Oh/UH really/RB ./.,{F Oh } really. /
ny,B,Yeah/UH ./.,Yeah. /
