act_tag,speaker,pos,text
"fo_o_fw_""_by_bc",A,"Okay/UH ,/,","Okay, /"
sd,A,"cars/NNS ,/,","cars, /"
%,A,"you/PRP ,/, you/PRP","[ you, + you ] - /"
ad,A,"maybe/RB this/DT is/VBZ a/DT fantasy/NN we/PRP can/MD to/TO talk/VB about/IN any/DT kind/NN of/IN car/NN ,/,","maybe this is a fantasy we can to talk about any kind of car,"
x,B,,<Laughter>.
+,A,we/PRP want/VBP here/RB ./.,we want here <laughter>. /
x,B,,<Laughter>.
sd,A,I/PRP want/VBP a/DT Rolls/NNP Royce/NNP and/CC a/DT Cadillac/NNP ./.,I want a Rolls Royce and a Cadillac <laughter>. /
ba,B,"Hey/UH ,/,","Hey, /"
sv,B,that/DT sounds/VBZ like/IN a/DT great/JJ deal/NN to/IN me/PRP ./.,that sounds like a great deal to me <laughter>. /
sv,B,You/PRP have/VBP great/JJ aspirations/NNS ./.,You have great aspirations <laughter>. /
x,A,,<Laughter>.
^h,B,"Well/UH ,/, let/VB 's/PRP see/VB","{D Well, } let's see /"
sd,B,"I/PRP ,/, we/PRP just/RB bought/VBD ,/, uh/UH ,/, a/DT seventy-three/CD Mercedes/NNP that/WDT we/PRP have/VBP restored/VBN --/:","[ I, + we ] just bought, {F uh, } a seventy-three Mercedes that we have restored -- /"
ba,A,"Oh/UH ,/, that/DT 's/BES great/JJ ./.","{F Oh, } that's great. /"
sd,A,"I/PRP 'm/VBP ,/,","[ I'm, +"
%,B,"--/: and/CC it/PRP ,/,","-- {C and } it, -/"
+,A,"I/PRP 'm/VBP a/DT hobbyist/NN too/RB ,/,","I'm ] a hobbyist too, /"
sd,A,I/PRP like/VBP to/TO work/VB on/IN cars/NNS too/RB ./.,I like to work on cars too. /
b,B,"Yeah/UH ,/,","Yeah, /"
sd,B,it/PRP has/VBZ really/RB been/VBN a/DT lot/NN of/IN fun/NN ./.,it has really been a lot of fun. /
sd,B,"Uh/UH ,/, we/PRP found/VBD some/DT guys/NNS that/WDT actually/RB ,/, you/PRP know/VBP ,/, worked/VBD for/IN a/DT Mercedes/NNP dealership/NN","{F Uh, } we found some guys that actually, {D you know, } worked for a Mercedes dealership /"
sd,B,"and/CC ,/, uh/UH ,/, they/PRP also/RB repair/VBP them/PRP for/IN other/JJ the/DT people/NNS on/IN their/PRP off/JJ time/NN --/:","{C and, } {F uh, } they also repair them for other the people on their off time --"
ba,A,"Oh/UH ,/, that/DT 's/BES good/JJ ./.","{F Oh, } that's good. /"
+,B,"--/: so/RB have/VBP ,/, we/PRP ,/, we/PRP have/VBP redone/VBN that/DT thing/NN from/IN stem/NN to/IN stern/NN ,/, I/PRP mean/VBP inside/NN ,/, outside/NN ,/, you/PRP know/VBP ,/, we/PRP 've/VBP redone/VBN the/DT body/NN ,/, repainted/VBN it/PRP ,/, detailed/VBN it/PRP ,/, so/RB ,/, you/PRP know/VBP ,/, I/PRP really/RB have/VBP n't/RB thought/VBN much/RB past/IN that/DT it/PRP seems/VBZ like/IN ,/, you/PRP know/VBP ,/,","-- so [ have, + ] [ we, + we ] have redone that thing from stem to stern, {E I mean } inside, outside, {D you know, } we've redone the body, repainted it, detailed it, so, {D you know, } I really haven't thought much past that <laughter> it seems like, {D you know, } /"
sd,B,"I/PRP do/VBP n't/RB know/VB if/IN I/PRP 'll/MD ever/RB want/VB another/DT new/JJ car/NN again/RB ,/,","I don't know if I'll ever want another new car again,"
%,A,"Was/VBD you/PRP ,/,","Was you, - /"
sd,A,"why/WRB they/PRP ,/, they/PRP did/VBD n't/RB ,/,","why [ they, + they ] didn't, -/"
+,B,you/PRP know/VBP ./.,{D you know. } /
sd,A,say/VBP buy/VB it/PRP,say buy it - /
sd,A,"they/PRP did/VBD n't/RB necessarily/RB say/VB buy/VB it/PRP new/JJ they/PRP just/RB said/VBD ,/,","they didn't necessarily say buy it new they just said,"
aap_am,B,Maybe/RB not/RB ./.,Maybe not. /
+,A,"what/WP would/MD you/PRP buy/VB ,/, you/PRP know/VBP ./.","what would you buy, {D you know. } /"
aa,B,"Yeah/UH ,/,","Yeah, /"
aa,B,that/DT 's/BES true/JJ ./.,that's true. /
sd,B,"I/PRP ,/, I/PRP do/VBP n't/RB know/VB it/PRP just/RB seems/VBZ like/IN ,/, uh/UH ,/, you/PRP know/VBP ,/, for/IN what/WP we/PRP 've/VBP put/VBN into/IN it/PRP I/PRP feel/VBP like/IN that/DT 's/BES something/NN that/WDT might/MD retain/VB it/PRP 's/POS value/NN a/DT little/JJ bit/NN more/JJR ,/,","[ I, + I ] don't know it just seems like, {F uh, } {D you know, } for what we've put into it I feel like that's something that might retain it's value a little bit more,"
aa,A,"Oh/UH ,/, sure/UH ,/,","{F Oh, } sure, /"
+,B,"than/IN ,/, you/PRP know/VBP ,/,","than, {D you know, } -/"
sv,A,"a/DT restored/JJ ,/,","a restored,"
b,B,"yeah/UH ,/,","yeah, /"
b,B,"yeah/UH ,/,","yeah, /"
b,B,"yeah/UH ,/,","yeah, /"
+,A,"vehicle/NN is/VBZ ,/, is/VBZ great/JJ ,/,","vehicle [ is, + is ] great,"
b,B,"yeah/UH ,/,","yeah, /"
+,A,"I/PRP think/VBP ,/,","{A I think, }"
b,B,"yeah/UH ,/,","yeah, /"
+,A,certainly/RB if/IN it/PRP 's/BES an/DT old/JJ Mercedes/NNP will/MD be/VB good/JJ ./.,certainly if it's an old Mercedes will be good. /
aa,B,"right/UH ,/,","right, /"
sd,B,"we/PRP ,/, the/DT one/CD thing/NN that/WDT ,/, uh/UH ,/, we/PRP did/VBD decide/VB as/IN ,/, it/PRP 's/BES ,/, it/PRP 's/BES ,/,","[ we, + the one thing that, {F uh, } we ] did decide as, [ it's, + it's, ] - /"
sd,B,we/PRP wanted/VBD it/PRP to/TO be/VB as/RB authentic/JJ as/IN possible/JJ,we wanted it to be as authentic as possible /
sd,B,"but/CC we/PRP did/VBD break/VB down/RP and/CC put/VB a/DT C/NN D/NN player/NN in/IN it/PRP ,/,","{C but } we did break down and put a C D player in it, /"
x,A,,<Laughter>.
x,B,,<Laughter>.
ba,A,"Well/UH ,/, that/DT 's/BES great/JJ ./.","{D Well, } that's great. /"
sd,B,"that/DT 's/BES not/RB quite/RB authentic/JJ ,/,","that's not quite authentic, /"
sd,B,"but/CC at/IN any/DT rate/NN that/IN ,/, that/DT was/VBD one/CD thing/NN that/WDT I/PRP ,/, one/CD of/IN the/DT features/NNS that/WDT I/PRP did/VBD want/VB ,/,","{C but } at any rate [ that, + that ] was [ one thing that I, + one of the features that I ] did want, /"
sd,B,"I/PRP 'd/VBD passed/VBN up/RP on/IN one/CD and/CC put/VBD a/DT sunroof/NN in/IN it/PRP ,/,","I'd passed up on one and put a sunroof in it, /"
ba,A,"Oh/UH ,/, yeah/UH ,/,","{F Oh, } yeah, /"
sv,A,"you/PRP all/DT ,/,","you all,"
sd,B,I/PRP had/VBD to/TO stop/VB there/RB ./.,I had to stop there. /
+,A,"done/VBN a/DT lot/NN more/JJR ,/,","done a lot more, /"
sd,A,when/WRB I/PRP talk/VBP about/IN working/VBG on/IN cars/NNS I/PRP sure/RB do/VBP n't/RB do/VB that/DT ./.,when I talk about working on cars I sure don't do that. /
b,B,"Yeah/UH ,/,","Yeah, /"
sd,B,"well/UH ,/, of/IN course/NN ,/, we/PRP do/VBP it/PRP ourselves/PRP","{D well, } of course, we do it ourselves /"
sd,B,"but/CC ,/,","{C but, }"
bk,A,"Oh/UH ,/, okay/UH ./.","{F Oh, } okay. /"
+,B,"like/IN I/PRP said/VBD ,/, we/PRP were/VBD just/RB lucky/JJ to/TO find/VB these/DT guys/NNS that/WDT do/VBP it/PRP ,/, you/PRP know/VBP ,/,","like I said, we were just lucky to find these guys that do it, {D you know, } /"
sd,B,"they/PRP 're/VBP ,/, they/PRP just/RB were/VBD n't/RB really/RB expensive/JJ ,/,","[ they're, + they ] just weren't really expensive, /"
ba,A,"Oh/UH ,/, that/DT is/VBZ good/JJ ,/,","{F Oh, } that is good,"
aa,B,"and/CC ,/, uh/UH ,/, yeah/UH ,/, you/PRP know/VBP ,/,","{C and, } {F uh, } yeah, {D you know, } /"
+,A,acknowledgeable/JJ people/NNS ./.,acknowledgeable people. /
aa,B,"right/UH ,/,","right, /"
sd,B,"and/CC they/PRP work/VBP on/IN it/PRP ,/,","{C and } they work on it, /"
sd,B,"so/RB ,/, the/DT things/NNS that/WDT can/MD be/VB done/VBN here/RB they/PRP just/RB come/VBP here/RB to/IN our/PRP$ home/NN and/CC ,/, and/CC work/VB on/IN it/PRP or/CC work/VB on/IN it/PRP ,/,","{C so, } the things that can be done here they just come here to our home [ and, + and ] work on it or work on it, /"
%,B,"so/RB ,/,","{C so, } -/"
ba,A,That/DT 's/BES amazing/JJ ./.,That's amazing. /
aa,B,"yeah/UH ,/,","yeah, /"
sd,B,"it/PRP 's/BES ,/, you/PRP know/VBP ,/, it/PRP 's/HVS really/RB ,/, it/PRP 's/HVS really/RB been/VBN nice/JJ ./.","[ [ it's, + {D you know, } it's ] really, + it's really ] been nice. /"
%,B,"We/PRP ,/, uh/UH ,/,","We, {F uh, } -/"
sd,A,"I/PRP ,/, I/PRP do/VBP all/DT my/PRP$ own/JJ work/NN ,/, uh/UH ,/,","[ I, + I ] do all my own work, {F uh, } /"
sd,A,"so/RB ,/, I/PRP ,/, I/PRP have/VBP Chevies/NNPS ,/,","{C so, } [ I, + I ] have Chevies,"
b,B,Uh-huh/UH ./.,Uh-huh. /
+,A,"mostly/RB ,/,","mostly, /"
sd,A,"well/UH ,/,","{D well, }"
b,B,Uh-huh/UH ./.,Uh-huh. /
+,A,that/DT 's/BES all/DT I/PRP 've/VBP got/VBN right/RB now/RB --/:,that's all I've got right now -- /
b,B,Yeah/UH ./.,Yeah. /
sd,A,--/: I/PRP 've/VBP got/VBN three/CD Chevy/NNP V/SYM Eights/NNS ./.,-- I've got three Chevy V Eights. /
sd,A,"I/PRP 'm/VBP ,/, uh/UH ,/, I/PRP 'm/VBP ,/, uh/UH ,/, a/DT Chevy/NNP ,/, I/PRP 'm/VBP an/DT American/JJ car/NN person/NN ,/,","[ [ I'm, + {F uh, } I'm, ] {F uh, } a Chevy, + I'm an American car ] person, /"
b^m,B,You/PRP 're/VBP an/DT American/JJ car/NN person/NN ./.,You're an American car person. /
sd,A,but/CC I/PRP do/VBP like/VB Mercedes/NNP ./.,{C but } I do like Mercedes. /
b,B,"Yeah/UH ,/,","Yeah, /"
b,B,"yeah/UH ,/,","yeah, /"
sd,B,"I/PRP ,/, I/PRP have/VBP always/RB had/VBN an/DT American/JJ ,/, American/JJ car/NN","[ I, + I ] have always had an [ American, + American ] car /"
sd,B,"and/CC ,/, uh/UH ,/, I/PRP had/VBD a/DT real/RB ,/, real/RB bad/JJ experience/NN with/IN the/DT Cougar/NNP that/WDT I/PRP had/VBD ,/,","{C and, } {F uh, } I had a real, real bad experience with the Cougar that I had, /"
sd,B,"it/PRP was/VBD an/DT eighty-two/CD Cougar/NNP ,/,","it was an eighty-two Cougar, /"
b,A,Yeah/UH ./.,Yeah. /
h,B,"and/CC ,/, uh/UH ,/, I/PRP do/VBP n't/RB know/VB ,/,","{C and, } {F uh, } I don't know, /"
sd,B,"I/PRP think/VBP it/PRP just/RB soured/VBD me/PRP on/IN it/PRP for/IN some/DT reason/NN because/IN I/PRP had/VBD trouble/NN with/IN it/PRP starting/VBG ,/,","I think it just soured me on it for some reason because I had trouble with it starting, /"
sd,B,"the/DT engine/NN blew/VBD up/RP in/IN it/PRP ,/,","the engine blew up <laughter> in it, /"
sd,B,"I/PRP had/VBD to/TO replace/VB the/DT engine/NN when/WRB it/PRP was/VBD only/RB two/CD years/NNS old/JJ so/RB ,/,","I had to replace the engine when it was only two years old so,"
b,A,Yeah/UH ./.,Yeah. /
+,B,"you/PRP know/VBP ,/, I/PRP ,/, I/PRP thought/VBD what/WP the/DT heck/NN ,/, you/PRP know/VBP ,/,","{D you know, } [ I, + I ] thought what the heck, {D you know, } /"
^q,B,we/PRP 'll/MD try/VB something/NN different/JJ,we'll try something different /
%,B,so/RB ./.,{C so. } -/
sd,A,"Well/UH ,/, I/PRP 'm/VBP not/RB a/DT Ford/NNP person/NN and/CC never/RB have/VBP been/VBN as/IN a/DT kid/NN ,/,","{D Well, } I'm not a Ford person and never have been as a kid, /"
b,B,Yeah/UH ./.,Yeah. /
sd,A,"and/CC ,/, uh/UH ,/, I/PRP do/VBP like/VB the/DT V/SYM Eight/CD engines/NNS","{C and, } {F uh, } I do like the V Eight engines /"
sv,A,"and/CC I/PRP think/VBP the/DT ,/,","{C and } I think the, - /"
sd,A,"I/PRP went/VBD to/IN the/DT auto/NN show/NN with/IN my/PRP$ daughter/NN recently/RB ,/,","I went to the auto show with my daughter recently,"
b,B,Uh-huh/UH ./.,Uh-huh. /
+,A,down/IN in/IN Dallas/NNP,down in Dallas /
sd,A,"and/CC ,/,","{C and, }"
b,B,Uh-huh/UH ./.,Uh-huh. /
+,A,"I/PRP ,/, to/IN me/PRP the/DT American/JJ cars/NNS are/VBP far/RB superior/JJ to/IN the/DT Japanese/NNPS in/IN styling/NN ,/, engines/NNS ,/,","[ I, + to me ] the American cars are far superior to the Japanese in styling, engines,"
b,B,Really/UH ./.,Really. /
+,A,"right/RB now/RB ,/, I/PRP mean/VBP ,/,","right now, {E I mean, } /"
b,B,"Yeah/UH ,/,","Yeah, /"
b,B,"right/UH ,/,","right, /"
sd,A,"I/PRP 'm/VBP not/RB saying/VBG that/IN they/PRP were/VBD ,/,","I'm not saying that they were,"
b,B,yeah/UH ./.,yeah. /
+,A,a/DT couple/NN of/IN years/NNS ago/RB ./.,a couple of years ago. /
aa,B,Yeah/UH ./.,Yeah. /
sd,B,"I/PRP would/MD that/IN that/IN there/EX 's/BES ,/,","I would [ that + that ] there's, - /"
sd,B,"I/PRP see/VBP a/DT marked/JJ improvement/NN ,/,","I see a (( marked )) improvement,"
ba,A,"Oh/UH ,/, yeah/UH ./.","{F Oh, } yeah. /"
+,B,"you/PRP know/VBP ,/, as/RB far/RB as/IN ,/, uh/UH ,/, what/WP I/PRP 've/VBP heard/VBN about/IN performance/NN and/CC such/JJ ,/, you/PRP know/VBP ,/, so/RB ,/, uh/UH ,/, uh/UH ,/, hopefully/RB it/PRP 'll/MD stay/VB that/DT way/NN ,/, I/PRP mean/VBP ,/, you/PRP know/VBP ,/,","{D you know, } as far as, {F uh, } what I've heard about performance and such, {D you know, } so, {F uh, } {F uh, } hopefully it'll stay that way, {E I mean, } {D you know, } /"
sd,B,"I/PRP 'd/MD ,/, I/PRP 'd/MD ,/, I/PRP would/MD hate/VB to/TO see/VB the/DT American/JJ car/NN industry/NN suffering/VBG more/JJR than/IN it/PRP already/RB has/VBZ --/:","[ [ I'd, + I'd, ] + I ] would hate to see the American car industry suffering more than it already has --"
ba,A,"Oh/UH ,/, yeah/UH ./.","{F Oh, } yeah. /"
+,B,"--/: you/PRP know/VBP ,/, even/RB though/IN right/RB now/RB I/PRP 'm/VBP not/RB driving/VBG an/DT American/JJ car/NN ,/,","-- {D you know, } even though right now I'm not driving an American car, /"
%,B,"but/CC ,/, uh/UH ,/, I/PRP think/VBP ,/,","{C but, } {F uh, } I think, -/"
%,A,"I/PRP ,/,","I, - /"
sd,A,"uh/UH ,/, you/PRP know/VBP ,/, they/PRP said/VBD ,/, they/PRP said/VBD what/WP do/VBP we/PRP want/VB to/TO buy/VB ,/,","{F uh, } {D you know, } [ they said, + they said ] what do we want to buy, /"
sd,A,"I/PRP ,/, I/PRP 'm/VBP ,/, uh/UH ,/, seri-/RB ,/, not/RB seriously/RB thinking/VBG","[ I, + I'm, ] {F uh, } [ seri-, + not seriously ] thinking /"
sd,A,"but/CC I/PRP ,/, I/PRP would/MD like/VB to/TO ,/,","{C but } [ I, + I ] would like to,"
b,B,"Uh-huh/UH ,/,","Uh-huh, /"
b,B,uh-huh/UH ./.,uh-huh. /
+,A,"put/VB it/PRP in/IN that/DT category/NN ,/, uh/UH ,/, by/IN a/DT Cadillac/NNP","put it in that category, {F uh, } by a Cadillac /"
sd,A,"but/CC I/PRP would/MD n't/RB ,/,","{C but } I wouldn't,"
b,B,Yeah/UH ./.,Yeah. /
+,A,buy/VB a/DT new/JJ one/NN,buy a new one /
sd,A,"and/CC ,/, you/PRP know/VBP ,/, of/IN course/NN ,/, if/IN I/PRP had/VBD the/DT money/NN I/PRP 'd/MD be/VB happy/JJ to/TO by/VB a/DT new/JJ one/NN ,/,","{C and, } {D you know, } of course, if I had the money I'd be happy to by a new one, /"
b,B,"Yeah/UH ,/,","Yeah, /"
b,B,yeah/UH ./.,yeah. /
sd,A,"but/CC ,/, uh/UH ,/, I/PRP do/VBP look/VB for/IN a/DT one/CD year/NN old/JJ vehicle/NN ,/,","{C but, } {F uh, } I do look for a one year old vehicle,"
b,B,Uh-huh/UH ./.,Uh-huh. /
+,A,"with/IN twenty/CD some/DT odd/JJ miles/NNS or/CC whatever/WDT twenty/CD thousand/CD miles/NNS ,/,","with twenty some odd miles or whatever twenty thousand miles,"
b,B,"Yeah/UH ,/,","Yeah, /"
b^m,B,"twenty/CD thousand/CD ,/,","twenty thousand, /"
b,B,"yeah/UH ,/,","yeah, /"
+,A,whatever/WDT ./.,whatever. /
b,B,yeah/UH ./.,yeah. /
sd,B,"Well/UH ,/, that/DT 's/BES what/WP my/PRP$ parents/NNS are/VBP avid/JJ Cadillac/NNP freaks/NNS ./.","{D Well, } that's what my parents are avid Cadillac freaks. /"
%,B,"They/PRP had/VBD ,/, uh/UH ,/,","They had, {F uh, } - /"
sd,B,"and/CC I/PRP think/VBP my/PRP$ ,/, my/PRP$ mother/NN drives/VBZ the/DT SeVille/NNP now/RB that/DT 's/BES ,/, uh/UH ,/, I/PRP guess/VBP it/PRP 's/BES a/DT couple/NN of/IN years/NNS old/JJ ,/,","{C and } I think [ my, + my ] mother drives the SeVille now [ that's, + ] {F uh, } I guess it's a couple of years old, /"
sd,B,"and/CC ,/, uh/UH ,/, she/PRP had/VBD a/DT SeVille/NNP before/IN that/DT that/WDT had/VBD the/DT odd/JJ backs/NNS that/WDT was/VBD ,/,","{C and, } {F uh, } she had a SeVille before that that had the odd backs [ that was, +"
ba,A,"Oh/UH ,/, yeah/UH ,/,","{F Oh, } yeah, /"
sd,A,I/PRP remember/VBP those/DT ./.,I remember those. /
+,B,"that/DT was/VBD so/RB ,/, uh/UH ,/,","that was ] so, {F uh, } - /"
%,B,"yeah/UH ,/,","yeah, /"
%,B,"yeah/UH ,/,","yeah, /"
sd,B,"and/CC she/PRP ,/, it/PRP final/RB just/RB wore/VBD out/RP","{C and } [ she, + it ] final just wore out /"
sd,B,"they/PRP had/VBD ,/, they/PRP had/VBD purchased/VBN it/PRP ,/,","[ they had, + they had ] purchased it, - /"
sd,B,"I/PRP do/VBP n't/RB ,/, ca/MD n't/RB remember/VB how/WRB many/JJ years/NNS they/PRP had/VBD that/DT car/NN ,/,","I [ don't, + can't ] remember how many years they had that car, /"
sd,B,but/CC she/PRP loved/VBD the/DT styling/NN of/IN it/PRP ./.,{C but } she loved the styling of it. /
sv,A,"That/DT she/PRP may/MD want/VB to/TO save/VB ,/, if/IN she/PRP ,/, she/PRP does/VBZ n't/RB have/VB it/PRP anymore/RB ./.","That she may want to save, if [ she, + she ] doesn't have it anymore. /"
ar,B,"No/UH ,/,","No, /"
sd,B,she/PRP sold/VBD it/PRP,she sold it /
%,B,"and/CC she/PRP ,/,","{C and } she, -/"
%,A,"That/DT ,/,","That, - /"
sv,A,"since/IN they/PRP do/VBP n't/RB make/VB them/PRP anymore/RB ,/,","since they don't make them anymore,"
b,B,Yeah/UH ./.,Yeah. /
+,A,"she/PRP ,/, that/DT could/MD be/VB turned/VBN into/IN a/DT classic/NN ,/,","[ she, + that ] could be turned into a classic,"
aa,B,I/PRP know/VBP ./.,I know. /
+,A,"in/IN ,/, in/IN ten/CD ,/, fifteen/CD years/NNS ,/, uh/UH ./.","[ in, + in ] ten, fifteen years, {F uh. } /"
aa,B,"Yeah/UH ,/,","Yeah, /"
sd,B,she/PRP kept/VBD telling/VBG herself/PRP that/IN,she kept telling herself that /
sd,B,"and/CC it/PRP 's/BES sort/RB of/RB a/DT bone/NN of/IN contention/NN between/IN she/PRP and/CC my/PRP$ dad/NN because/IN my/PRP$ dad/NN said/VBD well/UH ,/, just/RB let/VB me/PRP take/VB it/PRP down/IN there/RB and/CC find/VB out/RP what/WP 's/BES wrong/JJ with/IN it/PRP ,/,","{C and } it's sort of a (( bone of contention )) between she and my dad because my dad said {D well, } just let me take it down there and find out what's wrong with it, /"
sd,B,I/PRP mean/VBP he/PRP came/VBD back/RB with/IN a/DT new/JJ car/NN ./.,{E I mean } he came back with a new car <laughter>. /
b,A,"No/UH ,/,","No, /"
bf,A,"he/PRP wanted/VBD new/JJ one/NN ,/,","he wanted (( new one )) , - /"
b,A,"yeah/UH ,/,","yeah, /"
b,A,"right/UH ,/,","right, /"
b,A,yeah/UH ./.,yeah. /
aa,B,"Yeah/UH ,/,","Yeah, /"
sd,B,I/PRP think/VBP he/PRP had/VBD an/DT ulterior/JJ motive/NN,I think he had an ulterior motive /
sd,B,"he/PRP could/MD just/RB see/VB ,/, you/PRP know/VBP ,/, dollar/NN signs/NNS starting/VBG to/TO flip/VB by/RB as/RB far/RB as/IN repairs/NNS went/VBD","he could just see, {D you know, } dollar signs starting to flip by as far as repairs went /"
sd,B,"but/CC ,/, uh/UH ,/, they/PRP ,/, they/PRP really/RB are/VBP nice/JJ cars/NNS ,/, there/RB ,/, there/RB ,/,","{C but, } {F uh, } [ they, + they ] really are nice cars, [ there, + there, ] /"
sd,A,"I/PRP 'm/VBP still/RB a/DT full/JJ size/NN person/NN ,/,","I'm still a full size person, /"
b,B,Yeah/UH ./.,Yeah. /
sd,A,"and/CC I/PRP like/VBP a/DT full/JJ size/NN Cadillac/NNP ,/,","{C and } I like a full size Cadillac, /"
sd,A,"I/PRP ,/, I/PRP want/VBP one/CD of/IN those/DT ,/,","[ I, + I ] want one of those, /"
sd,A,"I/PRP think/VBP they/PRP are/VBP ,/, I/PRP do/VBP n't/RB know/VB ,/, a/DT classic/NN","I think they are, {A I don't know, } a classic /"
sv,A,"but/CC they/PRP 're/VBP ,/,","{C but } they're,"
b,B,Uh-huh/UH ./.,Uh-huh. /
+,A,"certainly/RB not/RB ,/,","certainly not, /"
sd,A,"they/PRP have/VBP n't/RB changed/VBN in/IN about/RB ,/, uh/UH ,/, twenty/CD years/NNS ,/,","they haven't changed in about, {F uh, } twenty years, /"
sv,A,"and/CC ,/,","[ {C and, } +"
b,B,"Yeah/UH ,/,","Yeah, /"
b,B,yeah/UH ./.,yeah. /
+,A,and/CC they/PRP 'll/MD eventually/RB phase/VB them/PRP out/RP,{C and } ] they'll eventually phase them out /
sd,A,"and/CC I/PRP sure/RB would/MD like/VB one/CD ever/RB those/DT ,/, uh/UH ,/, uh/UH ,/, within/IN the/DT next/JJ five/CD years/NNS ,/,","{C and } I sure would like one ever those, {F uh, } {F uh, } within the next five years,"
b,B,"Yeah/UH ,/,","Yeah, /"
+,A,or/CC so/RB ./.,or so. /
sv,B,"it/PRP seems/VBZ funny/JJ you/PRP how/WRB within/IN the/DT last/JJ couple/NN of/IN years/NNS cars/NNS have/VBP gotten/VBN bigger/JJR again/RB ,/, you/PRP know/VBP ,/,","it seems funny you how within the last couple of years cars have gotten bigger again, {D you know, } /"
b,A,Right/UH ./.,Right. /
sd,B,"they/PRP had/VBD ,/, they/PRP 've/VBP scaled/VBN everything/NN down/RP so/RB much/JJ","[ they had, + they've ] scaled everything down so much /"
sd,B,"and/CC ,/, uh/UH ,/, I/PRP have/VBP ,/, I/PRP do/VBP n't/RB ,/, I/PRP 've/VBP never/RB owned/VBN a/DT really/RB large/JJ car/NN ,/,","{C and, } {F uh, } [ [ I have, + I don't, ] + I've ] never owned a really large car, /"
h,B,"I/PRP do/VBP n't/RB know/VB ,/,","I don't know, /"
sd,B,I/PRP think/VBP that/IN Cougar/NNP was/VBD the/DT biggest/JJS thing/NN I/PRP ever/RB had/VBD,I think that Cougar was the biggest thing I ever had /
%,B,"and/CC ,/,","{C and, } -/"
sd,A,"Well/UH ,/, even/RB the/DT Japanese/JJ cars/NNS are/VBP bigger/JJR too/RB","{D Well, } even the Japanese cars are bigger too /"
%,A,"but/CC ,/, uh/UH ,/,","{C but, } {F uh, } -/"
b,B,"Yeah/UH ,/,","Yeah, /"
sd,A,"I/PRP 've/VBP never/RB had/VBN a/DT Jap/JJ ,/,","I've never had a Jap-, -/"
sv,B,"now/RB the/DT Lexus/NNP are/VBP very/RB nice/JJ looking/JJ cars/NNS ,/,","now the Lexus are very nice looking cars,"
sd,A,"I/PRP 've/VBP never/RB had/VBN ,/,","I've never had,"
+,B,you/PRP know/VBP ./.,{D you know. } /
+,A,"a/DT Japanese/JJ car/NN ,/,","a Japanese car, /"
sd,A,"I/PRP ,/, I/PRP 've/VBP had/VBN friends/NNS who/WP had/VBD them/PRP ,/,","[ I, + I've ] had friends who had them, /"
b,B,Uh-huh/UH ./.,Uh-huh. /
sv,A,"and/CC I/PRP think/VBP they/PRP 're/VBP a/DT lot/NN over/IN ra-/XX ,/,","{C and } I think they're a lot over ra-, - /"
sv,A,"and/CC they/PRP 're/VBP is/VBZ just/RB no/DT styling/NN to/IN them/PRP ,/,","{C and } they're is just no styling to them, /"
sv,A,"you/PRP ca/MD n't/RB tell/VB one/CD Japanese/JJ car/NN from/IN the/DT other/JJ ,/,","you can't tell one Japanese car from the other,"
aa,B,"That/DT 's/BES true/JJ ,/,","That's true, /"
+,A,"because/IN they/PRP all/PDT a/GW like/^JJ ,/,","because they all a like, /"
aa,B,that/DT 's/BES true/JJ ./.,that's true. /
sd,A,"you/PRP know/VBP ,/, I/PRP do/VBP n't/RB mean/VB that/DT as/IN a/DT joke/NN ,/,","{D you know, } I don't mean that as a joke, /"
sd,A,"I/PRP mean/VBP ,/,","{E I mean, }"
b,B,Yeah/UH ./.,Yeah. /
+,A,"they/PRP really/RB all/DT look/VBP a/GW like/^JJ ,/,","they really all look a like, /"
b,B,Yeah/UH ./.,Yeah. /
%,A,and/CC the/DT MUMBLEx/XX,{C and } the (( )) - /
sd,A,"I/PRP do/VBP n't/RB have/VB any/DT idea/NN what/WDT ,/, which/WDT car/NN it/PRP is/VBZ ,/,","I don't have any idea [ what, + which ] car it is,"
bf,B,"What/WP is/VBZ what/WP ,/,","What is what, /"
b,B,yeah/UH ./.,yeah. /
+,A,"until/IN I/PRP look/VBP at/IN it/PRP to/TO see/VB what/WP it/PRP is/VBZ ,/,","until I look at it to see what it is, /"
b,B,"Uh-huh/UH ,/,","Uh-huh, /"
b,B,uh-huh/UH ./.,uh-huh. /
sv,A,"and/CC I/PRP think/VBP they/PRP have/VBP not/RB ,/, uh/UH ,/, lead/VBN the/DT field/NN in/IN styling/NN ,/,","{C and } I think they have not, {F uh, } lead the field in styling, /"
sd,A,they/PRP do/VBP have/VB sports/NNS cars/NNS --/:,they do have sports cars -- /
b,B,Yeah/UH ./.,Yeah. /
sd,A,"--/: but/CC the/DT price/NN is/VBZ way/NN more/JJR ,/,","-- {C but } the price is way more, - /"
sd,A,"you/PRP can/MD get/VB a/DT Cadillac/NNP for/IN ,/,","you can get a Cadillac for,"
b,B,"Uh-huh/UH ,/,","Uh-huh, /"
b,B,uh-huh/UH ./.,uh-huh. /
+,A,"the/DT same/JJ price/NN as/IN you/PRP can/MD get/VB a/DT small/JJ Japanese/JJ ,/,","the same price as you can get a small Japanese,"
b,B,"Yeah/UH ,/,","Yeah, /"
b,B,yeah/UH ./.,yeah. /
+,A,"car/NN ,/,","car, /"
sv,A,it/PRP 's/BES ridiculous/JJ now/RB ./.,it's ridiculous now. /
aa,B,Yeah/UH ./.,Yeah. /
sd,B,"I/PRP know/VBP that/IN ,/, uh/UH ,/,","I know that, {F uh, } /"
sd,B,"I/PRP 've/VBP ,/, I/PRP 've/VBP sort/RB of/RB always/RB felt/VBN like/IN with/IN Buicks/NNPS it/PRP seems/VBZ like/IN all/DT Buicks/NNP to/IN me/PRP look/VBP alike/RB ,/,","[ I've, + I've ] sort of always felt like with Buicks it seems like all Buicks to me look alike <laughter>,"
b,A,Uh-huh/UH ./.,Uh-huh. /
+,B,"you/PRP know/VBP ,/,","{D you know, } /"
sd,B,"I/PRP guess/VBP it/PRP just/RB ,/, uh/UH ,/, it/PRP seems/VBZ to/IN me/PRP they/PRP 're/VBP all/PDT the/DT same/JJ shape/NN ./.","I guess it just, {F uh, } [ it + ] seems to me they're all the same shape. /"
sd,B,I/PRP have/VBP a/DT very/RB good/JJ friend/NN that/WDT has/VBZ a/DT Buick/NNP Regal/NNP,I have a very good friend that has a Buick Regal /
sd,B,"and/CC she/PRP ,/, she/PRP 's/HVS had/VBN ,/, she/PRP 's/HVS got/VBN way/NN offer/IN a/DT hundred/CD thousand/CD miles/NNS on/IN it/PRP","{C and } [ [ she, + she's ] had, + she's got ] way offer a hundred thousand miles on it /"
sd,B,and/CC that/DT 's/BES what/WP she/PRP 's/BES going/VBG to/TO buy/VB again/RB,{C and } that's what she's going to buy again /
sd,B,"and/CC I/PRP 'm/VBP like/IN ,/, oh/UH ,/, please/VB ,/, it/PRP looks/VBZ exactly/RB the/DT same/JJ as/IN this/DT old/JJ one/NN that/WDT you/PRP 've/VBP got/VBN","{C and } I'm like, {F oh, } please, it looks exactly the same as this old one <laughter> that you've got /"
sv,B,"and/CC ,/,","{C and, }"
b,A,Yeah/UH ./.,Yeah. /
+,B,"so/RB I/PRP guess/VBP it/PRP 's/BES in/IN the/DT eyes/NNS of/IN the/DT beholder/NN ,/,","{C so } I guess it's in the eyes of the beholder,"
aa,A,"Oh/UH ,/, yeah/UH ./.","{F Oh, } yeah. /"
+,B,I/PRP suppose/VBP ./.,I suppose. /
aa,A,"Yeah/UH ,/,","Yeah, /"
ad,A,"well/UH ,/, if/IN ,/, if/IN you/PRP 're/VBP interested/JJ you/PRP ought/MD to/TO go/VB to/IN the/DT next/JJ auto/NN show/NN ./.","{D well, } [ if, + if ] you're interested you ought to go to the next auto show. /"
sd,A,"I/PRP ,/, I/PRP look/VBP at/IN the/DT Cadillacs/NNPS","[ I, + I ] look at the Cadillacs /"
sd,A,and/CC boy/UH there/EX were/VBD some/DT Cadillacs/NNPS that/IN I/PRP did/VBD n't/RB even/RB realize/VB they/PRP made/VBD,{C and } {D boy } there were some Cadillacs that I didn't even realize they made /
sd,A,"but/CC they/PRP were/VBD ,/,","{C but } they were,"
b,B,Really/UH ./.,Really. /
+,A,"just/RB styled/VBN so/RB differently/RB ,/,","just styled so differently, /"
b,B,"Uh-huh/UH ,/,","Uh-huh, /"
b,B,uh-huh/UH ./.,uh-huh. /
sd,A,they/PRP were/VBD standard/JJ Cadillacs/NNPS,they were standard Cadillacs /
sd,A,but/CC they/PRP really/RB looked/VBD beautiful/JJ ./.,{C but } they really looked beautiful. /
qy,B,"Are/VBP they/PRP still/RB ,/,","Are they still, - /"
qy,B,"are/VBP what/WP they/PRP 're/VBP ,/,","are what they're, - /"
qy,B,"what/WP they/PRP have/VBP out/RP for/IN like/UH the/DT next/JJ year/NN ,/, is/VBZ everything/NN still/RB pretty/JJ square/NN ,/,","what they have out for {D like } the next year, is everything still pretty square, /"
sv,B,"it/PRP seems/VBZ like/IN the/DT Cadillacs/NNPS is/VBZ one/CD of/IN the/DT few/JJ makers/NNS that/WDT are/VBP still/RB making/VBG really/RB ,/, I/PRP ,/, I/PRP ca/MD n't/RB think/VB of/IN a/DT car/NN that/WDT they/PRP make/VBP are/VBP the/DT than/IN maybe/RB the/DT Alliance/NNP ./.","it seems like the Cadillacs is one of the few makers that are still making really, [ I, + I ] can't think of a car that they make are the than maybe the (( Alliance )) . -/"
nn,A,"Oh/UH ,/, no/UH ,/,","{F Oh, } no, /"
sd,A,"they/PRP have/VBP ,/, they/PRP have/VBP convertibles/NNS now/RB in/IN the/DT Cadillac/NNP ,/,","[ they have, + they have ] convertibles now in the Cadillac,"
b,B,Yeah/UH ./.,Yeah. /
+,A,field/NN,field /
sd,A,"and/CC they/PRP have/VBP that/DT new/JJ ,/, uh/UH ,/,","{C and } they have that new, {F uh, } - /"
sd,A,"it/PRP 's/BES not/RB the/DT big/JJ ,/, uh/UH ,/, Fleetwood/NNP ,/, the/DT one/CD I/PRP want/VBP ,/,","it's not the big, {F uh, } Fleetwood, the one I want,"
b,B,Uh-huh/UH ./.,Uh-huh. /
+,A,"which/WDT is/VBZ been/VBN the/DT same/JJ in/IN the/DT last/JJ twenty/CD years/NNS ,/,","which is been the same in the last twenty years, /"
b,B,Yeah/UH ./.,Yeah. /
sd,A,"there/EX 's/BES another/DT one/CD that/WDT has/VBZ came/VBD out/RP in/IN the/DT last/JJ two/CD year/NN ,/, not/RB the/DT Seville/NNP ,/,","there's another one that has came out in the last two year, not the Seville, /"
sd,A,"the/DT Seville/NNP is/VBZ totally/RB different/JJ ,/,","the Seville is totally different, /"
b,B,Uh-huh/UH ./.,Uh-huh. /
sd,A,now/RB at/IN the/DT auto/NN show/NN they/PRP had/VBD fantastic/JJ looking/JJ cars/NNS ./.,now at the auto show they had fantastic looking cars. /
qw,B,"Now/RB when/WRB ,/, when/WRB was/VBD this/DT ,/,","Now [ when, + when ] was this, /"
qy,B,was/VBD this/DT recently/RB ?/.,was this recently? /
ny,A,"Oh/UH ,/, yeah/UH ,/,","{F Oh, } yeah, /"
sd,A,it/PRP was/VBD a/DT month/NN or/CC so/RB ago/RB ./.,it was a month or so ago. /
bk,B,"Oh/UH ,/, okay/UH ,/,","{F Oh, } okay, /"
%,B,"because/IN I/PRP have/VBP ,/,","{C because } I have, -/"
sd,A,"Well/UH ,/, they/PRP have/VBP it/PRP every/DT year/NN ./.","{D Well, } they have it every year. /"
b,B,"Yeah/UH ,/,","Yeah, /"
sd,B,usually/RB when/WRB I/PRP see/VBP the/DT new/JJ cars/NNS it/PRP 's/BES during/IN the/DT fair/JJ when/WRB I/PRP go/VBP to/IN the/DT auto/NN building/NN at/IN the/DT State/NNP Fair/NNP,usually when I see the new cars it's during the fair when I go to the auto building at the State Fair /
sd,B,"and/CC that/DT 's/BES usually/RB when/WRB I/PRP see/VBP anything/NN ,/,","{C and } that's usually when I see anything,"
b,A,"Right/UH ,/,","Right, /"
+,B,you/PRP know/VBP ./.,{D you know. } /
sd,A,"now/RB this/DT was/VBD ,/, uh/UH ,/, in/IN it/PRP was/VBD downtown/NN in/IN the/DT ,/, uh/UH ,/, Convention/NNP Center/NNP","now this was, {F uh, } in it [ was + ] downtown in the, {F uh, } Convention Center /"
sd,A,"and/CC ,/,","{C and, }"
bk,B,"Oh/UH ,/, I/PRP see/VBP ./.","{F Oh, } I see. /"
+,A,they/PRP had/VBD all/PDT the/DT cars/NNS,they had all the cars /
sd,A,"they/PRP had/VBD Japanese/JJ and/CC German/JJ cars/NNS ,/,","they had Japanese and German cars, /"
b,B,Yeah/UH ./.,Yeah. /
sd,A,"they/PRP had/VBD the/DT full/JJ range/NN ,/,","they had the full (( range )) , /"
sd,A,"and/CC they/PRP had/VBD some/DT ,/, they/PRP had/VBD some/DT new/JJ cars/NNS that/WDT were/VBD n't/RB even/RB out/RP","{C and } [ they had some, + they had some ] new cars that weren't even out /"
sd,A,"they/PRP had/VBD ,/, uh/UH ,/, a/DT new/JJ Chevy/NNP Suburban/NNP ,/,","they had, {F uh, } a new Chevy Suburban,"
b,B,"Oh/UH ,/, really/UH ./.","{F Oh, } really. /"
+,A,"truck/NN ,/, you/PRP know/VBP ,/,","truck, {D you know, } /"
sd,A,"that/DT big/JJ ,/, big/JJ one/NN that/WDT was/VBD ,/, uh/UH ,/,","that big, big one that was, {F uh, } - /"
sd,A,"they/PRP did/VBD n't/RB have/VB a/DT price/NN on/IN it/PRP ,/,","they didn't have a price on it,"
b,B,Uh-huh/UH ./.,Uh-huh. /
+,A,"nor/CC did/VBD they/PRP know/VBP had/VBD a/DT it/PRP would/MD cost/VB ,/,","nor did they know had a it would cost, /"
sd,A,"it/PRP had/VBD a/DT microwave/NN in/IN it/PRP and/CC everything/NN ,/,","it had a microwave in it and everything, /"
ba,B,"Oh/UH ,/, my/PRP$ word/NN ./.","{F Oh, } my word. /"
%,A,"it/PRP was/VBD ,/,","it was, - /"
sd,A,they/PRP had/VBD several/JJ futuristic/JJ cars/NNS ./.,they had several futuristic cars. /
ba,B,"That/DT 's/BES wild/JJ ,/,","That's wild,"
b,A,Yeah/UH ./.,Yeah. /
+,B,"you/PRP know/VBP ,/,","{D you know, } /"
sd,B,you/PRP hear/VBP about/IN things/NNS like/IN that/DT,you hear about things like that /
sv,B,"and/CC you/PRP think/VBP that/DT ca/MD n't/RB possibly/RB be/VB done/VBN ,/,","{C and } you think that can't possibly be done, /"
sv,B,"I/PRP mean/VBP ,/, it/PRP just/RB ,/,","{E I mean, } [ it just, +"
aa,A,I/PRP know/VBP ./.,I know. /
+,B,that/DT 's/BES just/RB too/RB weird/JJ ./.,that's just ] too weird. /
sd,A,And/CC I/PRP like/VBP engines/NNS,{C And } I like engines /
sd,A,"they/PRP had/VBD a/DT lot/NN of/IN broken/VBN down/RP engin-/NNS ,/,","they had a lot of [ broken down engin-, + ]"
b,B,Uh-huh/UH ./.,Uh-huh. /
+,A,"not/RB broken/VBN down/RP ,/, I/PRP mean/VBP ,/, you/PRP know/VBP ,/, cut/VB ,/, uh/UH ,/,","{A not broken down, {E I mean, } {D you know, } cut, } {F uh, }"
b,B,"Right/UH ,/,","Right, /"
+,A,"displayed/JJ engines/NNS ,/, you/PRP know/VBP ./.","displayed engines, {D you know. } /"
b,B,"uh-huh/UH ,/,","uh-huh, /"
bf,B,"so/IN you/PRP could/MD tell/VB ,/,","{C so } you could tell, /"
bf,B,see/VB the/DT inside/NN of/IN them/PRP or/CC whatever/WDT ./.,see the inside of them or whatever. /
aa,A,"Yeah/UH ,/,","Yeah, /"
b,B,Yeah/UH ./.,Yeah. /
sd,A,"but/CC ,/, uh/UH ,/, that/DT ,/, that/DT sold/VBD me/PRP in/IN buying/VBG a/DT new/JJ car/NN ,/, you/PRP know/VBP ,/,","{C but, } {F uh, } [ that, + that ] sold me in buying a new car, {D you know, } /"
sd,A,"I/PRP mean/VBP ,/, certainly/RB interested/JJ in/IN buying/VBG a/DT new/JJ car/NN","{E I mean, } certainly interested in buying a new car /"
sd,A,"but/CC again/RB the/DT ,/, yeah/UH ,/, the/DT American/JJ cars/NNS were/VBD for/IN superior/JJ in/IN styling/NN and/CC ,/,","{C but } again [ the, + {D yeah, } the ] American cars were for superior in styling and,"
b,B,"Yeah/UH ,/,","Yeah, /"
b,B,"yeah/UH ,/,","yeah, /"
+,A,"new/JJ engines/NNS ,/,","new engines, /"
aap_am,B,"well/UH ,/, maybe/RB ,/,","{D well, } maybe, /"
sv,A,"and/CC ,/, uh/UH ,/,","{C and, } {F uh, }"
sv,B,"somebody/NN 's/HVS finally/RB woken/VBN up/RP ,/, you/PRP know/VBP ./.","somebody's finally woken up, {D you know. } /"
+,A,"I/PRP thing/VBP so/RB ,/, because/IN they/PRP 've/VBP been/VBN making/VBG these/DT four/CD cylinder/NN and/CC six/CD cylinder/NN engines/NNS for/IN a/DT while/NN","I thing so, because they've been making these four cylinder and six cylinder engines for a while / *[[ spelling - ""think""? ]]"
sd,A,"and/CC ,/,","{C and, }"
b,B,Yeah/UH ./.,Yeah. /
+,A,"I/PRP think/VBP that/IN ,/, I/PRP ,/, I/PRP would/MD definitely/RB buy/VB ,/,","I think that, [ I, + I ] would definitely buy, - /"
sd,A,"again/RB there/EX 's/BES the/DT question/NN are/VBP we/PRP in/IN the/DT market/NN ,/, uh/UH ,/,","again there's the question are we in the market, {F uh, } /"
b,B,Yeah/UH ./.,Yeah. /
sd,A,"and/CC I/PRP could/MD buy/VB anything/NN ,/, you/PRP know/VBP ./.","{C and } I could buy anything, {D you know. } /"
aa,B,"Oh/UH ,/, yeah/UH ,/,","{F Oh, } yeah, /"
sd,B,"you/PRP know/VBP ,/, if/IN I/PRP could/MD fine/VB ,/,","{D you know, } if I could fine, / *[[ spelling - ""find""? ]]"
sd,B,"I/PRP ,/, I/PRP was/VBD really/RB crazy/JJ about/IN Jags/NNPS for/IN a/DT while/NN","[ I, + I ] was really crazy about Jags for a while /"
sd,B,"and/CC the/DT convertible/NN ,/, had/VBD a/DT is/VBZ it/PRP X/NNP J/NNP S/NNP or/CC something/NN like/IN that/DT ,/,","{C and } the convertible, had a [ is it + ] X J S or something like that, /"
sd,B,"and/CC I/PRP ,/,","{C and } I,"
b,A,"Yeah/UH ,/,","Yeah, /"
b,A,Yeah/UH ./.,Yeah. /
+,B,"you/PRP know/VBP ,/, thought/VBD that/DT 's/BES a/DT dream/NN car/NN ,/,","{D you know, } thought that's a dream car, /"
sv,B,"and/CC ,/, and/CC you/PRP really/RB would/MD have/VB to/TO be/VB a/DT dream/NN car/NN because/IN the/DT repair/NN bills/NNS are/VBP supposedly/RB just/RB constant/JJ ,/, you/PRP know/VBP ./.","[ {C and, } + {C and } ] you really would have to be a dream car because the repair bills are supposedly just constant, {D you know. } /"
sd,A,"Well/UH ,/, I/PRP have/VBP n't/RB work/VB on/IN them/PRP myself/PRP so/IN I/PRP do/VBP n't/RB ,/, that/IN ,/, you/PRP know/VBP ,/, my/PRP$ cars/NNS do/VBP n't/RB go/VB to/IN the/DT shop/NN ,/, you/PRP know/VBP ,/,","{D Well, } I haven't work on them myself so [ I don't, that, + {D you know, } my cars don't ] go to the shop, {D you know, } /"
b,B,"Yeah/UH ,/,","Yeah, /"
%,A,"so/RB ,/, uh/UH ,/,","{C so, } {F uh, } -/"
b,B,yeah/UH ./.,yeah. /
sd,A,I/PRP am/VBP the/DT kind/NN of/IN engineer/NN,I am the kind of engineer /
sd,A,and/CC I/PRP 've/VBP always/RB done/VBN it/PRP myself/PRP,{C and } I've always done it myself /
sd,A,"and/CC ,/, uh/UH --/:","{C and, } {F uh } --"
sv,B,"Well/UH ,/, that/DT 's/BES good/JJ that/IN you/PRP can/MD ./.","{D Well, } that's good that you can. /"
+,A,--/: I/PRP 've/VBP got/VBN three/CD of/IN them/PRP,-- I've got three of them /
sd,A,"and/CC ,/, uh/UH ,/, I/PRP ca/MD n't/RB remember/VB one/CD ,/,","{C and, } {F uh, } I can't remember one, /"
sd,A,"I/PRP think/VBP I/PRP had/VBD one/CD someone/NN welded/VBD a/DT muffler/NN on/IN for/IN me/PRP ,/,","I think I had one someone welded a muffler on for me,"
b,B,"Oh/UH ,/, really/UH ,/,","{F Oh, } really, /"
%,B,"that/DT ,/,","that, -/"
+,A,"in/IN a/DT years/NNS time/NN ,/,","in a years time, /"
ba,B,"oh/UH ,/, gosh/UH ,/,","{F oh, } gosh, /"
ba,B,that/DT 's/BES great/JJ ./.,that's great. /
sd,A,I/PRP think/VBP that/DT 's/BES the/DT only/JJ thing/NN of/IN the/DT three/CD vehicles/NNS that/WDT I/PRP 've/VBP in/IN it/PRP just/RB the/DT welding/NN on/IN,I think that's the only thing of the three vehicles that I've in it just the welding on - /
sd,A,like/IN I/PRP said/VBD I/PRP do/VBP n't/RB do/VB that/DT you/PRP know/VBP ./.,like I said I don't do that {D you know. } /
sv,B,"I/PRP think/VBP it/PRP takes/VBZ a/DT talent/NN to/TO do/VB that/DT ,/, you/PRP know/VBP ,/,","I think it takes a talent to do that, {D you know, } /"
sd,B,"my/PRP$ ,/, my/PRP$ husband/NN is/VBZ ,/, uh/UH ,/, engineer/NN","[ my, + my ] husband is, {F uh, } engineer /"
sd,B,"but/CC he/PRP can/MD not/RB ,/, I/PRP mean/VBP ,/,","{C but } he cannot, {E I mean, } - /"
sd,B,or/CC maybe/RB he/PRP 's/BES just/RB does/VBZ n't/RB want/VB to/TO mess/VB with/IN it/PRP,{C or } maybe he's just doesn't want to mess with it <laughter> /
sd,B,"that/DT 's/BES might/MD be/VB part/NN of/IN it/PRP ,/,","that's might be part of it, /"
sd,B,"but/CC ,/, uh/UH ,/, you/PRP know/VBP ,/, we/PRP just/RB ,/, I/PRP just/RB say/VBP forget/VB it/PRP we/PRP 'll/MD just/RB take/VB it/PRP in/IN ,/,","{C but, } {F uh, } {D you know, } [ we just, + I just ] say forget it we'll just take it in,"
b,A,Yeah/UH ./.,Yeah. /
+,B,and/CC get/VB it/PRP taken/VBN care/NN it/PRP ./.,and get it taken care it. /
sd,B,"He/PRP drives/VBZ ,/,","He [ drives, +"
sd,A,"I/PRP ,/, I/PRP ,/,","[ I, + I, ]"
+,B,drives/VBZ a/DT Honda/NNP ./.,drives ] a Honda. /
+,A,"noticed/VBD that/DT when/WRB I/PRP was/VBD a/DT kid/NN ,/, uh/UH ,/,","noticed that when I was a kid, {F uh, } - /"
sd,A,I/PRP was/VBD was/VBD n't/RB a/DT mechanical/JJ engineer/NN,I was wasn't a mechanical engineer /
sd,A,but/CC I/PRP worked/VBD my/PRP$ way/NN through/IN college/NN as/IN a/DT mechanic/NN,{C but } I worked my way through college as a mechanic /
%,A,"so/RB ,/,","{C so, } -/"
b,B,"Uh-huh/UH ,/,","Uh-huh, /"
sd,A,"I/PRP learned/VBD early/RB from/IN ,/,","I learned early from,"
b,B,Right/UH ./.,Right. /
+,A,"fifteen/CD on/IN ,/,","fifteen on,"
b,B,Yeah/UH ./.,Yeah. /
+,A,"and/CC dropped/VBD it/PRP for/IN a/DT long/JJ time/NN when/WRB ,/,","and dropped it for a long time [ [ when, +"
b,B,Uh-huh/UH ./.,Uh-huh. /
+,A,"when/WRB after/IN I/PRP got/VBD out/IN of/IN college/NN and/CC ,/,","when ] + ] after I got out of college and,"
b,B,Yeah/UH ./.,Yeah. /
+,A,then/RB picked/VBD it/PRP up/RP again/RB later/RB on/RP,then picked it up again later on /
sd,A,"and/CC now/RB again/RB ,/, I/PRP 've/VBP got/VBN three/CD vehicles/NNS","{C and } now again, I've got three vehicles /"
sd,A,"and/CC I/PRP do/VBP n't/RB ,/, I/PRP never/RB get/VBP in/IN them/PRP and/CC just/RB go/VB to/IN the/DT shop/NN at/IN you/PRP will/MD ,/, you/PRP know/VB ./.","{C and } [ I don't, + I never ] get in them and just go to the shop at you will, {D you know. } -/"
sv,B,"Well/UH ,/, that/DT 's/BES to/TO ,/, that/DT 's/BES one/CD thing/NN that/WDT when/WRB you/PRP would/MD consider/VB ,/,","{D Well, } [ that's to, + that's one ] thing that when you would consider, - /"
sd,B,"see/VB when/WRB I/PRP go/VBP out/RB to/TO think/VB about/IN a/DT new/JJ car/NN or/CC buy/VB another/DT car/NN ,/, I/PRP do/VBP n't/RB think/VB about/IN ,/, well/UH ,/, is/VBZ this/DT engine/NN that/WDT I/PRP can/MD work/VB on/IN or/CC that/IN ,/, you/PRP know/VBP ,/,","{D see } when I go out to think about a new car or buy another car, I don't think about, {D well, } is this engine that I can work on <laughter> or that, {D you know, }"
b,A,Uh-huh/UH ./.,Uh-huh. /
+,B,"my/PRP$ husband/NN can/MD work/VB on/RP or/CC whatever/WDT ,/, you/PRP know/VBP","my husband can work on or whatever, {D you know } /"
sv,B,"so/RB ,/, you/PRP 're/VBP ,/, you/PRP 're/VBP pretty/RB lucky/JJ in/IN that/DT respect/NN that/IN ,/,","{C so, } [ you're, + you're ] pretty lucky in that respect [ that, + ] /"
aa,A,"Yeah/UH ,/,","Yeah, /"
sd,A,"I/PRP 'm/VBP keeping/VBG V/SYM eight/CD ,/, V/SYM eight/CD Chevy/NNP engines/NNS ,/,","I'm keeping [ V eight, + V eight ] Chevy engines,"
b,B,Yeah/UH ./.,Yeah. /
+,A,"because/IN that/DT 's/BES what/WP I/PRP know/VBP ,/,","because that's what I know, /"
bf,B,"That/DT 's/BES when/WRB you/PRP know/VBP ,/,","That's when you know, /"
b,B,yeah/UH ./.,yeah. /
sd,A,"and/CC ,/, in/IN fact/NN ,/, I/PRP stock/VBP the/DT same/JJ part/NN ,/,","{C and, } in fact, I stock the same part, /"
sd,A,"I/PRP 'm/VBP like/IN a/DT little/JJ stock/NN ,/,","I'm {D like } a little stock, - /"
sd,A,"if/IN you/PRP ,/,","if you,"
b,B,Uh-huh/UH ./.,Uh-huh. /
+,A,"brought/VBN your/PRP$ Chevy/NNP to/IN me/PRP I/PRP could/MD ,/, I/PRP 'd/MD probably/RB have/VB some/DT parts/NNS ,/,","brought your Chevy to me [ I could, + I'd ] probably have some parts,"
x,B,,<Laughter>.
+,A,"for/IN it/PRP right/RB now/RB ,/, you/PRP knows/VBZ ./.","for it right now, {D you knows } <laughter>. /"
ba,B,"That/DT 's/BES pretty/RB good/JJ ,/,","That's pretty good, /"
sd,B,it/PRP 's/HVS really/RB been/VBN funny/JJ because/IN we/PRP have/VBP like/IN been/VBN you/PRP are/VBP own/JJ contractors/NNS kind/RB of/RB with/IN this/DT car/NN,it's really been funny because we have {D like } been you are own contractors kind of with this car - /
sd,B,"and/CC when/WRB I/PRP say/VBP we/PRP have/VBP redone/VBN everything/NN I/PRP mean/VBP we/PRP have/VBP done/VBN everything/NN ,/,","{C and } when I say we have redone everything I mean we have done everything, /"
ba,A,"Oh/UH ,/, that/DT 's/BES great/JJ ,/,","{F Oh, } that's great, /"
sd,B,"and/CC it/PRP 's/BES ,/,","{C and } [ it's, +"
sd,A,I/PRP 've/VBP always/RB wanted/VBN to/IN that/DT too/RB ./.,I've always wanted to that too. /
+,B,"it/PRP 's/HVS really/RB been/VBN so/RB interesting/JJ the/DT people/NNS you/PRP meet/VBP because/IN ,/, uh/UH ,/, my/PRP$ husband/NN Carl/NNP has/VBZ called/VBN all/DT over/IN the/DT country/NN ,/, you/PRP know/VBP ,/,","it's ] really been so interesting the people you meet because, {F uh, } my husband Carl has called all over the country, {D you know, } /"
sd,B,"he/PRP 's/HVS gotten/VBN these/DT catalogs/NNS try-/XX ,/,","he's gotten these catalogs try-, - /"
sd,B,"it/PRP 's/BES really/RB more/RBR difficult/JJ to/TO find/VB these/DT vintage/JJ parts/NNS when/WRB you/PRP might/MD think/VB this/DT is/VBZ for/IN a/DT seventy-three/CD ,/,","it's really more difficult to find these vintage parts when you might think this is for a seventy-three, /"
ba,A,"Oh/UH ,/, I/PRP can/MD imagination/VB ,/,","{F Oh, } I can imagination, /"
