act_tag,speaker,pos,text
"fo_o_fw_""_by_bc",A,"Okay/UH ,/,","Okay, /"
ad,A,"I/PRP guess/VBP I/PRP 'll/MD start/VB ,/, um/UH ,/,","I guess I'll start, {F um, } /"
sd,A,"one/CD ,/, uh/UH ,/, big/JJ thing/NN that/WDT ,/, the/DT advise/NN that/WDT I/PRP would/MD give/VB to/IN a/DT parent/NN to/TO give/VB to/IN his/PRP$ or/CC her/PRP$ child/NN is/VBZ to/TO let/VB their/PRP$ ,/, let/VB their/PRP$ child/NN experience/VB college/NN in/IN a/DT kind/RB of/RB general/JJ sense/NN ./.","one, {F uh, } big thing that, the advise that I would give to a parent to give to his or her child is to [ let their, + let their ] child experience college in a kind of general sense. /"
sd,A,"I/PRP like/VBP large/JJ colleges/NNS because/IN I/PRP went/VBD to/IN University/NNP of/IN Texas/NNP at/IN Austin/NNP ,/,","I like large colleges because I went to University of Texas at Austin, /"
sd,A,they/PRP have/VBP fifty/CD thousand/CD students/NNS there/RB ./.,they have fifty thousand students there. /
sd,A,"And/CC I/PRP feel/VBP like/IN that/DT now/RB if/IN I/PRP went/VBD ,/, if/IN I/PRP had/VBD gone/VBN to/IN a/DT small/JJ college/NN that/WDT only/RB had/VBD a/DT couple/NN of/IN thousand/CD that/WDT I/PRP would/MD n't/RB have/VB ,/, have/VB gotten/VBN as/IN much/JJ exposure/NN to/IN different/JJ people/NNS and/CC different/JJ ,/, uh/UH ,/, I/PRP do/VBP n't/RB know/VB ,/, different/JJ languages/NNS ,/, different/JJ cultures/NNS ,/, and/CC things/NNS like/IN that/DT just/RB by/IN being/VBG around/IN those/DT fifty/CD thousand/CD students/NNS ./.","{C And } I feel like that now [ if I went, + if I had gone ] to a small college that only had a couple of thousand that I wouldn't [ have, + have ] gotten as much exposure to different people and [ different, + {F uh, } {A I don't know, } different ] languages, different cultures, and things like that just by being around those fifty thousand students. /"
ba,B,"That/DT 's/BES interesting/JJ ,/,","That's interesting, /"
sd,B,"I/PRP went/VBD to/IN a/DT smaller/JJR school/NN ,/,","I went to a smaller school,"
b,A,Uh-huh/UH ./.,Uh-huh. /
+,B,"of/IN probably/RB three/CD thousand/CD ,/, thirty-five/CD hundred/CD ./.","<Throat_clearing> of probably three thousand, thirty-five hundred. /"
b,A,Uh-huh/UH ./.,Uh-huh. /
sd,B,"And/CC I/PRP ,/, I/PRP thought/VBD that/DT was/VBD the/DT best/JJS experience/NN in/IN that/DT we/PRP had/VBD more/RBR one-on-one/JJ since/IN we/PRP seemed/VBD to/TO know/VB everyone/NN on/IN campus/NN ,/,","{C And } [ I, + I ] thought that was the best experience in that we had more one-on-one since we seemed to know everyone on campus, /"
b,A,Huh/UH ./.,Huh. /
sd,B,"and/CC we/PRP had/VBD a/DT broad/JJ spectrum/NN of/IN languages/NNS and/CC cultures/NNS and/CC backgrounds/NNS ,/,","{C and } we had a broad spectrum of languages and cultures and backgrounds,"
b,A,Huh/UH ./.,<<Very faint>> Huh. /
+,B,"and/CC so/RB forth/RB ,/,","and so forth, /"
sd,B,"so/RB ,/, I/PRP thought/VBD it/PRP was/VBD wonderful/JJ to/TO be/VB a/DT bigger/JJR fish/NN and/CC not/RB so/RB much/JJ a/DT number/NN ,/,","{C so, } I thought it was wonderful to be a bigger fish and not so much a number, /"
b,A,Uh-huh/UH ./.,Uh-huh. /
sd,B,"um/UH ,/, one/CD of/IN fifty/CD thousand/CD ,/, I/PRP was/VBD one/CD of/IN three/CD thousand/CD ,/,","{F um, } one of fifty thousand, I was one of three thousand,"
b,A,Right/UH ./.,Right. /
+,B,"and/CC ,/, and/CC ,/, you/PRP know/VBP ,/,","[ {C and, } + {C and, } ] {D you know, }"
b,A,Uh-huh/UH ./.,<<Very faint>> Uh-huh. /
+,B,"different/JJ perspectives/NNS ,/,","different perspectives, -/"
b,A,Yeah/UH ./.,<<Very faint>> Yeah. /
%,B,"I/PRP ,/, uh/UH ,/,","I, {F uh, } - /"
sv,B,"but/CC it/PRP sounds/VBZ like/IN we/PRP were/VBD both/DT kind/RB of/RB looking/VBG at/IN the/DT same/JJ sort/NN of/IN ,/, sort/NN of/IN thing/NN ./.","{C but } it sounds like we were both kind of looking at the same [ sort of, + sort of ] thing. /"
b,A,"Yeah/UH ,/,","Yeah, /"
sd,A,"I/PRP ,/, I/PRP could/MD see/VB ,/, I/PRP could/MD see/VB that/DT point/NN ,/, I/PRP could/MD see/VB how/WRB it/PRP would/MD be/VB ./.","[ [ [ I, + I ] could see, + I could see ] that point, + I could see ] how it would be. /"
sd,A,"I/PRP 'm/VBP sure/JJ your/PRP$ classes/NNS were/VBD a/DT lot/NN smaller/JJR ,/, um/UH ,/, because/IN like/IN we/PRP would/MD have/VB biology/NN classes/NNS that/WDT did/VBD ,/, main/JJ courses/NNS that/WDT everyone/NN has/VBZ to/TO take/VB ,/, I/PRP mean/VBP ,/, hundreds/NNS of/IN students/NNS in/IN this/DT class/NN ,/,","I'm sure your classes were a lot smaller, {F um, } because {D like } we would have [ biology classes that did, + main courses that ] everyone has to take, {E I mean, } hundreds of students in this class, /"
sd,A,"so/RB ,/,","{C so, }"
b,B,Yeah/UH ./.,Yeah. /
+,A,"actually/RB ,/, yes/UH ,/, you/PRP were/VBD a/DT number/NN ./.","{D actually, } {E yes, } you were a number. /"
%,A,"But/CC ,/, um/UH ,/, I/PRP ,/, I/PRP just/RB ,/,","{C But, } {F um, } [ I, + I ] just, - /"
h,A,"I/PRP do/VBP n't/RB know/VB ,/,","I don't know, /"
sd,A,"I/PRP 'm/VBP thinking/VBG in/IN a/DT sense/NN of/IN ,/, uh/UH ,/, just/RB being/VBG exposed/VBN to/IN more/JJR ./.","I'm thinking in a sense of, {F uh, } just being exposed to more. /"
sv,A,"It/PRP just/RB seems/VBZ like/IN in/IN a/DT larger/JJR college/NN you/PRP ,/, I/PRP do/VBP n't/RB know/VB ,/, your/PRP$ exposed/VBN to/TO so/RB many/RB more/JJR people/NNS from/IN all/RB over/IN the/DT world/NN ,/,","It just seems like in a larger college [ you, + {A I don't know, } your ] exposed to so many more people from all over the world, /"
sv,A,"and/CC I/PRP 'm/VBP sure/JJ a/DT lot/NN of/IN people/NNS come/VBP to/IN ,/, you/PRP know/VBP ,/, small/JJ colleges/NNS also/RB but/CC just/RB that/IN they/PRP 're/VBP more/JJR of/IN ,/, of/IN the/DT different/JJ cultures/NNS there/RB ,/,","{C and } I'm sure a lot of people come to, {D you know, } small colleges also but just that they're more [ of, + of ] the different cultures there, /"
b,B,"Uh-huh/UH ,/,","Uh-huh, /"
b,B,yeah/UH ./.,yeah. /
sv,A,"not/RB that/IN it/PRP 's/BES ,/, not/RB that/IN it/PRP 's/BES better/JJR","[ not that it's, + not that it's ] better /"
sv,A,"but/CC I/PRP 'm/VBP just/RB saying/VBG that/IN I/PRP think/VBP that/RB big/JJ ,/,","{C but } I'm just saying that I think that big, -/"
sv,B,That/DT 's/BES one/CD thing/NN to/TO definitely/RB consider/VB ./.,That's one thing to definitely consider. /
b,A,"Uh-huh/UH ,/,","Uh-huh, /"
b,A,uh-huh/UH ./.,uh-huh. /
sv,A,"I/PRP think/VBP ,/, uh/UH ,/, a/DT lot/NN of/IN ,/, a/DT lot/NN of/IN students/NNS now/RB would/MD probably/RB be/VB afraid/JJ of/IN a/DT smaller/JJR college/NN ,/,","I think, {F uh, } [ a lot of, + a lot of ] students now would probably be afraid of a smaller college, /"
sd,A,"a/DT lot/NN of/IN the/DT students/NNS that/WDT I/PRP talked/VBD to/IN even/RB here/RB in/IN Waco/NNP they/PRP go/VBP to/IN Baylor/NNP ,/, um/UH ,/, they/PRP ,/,","a lot of the students that I talked to even here in Waco they go to Baylor, {F um, } [ they, + ] /"
sd,A,"or/CC they/PRP 're/VBP considering/VBG going/VBG to/IN Baylor/NNP ,/,","{C or } they're considering going to Baylor, /"
sd,A,they/PRP 're/VBP also/RB considering/VBG going/VBG to/IN U/NNP T/NNP Austin/NNP,they're also considering going to U T Austin /
sd,A,"but/CC one/CD of/IN the/DT big/JJ no-nos/NNS is/VBZ because/IN of/IN the/DT fifty/CD thousand/CD students/NNS ,/,","{C but } one of the big no-nos is because of the fifty thousand students, /"
sd,A,"and/CC I/PRP have/VBP to/TO tell/VB them/PRP that/IN just/RB like/IN ,/, just/RB like/IN I/PRP live/VBP in/IN Waco/NNP","{C and } I have to tell them that [ just {D like, } + just {D like } ] I live in Waco /"
sd,A,"it/PRP 's/BES a/DT large/JJ city/NN ,/, ,/,","it's a large city, <barking>, /"
sd,A,"I/PRP can/MD still/RB function/VB ,/, ,/, in/IN my/PRP$ own/JJ kind/NN of/IN area/NN ,/, in/IN my/PRP$ own/JJ group/NN ./.","I can still function, <barking>, in my own kind of area, in my own group. /"
sd,A,"I/PRP have/VBP a/DT job/NN ,/,","I have a job, /"
sd,A,"I/PRP have/VBP my/PRP$ friends/NNS ,/,","I have my friends, /"
b,B,Uh-huh/UH,Uh-huh /
x,B,./.,<barking>.
sd,A,"and/CC I/PRP 'm/VBP really/RB not/RB as/RB ,/, as/IN concerned/JJ about/IN the/DT entire/JJ city/NN ,/, so/RB when/WRB you/PRP go/VBP to/IN a/DT big/JJ ,/, a/DT big/JJ university/NN ,/, you/PRP 're/VBP not/RB as/IN concerned/JJ ,/, about/IN the/DT entire/JJ university/NN ,/,","{C and } I'm really not [ as, + as ] concerned about the entire city, so when you go to [ a big, + a big ] university, you're not as concerned <barking>, about the entire university,"
b,B,Yeah/UH ./.,Yeah. /
+,A,"but/CC your/PRP$ group/NN of/IN friends/NNS ,/, your/PRP$ classes/NNS ,/, your/PRP$ interests/NNS ,/, your/PRP$ clubs/NNS and/CC things/NNS like/IN that/DT ./.","but your group of friends, your classes, your interests, your clubs and things like that. /"
sd,B,"I/PRP think/VBP that/DT 's/HVS probably/RB keyed/VBN to/IN me/PRP is/VBZ not/RB so/RB much/JJ the/DT size/NN the/DT school/NN ,/,","I think that's probably keyed to me is not so much the size the school,"
b,A,Uh-huh/UH ./.,Uh-huh. /
+,B,"but/CC what/WP ,/, what/WP is/VBZ the/DT particular/JJ needs/NNS of/IN the/DT students/NNS","but [ what, + what ] is the particular needs of the students /"
sv,B,"and/CC whereas/IN some/DT would/MD immediately/RB feel/VB very/RB comfortable/JJ in/IN this/DT ,/, um/UH ,/, larger/JJR university/NN setting/NN ,/,","{C and } whereas some would immediately feel very comfortable in this, {F um, } larger university setting,"
b,A,Uh-huh/UH ./.,Uh-huh. /
+,B,"some/DT of/IN the/DT students/NNS ,/, um/UH ,/, when/WRB I/PRP was/VBD ,/, when/WRB I/PRP was/VBD teaching/VBG school/NN would/MD not/RB have/VB been/VBN comfortable/JJ with/IN that/DT ./.","some of the students, {F um, } [ when I was, + when I was ] teaching school would not have been comfortable with that. /"
b,A,Uh-huh/UH ./.,<<Very faint>> Uh-huh. /
sd,B,"They/PRP needed/VBD ,/, uh/UH ,/, at/IN least/JJS at/IN first/RB ,/,","[ They needed, + {F uh, } at least at first,"
b,A,"Uh-huh/UH ,/,","Uh-huh, /"
b,A,right/UH ./.,right. /
+,B,"they/PRP needed/VBD a/DT smaller/JJR setting/NN that/WDT ,/, that/WDT was/VBD more/JJR like/IN family/NN where/WRB they/PRP could/MD get/VB one-on-one/JJ ,/,","they needed ] a smaller setting [ that, + that ] was more like family where they could get one-on-one,"
b,A,Right/UH ./.,Right. /
+,B,"from/IN ,/, from/IN teachers/NNS ,/, professors/NNS and/CC so/RB forth/RB ,/, and/CC then/RB after/IN a/DT year/NN or/CC two/CD move/VB on/RB to/IN a/DT little/JJ bit/NN bigger/JJR pond/NN where/WRB ,/, where/WRB ,/, when/WRB they/PRP had/VBD a/DT little/RB more/JJR self-confidence/NN built/VBN up/RP ,/, oh/UH ,/, yes/UH ,/, I/PRP can/MD do/VB this/DT ,/, oh/UH ,/, I/PRP 've/VBP done/VBN this/DT before/RB ,/, it/PRP 's/BES just/RB in/IN a/DT bigger/JJR setting/NN ,/,","[ from, + from ] teachers, professors and so forth, and then after a year or two move on to a little bit bigger pond [ where, + where, ] when they had a little more self-confidence built up, {F oh, } {D yes, } {A I can do this, } {F oh, } {A I've done this before, } it's just in a bigger setting, /"
b,A,Right/UH ./.,Right. /
sd,B,"and/CC so/RB maybe/RB to/IN me/PRP the/DT key/NN would/MD be/VB wh-/XX ,/, what/WP is/VBZ a/DT chi-/NN ,/, the/DT ,/, the/DT students/NNS needs/NNS ,/,","{C and so } maybe to me the key would be [ wh-, + what ] is a [ [ chi-, + [ the, + the students ] needs, /"
b,A,Uh-huh/UH ./.,Uh-huh. /
sv,B,"but/CC it/PRP 's/BES these/DT other/JJ things/NNS that/WDT you/PRP and/CC I/PRP are/VBP ,/, are/VBP keying/VBG off/RP on/IN ,/,","{C but } it's these other things that you and I [ are, + are ] keying off on,"
b,A,Uh-huh/UH ./.,Uh-huh. /
+,B,"that/DT ,/, that/WDT are/VBP really/RB more/JJR of/IN an/DT education/NN that/WDT ,/,","[ that, + that ] are really more of an education that, /"
sv,B,"but/CC they/PRP 're/VBP the/DT things/NNS that/WDT do/VBP n't/RB show/VB up/RP in/IN ,/,","{C but } they're the things that don't show up in, -/"
^2,A,On/IN paper/NN ./.,On paper. /
aa,B,"That/DT 's/BES right/JJ ,/,","That's right, /"
aa,B,that/DT 's/BES right/JJ ./.,that's right. /
aa,A,"Uh-huh/UH ,/,","Uh-huh, /"
aa,A,exactly/RB ./.,exactly. /
sv,A,"That/DT 's/BES ,/, that/DT 's/BES one/CD important/JJ thing/NN that/WDT I/PRP think/VBP about/IN school/NN ./.","[ That's, + that's ] one important thing that I think about school. /"
sd,A,"I/PRP 'm/VBP ,/, I/PRP 'm/VBP not/RB a/DT kind/NN a/DT person/NN that/WDT ,/,","[ I'm, + I'm ] not a kind a person that, - /"
sd,A,"I/PRP did/VBD n't/RB ,/,","I didn't, - /"
sd,A,"I/PRP ,/, I/PRP was/VBD kind/RB of/RB a/DT B/NN student/NN ,/, I/PRP guess/VBP you/PRP 'd/MD say/VB ,/,","[ I, + I ] was kind of a B student, I guess you'd say, /"
sd,A,"and/CC I/PRP did/VBD n't/RB really/RB ,/,","{C and } I didn't really, - /"
%,A,"I/PRP was/VBD tur-/XX ,/,","I was tur-, - /"
sd,A,I/PRP strived/VBD to/TO be/VB an/DT A/NN student/NN,I strived to be an A student /
sd,A,but/CC it/PRP was/VBD n't/RB like/UH a/DT real/JJ priority/NN ./.,{C but } it wasn't {D like } a real priority. /
b,B,Right/UH ./.,Right. /
sd,A,"To/IN my/PRP$ ,/, my/PRP$ priority/NN was/VBD just/RB being/VBG as/RB worldly/JJ as/IN I/PRP could/MD possibly/RB be/VB ,/, getting/VBG into/IN as/IN many/JJ organizations/NNS as/IN I/PRP possibly/RB could/MD ,/,","To [ my, + my ] priority was just being as worldly as I could possibly be <laughter>, getting into as many organizations as I possibly could, /"
sd,A,"and/CC ,/, and/CC one/CD other/JJ point/NN I/PRP was/VBD going/VBG to/TO make/VB ,/, was/VBD that/IN I/PRP can/MD un-/XX ,/, I/PRP can/MD see/VB that/IN probably/RB if/IN I/PRP had/VBD gone/VBN to/IN a/DT smaller/JJR school/NN ,/, I/PRP would/MD probably/RB have/VB more/JJR friends/NNS ,/,","[ {C and, } + {C and } ] one other point I was going to make, was that [ I can un-, + I (( can )) ] see that probably if I had gone to a smaller school, I would probably have more friends,"
b,B,Huh/UH ./.,Huh. /
+,A,"because/IN you/PRP ,/, like/IN you/PRP said/VBD ,/, you/PRP know/VBP ,/, you/PRP know/VBP ,/, everybody/NN knows/VBZ everybody/NN ,/,","because [ you, + like you ] said, {D you know, } {D you know, } everybody knows everybody, /"
b,B,Yeah/UH ./.,Yeah. /
sv,A,"and/CC so/RB ,/, you/PRP probably/RB come/VBP out/IN of/IN it/PRP knowing/VBG ,/, and/CC by/IN friends/NNS ,/, I/PRP mean/VBP ,/, like/UH contacts/NNS for/IN when/WRB you/PRP get/VBP out/IN of/IN school/NN ,/, um/UH ,/, you/PRP know/VBP ,/,","{C and so, } you probably come out of it knowing, and by friends, {E I mean, } {D like } contacts for when you get out of school, {F um, } {D you know, } /"
sv,A,"you/PRP just/RB ,/, you/PRP may/MD walk/VB into/IN a/DT company/NN and/CC see/VB someone/NN you/PRP went/VBD to/IN school/NN with/IN ,/,","[ you just, + you may ] walk into a company and see someone you went to school with,"
b,B,Uh-huh/UH ./.,Uh-huh. /
+,A,more/RBR so/RB at/IN a/DT small/JJ college/NN then/RB a/DT large/JJ college/NN ./.,more so at a small college then a large college. /
b,B,Yeah/UH ./.,Yeah. /
sv,A,You/PRP may/MD have/VB gone/VBN to/IN school/NN with/IN them/PRP,You may have gone to school with them /
sv,A,"but/CC you/PRP would/MD n't/RB ,/, you/PRP would/MD n't/RB know/VB them/PRP ./.","{C but } [ you wouldn't, + you wouldn't ] know them. /"
^h,A,"Uh/UH ,/, I/PRP guess/VBP ,/, let/VB me/PRP think/VB of/IN another/DT important/JJ thing/NN to/TO look/VB at/IN when/WRB you/PRP look/VBP into/IN college/NN ,/, um/UH ,/,","{F Uh, } I guess, let me think of another important thing to look at when you look into college, {F um, } /"
sd,B,"I/PRP guess/VBP ,/, I/PRP guess/VBP now/RB I/PRP 've/VBP been/VBN out/RP for/IN ,/,","[ I guess, + I guess ] now I've been out for, - /"
sd,B,"I/PRP ,/, I/PRP 'm/VBP older/JJR than/IN you/PRP ./.","[ I, + I'm ] older than you. /"
sd,B,I/PRP 've/VBP been/VBN out/RP for/IN twenty-one/CD years/NNS ./.,I've been out for twenty-one years. /
b,A,Uh-huh/UH ./.,Uh-huh. /
sd,B,"And/CC I/PRP was/VBD looking/VBG at/IN an/DT annual/JJ last/JJ night/NN ,/,","{C And } I was looking at an annual last night, /"
sd,B,"something/NN had/VBD sp-/XX ,/, it/PRP sparked/VBD a/DT question/NN ,/,","[ something had sp-, + it sparked ] a question, /"
sd,B,"and/CC I/PRP went/VBD to/IN a/DT small/JJ private/JJ school/NN ,/,","{C and } I went to a small private school, /"
b,A,Uh-huh/UH ./.,Uh-huh. /
sd,B,"um/UH ,/, and/CC it/PRP was/VBD church/NN related/JJ ./.","{F um, } {C and } it was church related. /"
b,A,Uh-huh/UH ./.,Uh-huh. /
sd,B,"And/CC I/PRP got/VBD to/IN looking/VBG at/IN my/PRP$ class/NN of/IN sixty-nine/CD ,/,","{C And } I got to looking at my class of sixty-nine, /"
b,A,Uh-huh/UH ./.,Uh-huh. /
sd,B,and/CC I/PRP realized/VBD that/IN even/RB though/IN that/DT school/NN 's/BES two/CD hundred/CD miles/NNS from/IN here/RB,{C and } I realized that even though that school's two hundred miles from here /
sd,B,"and/CC I/PRP 've/VBP lived/VBN in/IN other/JJ states/NNS and/CC done/VBN other/JJ things/NNS for/IN the/DT past/JJ twenty/CD years/NNS ,/, where/WRB I/PRP go/VBP to/IN church/NN now/RB ,/, there/EX are/VBP five/CD other/JJ people/NNS that/WDT went/VBD to/IN school/NN at/IN the/DT same/JJ time/NN in/IN the/DT same/JJ class/NN as/IN I/PRP ,/,","{C and } I've lived in other states and done other things for the past twenty years, where I go to church now, there are five other people that went to school at the same time in the same class as I, /"
ba,A,Wow/UH ./.,Wow. /
sd,B,"and/CC it/PRP 's/BES ,/, it/PRP 's/BES neat/JJ to/TO know/VB that/IN we/PRP have/VBP that/DT contact/NN that/WDT goes/VBZ back/RB that/IN some/DT of/IN the/DT same/JJ memories/NNS if/IN not/RB the/DT same/JJ education/NN in/IN ,/,","{C and } [ it's, + it's ] neat to know that we have that contact that goes back that some of the same memories if not the same education in, -/"
b,A,Uh-huh/UH ./.,Uh-huh. /
sd,B,"you/PRP know/VBP ,/, we/PRP were/VBD n't/RB all/DT out/IN to/TO be/VB teachers/NNS or/CC ,/, or/CC whatever/WDT","{D you know, } we weren't all out to be teachers [ or, + or ] whatever /"
sd,B,"so/IN we/PRP did/VBD n't/RB have/VB the/DT same/JJ classes/NNS ,/,","{C so } we didn't have the same classes, /"
sd,B,"but/CC we/PRP had/VBD a/DT common/JJ thread/NN ,/,","{C but } we had a common thread,"
b,A,Right/UH ./.,Right. /
+,B,"something/NN that/WDT still/RB ties/VBZ us/PRP together/RB ,/,","something that still ties us together,"
ba,A,Wow/UH ./.,Wow. /
+,B,twenty/CD odd/JJ years/NNS later/RB ./.,twenty odd years later. /
ba,A,That/DT 's/BES great/JJ ./.,That's great. /
sd,B,"And/CC it/PRP 's/BES ,/, it/PRP 's/BES ,/, it/PRP 's/BES kind/RB of/RB neat/JJ just/RB knowing/VBG that/IN those/DT kinds/NNS of/IN things/NNS ,/, those/DT are/VBP what/WP I/PRP carry/VBP beyond/IN that/DT piece/NN of/IN paper/NN that/WDT allows/VBZ me/PRP to/TO be/VB an/DT exempt/NN at/IN T/NNP I/NNP ,/,","{C And } [ [ it's, + ] + it's, ] + it's ] kind of neat just knowing that those kinds of things, those are what I carry beyond that piece of paper that allows me to be an exempt at T I, /"
b,A,"Right/UH ,/,","Right, /"
b,A,right/UH ./.,right. /
sd,B,I/PRP have/VBP something/NN more/RBR important/JJ to/IN me/PRP than/IN that/DT ./.,I have something more important to me than that. /
ba,A,"That/DT 's/BES great/JJ ,/,","That's great, /"
ba,A,that/DT 's/BES great/JJ ./.,that's great. /
%,A,"Yeah/UH ,/,","Yeah, /"
sd,A,"that/DT 's/BES what/WP I/PRP ,/, that/DT 's/BES basically/RB what/WP I/PRP ,/, and/CC ,/, when/WRB I/PRP first/RB ,/,","[ that's what I, + that's basically what ] I, and, when I first, - /"
sd,A,"I/PRP 've/VBP been/VBN out/IN of/IN college/NN only/RB two/CD years/NNS now/RB ,/, ,/, so/IN it/PRP 's/BES still/RB pretty/RB fresh/JJ on/IN my/PRP$ memory/NN ,/,","I've been out of college (( only )) two years now, <laughter>, so it's still pretty fresh on my memory,"
b,B,Uh-huh/UH ./.,Uh-huh. /
+,A,"um/UH ,/,","{F um, } /"
sd,A,"but/CC now/RB that/IN I/PRP 'm/VBP out/RP ,/,","{C but } now that I'm out, - /"
sd,A,"when/WRB I/PRP went/VBD into/IN school/NN ,/, my/PRP$ parents/NNS told/VBD ,/, well/UH ,/,","when I went into school, my parents told, {D well, } - /"
%,A,"my/PRP$ ,/,","my, - /"
sd,A,"okay/UH ,/, let/VB me/PRP ,/, let/VB me/PRP go/VB back/RB to/IN my/PRP$ ,/, my/PRP$ sister/NN now/RB is/VBZ in/IN college/NN ,/,","{D okay, } [ let me, + let me ] go back to [ my, + my ] sister now is in college,"
b,B,Uh-huh/UH ./.,Uh-huh. /
+,A,"and/CC my/PRP$ father/NN was/VBD really/RB interested/JJ in/IN getting/VBG her/PRP in/IN a/DT school/NN that/WDT would/MD look/VB good/JJ on/IN her/PRP$ ,/, on/IN her/PRP$ ,/, uh/UH ,/, diploma/NN ,/, etcetera/FW ,/,","{C and } my father was really interested in getting her in a school that would look good [ on her, + on her, ] {F uh, } diploma, etcetera,"
b,B,Uh-huh/UH ./.,Uh-huh. /
+,A,"and/CC so/RB forth/RB ,/,","and so forth, /"
sd,A,"and/CC ,/, and/CC I/PRP kept/VBD pushing/VBG her/PRP towards/IN just/RB kind/RB of/RB U/NNP T/NNP or/CC a/DT larger/JJR school/NN ,/,","[ {C and, } + {C and } ] I kept pushing her towards just kind of U T or a larger school, /"
sd,A,and/CC it/PRP was/VBD just/RB a/DT big/JJ conflict/NN between/IN us/PRP because/IN my/PRP$ father/NN wanted/VBD the/DT academics/NN,{C and } it was just a big conflict between us because my father wanted the academics /
sd,A,"and/CC I/PRP wanted/VBD her/PRP$ to/TO get/VB the/DT life/NN experience/NN ,/,","{C and } I wanted her to get the life experience,"
b,B,Uh-huh/UH ./.,Uh-huh. /
+,A,"out/IN of/IN it/PRP ,/,","out of it, /"
sd,A,"and/CC so/RB it/PRP was/VBD ,/, you/PRP know/VBP ,/,","{C and so } it was, {D you know, } - /"
sd,A,"she/PRP went/VBD the/DT academic/NN way/NN because/IN she/PRP 's/BES a/DT straight/JJ A/NN student/NN ,/, which/WDT is/VBZ ,/,","she went the academic way because she's a straight A student, which is, -/"
sd,B,I/PRP was/VBD going/VBG to/TO ask/VB who/WP won/VBD ./.,I was going to ask who won <laughter>. /
b,A,"yes/UH ,/,","yes, /"
b,A,"yeah/UH ,/,","yeah, /"
%,A,"so/RB ,/, she/PRP ,/, you/PRP know/VBP ,/,","{C so, } she, {D you know, } - /"
sd,A,"that/DT 's/BES probably/RB ,/, you/PRP know/VBP ,/, what/WP she/PRP ,/, what/WP she/PRP wants/VBZ anyway/RB","that's probably, {D you know, } [ what she, + what she ] wants anyway /"
sd,A,but/CC that/DT was/VBD the/DT big/JJ deal/NN,{C but } that was the big deal /
%,A,"and/CC ,/,","{C and, } -/"
sv,B,"In/IN ,/, in/IN that/DT case/NN ,/, uh/UH ,/, regardless/RB of/IN what/WP you/PRP or/CC your/PRP$ father/NN pushed/VBD for/IN it/PRP sounds/VBZ like/IN she/PRP was/VBD going/VBG for/IN what/WP she/PRP needed/VBD ,/,","[ In, + in ] that case, {F uh, } regardless of what you or your father pushed for it sounds like she was going for what she needed,"
b,A,Right/UH ./.,Right. /
+,B,"and/CC finding/VBG a/DT school/NN that/WDT ,/, that/WDT met/VBD her/PRP$ specific/JJ requirements/NNS ,/,","and finding a school [ that, + that ] met her specific requirements,"
b,A,Right/UH ./.,Right. /
+,B,"and/CC ,/, and/CC made/VBD the/DT best/JJS fit/NN for/IN her/PRP ./.","[ and, + and ] made the best fit for her. /"
sv,A,"And/CC that/DT ,/, that/DT 's/BES another/DT point/NN is/VBZ that/IN ,/, the/DT ,/, a/DT parent/NN should/MD tell/VB their/PRP$ child/NN to/TO be/VB or/CC ,/, or/CC to/TO give/VB their/PRP child/NN the/DT leeway/NN to/TO choose/VB their/PRP school/NN ,/,","{C And } [ that, + that's ] another point is that, [ the, + a ] parent should tell their child to be [ or, + or ] to give their child the leeway to choose their school,"
b,B,Yeah/UH ./.,Yeah. /
+,A,"not/RB so/RB much/JJ choose/VB the/DT school/NN for/IN them/PRP but/CC ,/, you/PRP know/VBP ,/, kind/RB of/RB guide/VBP them/PRP along/RP but/CC let/VB them/PRP more/RBR or/CC less/RBR choose/VB what/WP they/PRP need/VBP and/CC what/WP they/PRP 're/VBP going/VBG to/TO do/VB ./.","not so much choose the school for them but, {D you know, } kind of guide them along but let them more or less choose what they need and what they're going to do. /"
sv,B,"I/PRP think/VBP it/PRP helps/VBZ ,/,","I think it helps, /"
sd,B,"a/DT ,/, now/RB my/PRP$ grandfather/NN was/VBD going/VBG to/TO pay/VB if/IN I/PRP went/VBD to/IN ,/, uh/UH ,/, what/WP 's/BES now/RB U/NNP T/NNP Arlington/NNP ,/,","[ a, + ] now my grandfather was going to pay if I went to, {F uh, } what's now U T Arlington,"
b,A,Uh-huh/UH ./.,Uh-huh. /
+,B,"because/IN it/PRP was/VBD there/RB in/IN my/PRP$ hometown/NN ,/,","because it was there in my hometown, /"
sd,B,I/PRP could/MD live/VB at/IN home/NN ./.,I could live at home. /
b,A,Right/UH ./.,Right. /
sd,B,But/CC I/PRP chose/VBD to/TO go/VB to/IN another/DT school/NN,{C But } I chose to go to another school /
sd,B,"and/CC even/RB though/IN he/PRP was/VBD pleased/JJ that/IN it/PRP was/VBD a/DT church/NN related/JJ school/NN ,/, he/PRP was/VBD not/RB willing/JJ to/TO pay/VB any/DT at/IN all/DT even/RB the/DT same/JJ amount/NN of/IN money/NN ,/,","{C and } even though he was pleased that it was a church related school, he was not willing to pay any at all even the same amount of money, /"
b,A,Huh/UH ./.,Huh.
sd,B,"and/CC I/PRP think/VBP I/PRP value/VBP my/PRP$ ,/, my/PRP$ education/NN more/JJR because/IN I/PRP had/VBD to/TO work/VB for/IN it/PRP ./.","{C and } I think I value [ my, + my ] education more because I had to work for it. /"
+,A,"Right/UH ,/,","Right, /"
b,A,uh-huh/UH ./.,uh-huh. /
sd,B,"And/CC because/IN I/PRP knew/VBD all/DT along/IN that/DT 's/BES what/WP I/PRP wanted/VBD ,/,","{C And } {C because } I knew all along that's what I wanted,"
b,A,Uh-huh/UH ./.,<<Very faint>> Uh-huh. /
+,B,"eve-/RB ,/, even/RB though/IN I/PRP had/VBD to/TO buck/VB the/DT family/NN in/IN order/NN to/TO ,/, to/TO do/VB what/WP I/PRP needed/VBD to/TO do/VB ./.","[ eve-, + even ] though I had to buck the family in order [ to, + to ] do what I needed to do. /"
%,B,"So/RB ,/,","{C So, } -/"
b,A,Right/UH ./.,<<Very faint>> Right. /
sv,A,"Well/UH ,/, that/DT was/VBD pretty/RB courageous/JJ ./.","{D Well, } that was pretty courageous <laughter>. /"
sd,B,"Um/UH ,/, I/PRP guess/VBP ,/, I/PRP guess/VBP it/PRP was/VBD ,/, it/PRP was/VBD my/PRP$ mother/NN 's/POS support/NN that/WDT got/VBD me/PRP through/IN it/PRP ,/,","{F Um, } [ I guess, + I guess ] [ it was, + it was ] my mother's support that got me through it,"
b,A,Yeah/UH ./.,Yeah. /
+,B,"that/IN and/CC ten/CD years/NNS of/IN ,/, of/IN ,/, uh/UH ,/, loans/NNS ,/,","that and ten years [ of, + of, ] {F uh, } loans <laughter>,"
ba,A,"Oh/UH ,/, yeah/UH ,/,","{F Oh, } yeah, /"
b,A,yeah/UH ./.,yeah. /
+,B,after/IN I/PRP got/VBD out/RP ./.,after I got out <laughter>. /
sd,A,"I/PRP 'm/VBP ,/, I/PRP 'm/VBP dealing/VBG with/IN the/DT loans/NNS right/RB now/RB ,/,","[ I'm, + I'm ] dealing with the loans right now, /"
qy,B,"Sounds/VBZ familiar/JJ ,/, huh/UH ?/.","Sounds familiar, {F huh? } /"
%,B,"Your/PRP$ ,/,","Your, - /"
qy^d,B,it/PRP 's/BES very/RB fresh/JJ in/IN your/PRP$ memory/NN ./.,it's very fresh in your memory. /
sd,A,"very/RB ,/,","very, /"
sd,A,"every/DT ,/, every/DT month/NN ./.","[ every, + every ] month <laughter>. /"
%,B,"I/PRP ,/,","I, -/"
sd,A,That/DT memory/NN just/RB seeps/VBZ back/RB in/IN my/PRP$ mailbox/NN ./.,That memory just seeps back in my mailbox. /
b,B,"Yeah/UH ,/,","Yeah, /"
"fo_o_fw_""_by_bc",B,"well/UH ,/, sorry/JJ about/IN that/DT Tanya/NNP ./.","{D well, } sorry about that (( Tanya )) <laughter>. /"
bd,A,"Oh/UH ,/, well/UH ,/, I/PRP guess/VBP I/PRP 'll/MD get/VB over/IN it/PRP ./.","{F Oh, } {D well, } I guess I'll get over it. /"
sv,B,I/PRP 'm/VBP sure/JJ it/PRP was/VBD worth/JJ it/PRP though/RB ./.,I'm sure it was worth it though. /
aa,A,"Oh/UH ,/, yeah/UH ,/,","{F Oh, } yeah, /"
aa,A,yeah/UH ./.,yeah. /
%,A,Okay/UH ./.,Okay. /
sd,B,"If/IN ,/, if/IN nothing/NN else/RB because/IN I/PRP work/VBP in/IN training/NN at/IN T/NNP I/NNP now/RB ,/,","[ If, + if ] nothing else because I work in training at T I now, /"
b,A,Uh-huh/UH ./.,Uh-huh. /
sv,B,"if/IN nothing/NN else/RB just/RB those/DT experiences/NNS beyond/IN and/CC ,/, and/CC including/VBG your/PRP$ educational/JJ classes/NNS that/WDT help/VBP give/VB you/PRP the/DT self-esteem/NN to/TO do/VB and/CC achieve/VB ,/,","if nothing else just those experiences beyond [ and, + and ] including your educational classes that help give you the self-esteem to do and achieve,"
b,A,Uh-huh/UH ./.,Uh-huh. /
+,B,"whatever/WDT you/PRP set/VBP your/PRP$ mind/NN on/RP ,/,","whatever you set your mind on, /"
b,A,Uh-huh/UH ./.,<<Very faint>> Uh-huh. /
sv,B,"and/CC the/DT ,/, you/PRP ,/, you/PRP made/VBD the/DT right/JJ choice/NN in/IN going/VBG to/IN a/DT school/NN that/WDT met/VBD all/DT of/IN your/PRP$ needs/NNS to/TO make/VB ,/, to/TO give/VB you/PRP the/DT ,/, the/DT potential/NN to/TO do/VB whatever/WDT you/PRP wanted/VBD ./.","{C and } [ the, + ] [ you, + you ] made the right choice in going to a school that met all of your needs [ to make, + to give ] you [ the, + the ] potential to do whatever you wanted. /"
aa,A,"Right/UH ,/,","Right, /"
sv,A,"because/IN when/WRB you/PRP ,/, when/WRB you/PRP do/VBP want/VB ,/, when/WRB you/PRP do/VBP finally/RB graduate/VB that/IN ,/, that/DT 's/BES what/WP you/PRP need/VBP the/DT most/RBS ./.","{C because } [ [ when you, + when you ] do want, + when you do ] finally graduate [ that, + that's ] what you need the most. /"
sd,A,"I/PRP 'm/VBP finding/VBG out/RP now/RB that/IN what/WP I/PRP 'm/VBP needing/VBG the/DT most/JJS now/RB is/VBZ not/RB smarts/NNS ,/, not/RB what/WP I/PRP can/MD do/VB on/IN paper/NN ,/, it/PRP 's/BES stamina/NN ,/, courage/NN ,/, uh/UH ,/, MUMBLEx/XX ,/,","I'm finding out now that what I'm needing the most now is not smarts, not what I can do on paper, it's stamina, courage, {F uh, } (( )) , -/"
sv,B,"Young/JJ lady/NN ,/,","Young lady,"
sd,A,"words/NNS ,/, it/PRP ,/,","words, it, -/"
+,B,"you/PRP have/VBP gotten/VBN your/PRP$ education/NN then/RB ,/,","you have gotten your education then, /"
aa,B,"that/DT ,/, that/DT 's/BES right/JJ ./.","[ that, + that's ] right. /"
aa,A,"Yes/UH ,/,","Yes, /"
sd,A,"I/PRP 'm/VBP needing/VBG ,/, you/PRP know/VBP ,/, my/PRP$ ,/, I/PRP 'm/VBP needing/VBG to/TO rely/VB on/IN myself/PRP ,/,","[ I'm needing, + {D you know, } [ my, + ] I'm needing ] to rely on myself, /"
b,B,Yeah/UH ./.,<<Very faint>> Yeah. /
sd,A,And/CC I/PRP think/VBP I/PRP learned/VBD a/DT lot/NN of/IN that/DT in/NN school/NN too/RB ./.,{C And } I think I learned a lot of that in school too. /
