act_tag,speaker,pos,text
"fo_o_fw_""_by_bc",A,Okay/UH ./.,<Hum> Okay. /
qw,A,"What/WP is/VBZ your/PRP$ ,/, uh/UH ,/, community/NN ,/, uh/UH ,/, currently/RB doing/VBG with/IN regard/NN to/IN recycling/NN ?/.","What is your, {F uh, } community, {F uh, } currently doing with regard to recycling? /"
sd,B,"Uh/UH ,/, basically/RB ,/, they/PRP 're/VBP just/RB ,/, uh/UH ,/, having/VBG various/JJ recycling/NN ,/, uh/UH ,/, bins/NNS ,/, uh/UH ,/, located/VBN for/IN ,/, uh/UH ,/, trash/NN pickup/NN ./.","{F Uh, } basically, they're just, {F uh, } having various recycling, {F uh, } bins, {F uh, } located for, {F uh, } trash pickup. /"
b,A,Uh-huh/UH ./.,Uh-huh <swallowing>. /
sd,A,Well/UH that/DT 's/BES more/JJR than/IN we/PRP have/VBP up/IN here/RB in/IN Massachusetts/NNP ./.,<static> {D Well } that's more than we have up here in Massachusetts. /
sd,A,"Some/DT ,/, some/DT local/JJ communities/NNS are/VBP very/RB active/JJ in/IN that/DT ,/, uh/UH ,/, in/IN that/DT respect/NN","[ Some, + some ] local communities are very active [ in that, + {F uh, } in that ] respect /"
sd,A,and/CC they/PRP do/VBP have/VB bins/NNS set/VBN up/RB ./.,{C and } they do have bins set up. /
sd,A,"But/CC I/PRP live/VBP in/IN a/DT ,/, a/DT metropolitan/JJ area/NN","{C But } I live in [ a, + a ] metropolitan area /"
sv,A,"and/CC ,/, uh/UH ,/, they/PRP 're/VBP not/RB ,/, uh/UH ,/, too/RB inclined/JJ to/TO do/VB something/NN as/RB aggressive/JJ as/IN that/DT ./.","{C and, } {F uh, } they're not, {F uh, } too inclined to do something as aggressive as that </static>. /"
%,B,"Well/UH ,/, here/RB they/PRP and/CC ,/,","{D Well, } here they [ and, + ] - /"
sd,B,"uh/UH ,/, live/VBP in/IN an/DT apartment/NN complex/NN ./.","{F uh, } live in an apartment complex. /"
b,A,Uh-huh/UH ./.,Uh-huh. /
sd,B,"And/CC they/PRP only/RB have/VBP one/CD set/NN of/IN recycling/NN bins/NNS ,/, one/CD or/CC two/CD sets/NNS as/IN opposed/VBN to/IN a/DT set/NN at/IN each/DT of/IN the/DT dumpsters/NNS ./.","{C And } they only have one set of recycling bins, one or two sets as opposed to a set at each of the dumpsters. /"
sv,B,"So/RB a/DT lot/NN of/IN the/DT people/NNS who/WP live/VBP up/IN front/NN do/VBP n't/RB bother/VB to/TO recycle/VB because/IN ,/, you/PRP know/VBP ,/, it/PRP 's/BES too/RB far/RB to/TO carry/VB the/DT stuff/NN to/IN the/DT other/JJ bins/NNS ./.","{C So } a lot of the people who live up front don't bother to recycle because, {D you know, } it's too far to carry the stuff to the other bins. /"
sv,A,"I/PRP ,/, I/PRP know/VBP a/DT lot/NN ,/, I/PRP think/VBP a/DT lot/NN of/IN ,/, uh/UH ,/, the/DT ,/, the/DT issues/NNS with/IN regard/NN to/IN recycling/NN are/VBP that/IN ,/, uh/UH ,/, people/NNS have/VBP to/TO be/VB motivated/JJ to/TO do/VB ,/, to/TO do/VB something/NN like/IN that/DT because/IN it/PRP does/VBZ take/VB extra/JJ effort/NN ./.","[ [ I, + I know a lot, ] + I think a lot ] of, {F uh, } [ the, + the ] issues with regard to recycling are that, {F uh, } people have to be motivated [ to do, + to do ] <clicking> something like that because it does take extra effort. /"
%,A,Whether/IN,Whether - /
sd,A,"and/CC ,/, and/CC I/PRP think/VBP that/DT ,/, and/CC I/PRP know/VBP Massachusetts/NNP has/VBZ ,/,","[ [ {C and, } + {C and } I think that, ] + {C and } I know ] Massachusetts has, - /"
sd,A,a/DT bottle/NN bill/NN was/VBD passed/VBN,a bottle bill was passed /
sd,A,"and/CC we/PRP have/VBP had/VBN a/DT bottle/NN bill/NN for/IN quite/RB a/DT few/JJ years/NNS now/RB ,/,","{C and } we have had a bottle bill for quite a few years now, /"
sv,A,"and/CC the/DT majority/NN of/IN the/DT incentive/NN in/IN recycling/VBG bottles/NNS probably/RB ,/, believe/VB it/PRP or/CC not/RB ,/, is/VBZ just/RB to/TO get/VB the/DT extra/JJ nickel/NN at/IN the/DT ,/, uh/UH ,/, the/DT store/NN and/CC not/RB ,/, uh/UH ,/,","{C and } the majority of the incentive in recycling bottles probably, believe it or not, is just to get the extra nickel at [ the, {F uh, } + the ] store and not, {F uh, } - /"
sv,A,that/DT 's/BES the/DT majority/NN of/IN people/NNS that/WDT I/PRP know/VBP of/IN anyways/RB ./.,that's the majority of people that I know of anyways. /
sv,A,"Where/WRB people/NNS are/VBP n't/RB really/RB ,/, you/PRP know/VBP ,/, eco/NN conscious/JJ ./. It/PRP 's/BES just/RB the/DT fact/NN that/IN it/PRP 's/BES something/NN they/PRP have/VBP to/TO do/VB ./.","Where people aren't really, {D you know, } eco conscious. It's just the fact that it's something they have to do. /"
^q,A,"And/CC I/PRP 'm/VBP not/RB going/VBG to/TO throw/VB a/DT bottle/NN away/RB ,/,","{C And } I'm not going to throw a bottle away, /"
^q,A,it/PRP 's/BES like/IN throwing/VBG a/DT nickel/NN away/RB ./.,it's like throwing a nickel away. /
sv,A,That/DT type/NN of/IN thing/NN ./.,That type of thing. /
b,B,Right/UH ./.,Right. /
sd,B,"They/PRP ,/,","[ [ They, +"
sv,A,"But/CC ,/, uh/UH ,/, people/NNS need/VBP to/TO be/VB more/RBR conscious/JJ of/IN it/PRP ./.","{C But, } {F uh, } people need to be more conscious of it. /"
+,B,"Th-/PRP ,/, here/RB they/PRP 're/VBP trying/VBG to/TO push/VB through/RB a/DT bill/NN","Th-, ] + here they're ] trying to push through a bill /"
sd,B,and/CC a/DT lot/NN of/IN people/NNS are/VBP against/IN it/PRP ./.,{C and } a lot of people are against it. /
sv,B,"And/CC it/PRP 's/BES going/VBG to/TO create/VB a/DT lot/NN more/JJR work/NN for/IN the/DT ,/, uh/UH ,/, the/DT stores/NNS that/WDT sell/VBP ,/, you/PRP know/VBP ,/, sodas/NNS and/CC stuff/NN ./.","{C And } it's going to create a lot more work for [ the, {F uh, } + the ] stores that sell, {D you know, } sodas and stuff. /"
sd,B,Because/IN they/PRP want/VBP to/TO implement/VB a/DT refund/NN on/IN cans/NNS and/CC on/IN plastic/NN bottles/NNS and/CC everything/NN ./.,{C Because } they want to implement a refund on cans and on plastic bottles and everything. /
b,A,Yeah/UH ./.,Yeah <whistling>. /
sd,A,"MUMBLEx/XX It/PRP did/VBD n't/RB ,/, it/PRP ,/, it/PRP took/VBD awhile/RB for/IN that/DT bill/NN to/TO be/VB passed/VBN up/IN here/RB as/RB far/RB as/IN recycling/VBG bottles/NNS and/CC cans/NNS ./.","(( )) [ [ It didn't, + it, ] + it ] took awhile for that bill to be passed up here as far as recycling bottles and cans. /"
sd,A,"Uh/UH ,/, and/CC ,/, and/CC matter/NN of/IN fact/NN ,/, I/PRP think/VBP it/PRP took/VBD like/UH three/CD tries/NNS t-/XX ,/, for/IN it/PRP to/TO go/VB through/IN ./.","{F Uh, } <whistling> [ {C and, } + {C and } ] matter of fact, I think it took {D like } <bird_squawk> three tries [ t-, + for ] it to go through. /"
sv,A,"But/CC ,/, and/CC it/PRP 's/HVS been/VBN pretty/RB successful/JJ","[ {C But, } + {C and } ] it's been pretty successful /"
sv,A,"and/CC people/NNS notice/VBP it/PRP as/RB far/RB as/IN ,/, uh/UH ,/, highways/NNS being/VBG ,/, uh/UH ,/, you/PRP know/VBP ,/,","{C and } people notice it as far as, {F uh, } highways being, {F uh, } {D you know, } - /"
sv,A,"people/NNS would/MD dr/VB ,/, have/VB a/DT drink/NN of/IN soda/NN ,/,","people would [ dr-, + have a drink ] of soda, /"
sd,A,"instead/IN of/IN throwing/VBG out/IN the/DT window/NN ,/, they/PRP ,/, they/PRP keep/VBP the/DT bottle/NN","instead of throwing out the window, [ they, + they ] keep the bottle /"
sv,A,"so/RB it/PRP 's/HVS ,/, it/PRP 's/HVS been/VBN a/DT ecologically/RB sound/JJ policy/NN and/CC ,/, you/PRP know/VBP ,/, as/RB ,/, as/RB far/RB as/IN recycling/VBG your/PRP$ bottles/NNS in/IN terms/NNS of/IN trash/NN and/CC so/RB forth/RB ./.","{C so } <children> [ it's, + it's ] been a ecologically sound policy [ and, + ] {D you know, } [ as, + as ] far as recycling your bottles in terms of trash and so forth. /"
sv,A,"But/CC more/RBR importantly/RB ,/, it/PRP 's/BES recycling/VBG reusable/JJ materials/NNS back/RB into/IN ,/, uh/UH ,/, manufacturing/NN ./.","{C But } more importantly, it's recycling reusable materials back into, {F uh, } <swallowing> manufacturing. /"
sv,A,"And/CC that/DT 's/BES the/DT big/JJ thing/NN ,/, I/PRP think/VBP ,/, that/WDT th/WDT ,/, they/PRP try/VBP to/TO promote/VB ./.","{C And } that's the big thing, I think, that [ th-, + they ] try to promote. /"
b,B,Right/UH ./.,Right. /
sv,B,"I/PRP think/VBP here/RB if/IN they/PRP ,/, uh/UH ,/, instead/IN of/IN just/RB ,/, you/PRP know/VBP ,/, requiring/VBG that/IN you/PRP put/VBP ,/, put/VBP out/RB the/DT trash/NN and/CC stuff/NN ,/, if/IN they/PRP could/MD get/VB some/DT kind/NN of/IN rebate/NN ,/, those/DT people/NNS who/WP do/VBP put/VB the/DT stuff/NN out/RB ,/, uh/UH ,/, you/PRP know/VBP ,/, and/CC separate/VB it/PRP ,/, have/VBP lower/JJR collection/NN fee/NN or/CC something/NN may/MD --/:","I think here [ if they, + {F uh, } instead of just, {D you know, } requiring that you [ put, + put ] out the trash and stuff, if they ] could get some kind of rebate, those people who do put the stuff out, {F uh, } {D you know, } and separate it, have lower collection fee or something may --"
b,A,"Yeah/UH ,/,","Yeah, /"
ba,A,that/DT 's/BES a/DT good/JJ idea/NN ./.,that's a good idea. /
+,B,--/: encourage/VB --/:,-- encourage --
b,A,Yeah/UH ./.,Yeah. /
+,B,--/: people/NNS to/TO separate/VB ./.,-- people to separate. /
aa,A,"Th-/EX ,/, there/EX definitely/RB has/VBZ to/TO be/VB a/DT motivation/NN factor/NN","[ Th-, + there ] definitely has to be a motivation factor /"
sd,A,"and/CC I/PRP know/VBP that/IN ,/, at/IN w/WRB ,/, where/WRB I/PRP work/VBP ,/,","{C and } I know that, [ at w-, + where I work, ] - /"
sd,A,I/PRP work/VBP for/IN a/DT defense/NN contractor/NN ./.,I work for a defense contractor. /
sd,A,"And/CC there/EX 's/BES a/DT big/JJ push/NN on/IN for/IN recycling/VBG ,/, uh/UH ,/, paper/NN materials/NNS ,/, you/PRP know/VBP ,/, computer/NN output/NN paper/NN and/CC also/RB to/TO decrease/VB the/DT amount/NN of/IN ,/, uh/UH ,/, Styrofoam/NNP usage/NN because/IN of/IN the/DT ,/, uh/UH ,/, the/DT process/NN involved/VBN in/IN Styrofoam/NNP and/CC ,/, and/CC the/DT whole/JJ eco/NN issue/NN and/CC that/DT ./.","{C And } there's a big push on for recycling, {F uh, } paper materials, {D you know, } computer output paper and also to decrease the amount of, {F uh, } Styrofoam usage because of [ the, + {F uh, } <whistling> the ] process involved in Styrofoam [ and, + and ] the whole eco issue and that. /"
sd,A,"And/CC ,/, and/CC they/PRP 're/VBP very/RB proactive/JJ","[ {C And, } + {C and } ] they're very proactive /"
sd,A,"and/CC ,/, uh/UH ,/, matter/NN of/IN fact/NN ,/, they/PRP give/VBP you/PRP discounts/NNS if/IN you/PRP use/VBP ,/, uh/UH ,/, china/NN wear/NN rather/IN than/IN ,/, uh/UH ,/, Styrofoam/NNP stuff/NN ,/,","{C and, } {F uh, } matter of fact, they give you discounts if you use, </whistling> {F uh, } china wear rather than, {F uh, } Styrofoam stuff, /"
sv,A,"so/RB ./. So/RB ,/, i-/PRP ,/, i-/PRP ,/, it/PRP 's/BES incentives/NNS like/IN that/DT that/WDT get/VBP people/NNS people/NNS more/RBR conscious/JJ of/IN it/PRP ./.","[ {C so. } + {C So, } ] [ [ i-, + i-, ] + it's ] incentives like that that get [ people + people ] more conscious of it. /"
sv,A,"I/PRP think/VBP that/DT 's/BES ,/, that/DT 's/BES what/WP they/PRP need/VBP to/TO do/VB ./. Be/VB more/RBR proactive/JJ like/IN that/DT ./.","I think [ that's, + that's ] what they need to do. Be more ((proactive)) like that. /"
sd,B,"Uh/UH ,/, I/PRP know/VBP ,/, uh/UH ,/, I/PRP believe/VBP it/PRP was/VBD last/JJ year/NN that/IN they/PRP actually/RB collected/VBD the/DT old/JJ phone/NN books/NNS ./.","{F Uh, } [ I know, + {F uh, } I believe ] it was last year that they actually collected the old phone books. /"
sd,B,"Uh/UH ,/, usually/RB have/VBP them/PRP come/VB from/IN MUMBLEx/XX you/PRP know/VBP ,/, projects/NNS to/TO collect/VB old/JJ ones/NNS ./.","{F Uh, } usually have them come from (( )) {D you know, } projects to collect old ones. /"
sd,B,Usually/RB just/RB get/VB dumped/VBN out/IN with/IN the/DT trash/NN ./.,Usually just get dumped out with the trash. /
sv,B,And/CC phone/NN books/NNS are/VBP a/DT large/JJ volume/NN of/IN annual/JJ trash/NN ./.,{C And } phone books are a large volume of annual <laughter> trash. /
b,A,Yeah/UH ./.,Yeah. /
%,A,"They/PRP ,/, they/PRP just/RB ,/,","[ They, + they ] just, - /"
sd,A,"matter/NN of/IN fact/NN ,/, that/DT ,/, that/DT reminded/VBD me/PRP of/IN an/DT article/NN I/PRP saw/VBD in/IN the/DT pa-/NN ,/,","matter of fact, [ that, + that ] reminded me of an article I saw in the pa-, - /"
sd,A,"the/DT local/JJ schools/NNS ,/, you/PRP could/MD send/VB your/PRP$ phone/NN book/NN to/IN your/PRP$ ,/, uh/UH ,/, to/IN ,/, with/IN your/PRP$ kid/NN to/IN school/NN","the local schools, you could send your phone book [ to your, + {F uh, } [ to, + with ] your ] kid to school /"
sd,A,and/CC what/WP they/PRP 'll/MD do/VB is/VBZ they/PRP 'll/MD recycle/VB it/PRP ./.,{C and } what they'll do is they'll recycle it. /
sd,A,"Because/IN there/EX was/VBD an/DT article/NN or/CC a/DT story/NN done/VBN awhile/RB ago/RB that/IN ,/, uh/UH ,/, trash/NN ,/, uh/UH ,/, the/DT telephone/NN books/NNS are/VBP the/DT type/NN of/IN thing/NN that/WDT do/VBP n't/RB break/VB down/RP over/IN a/DT long/JJ period/NN of/IN time/NN ./.","{C Because } there was an article or a story done awhile ago that, {F uh, } <baby_crying> [ trash, + {F uh, } the telephone books ] are the type of thing that don't break down over a long period of time. /"
sd,A,"A/DT guy/NN went/VBD to/IN a/DT d-/NN ,/, a/DT landfill/NN ,/, dug/VBD down/RB five/CD feet/NNS and/CC ,/, and/CC pulled/VBD up/RB a/DT phone/NN book/NN from/IN like/IN nineteen/CD sixty/CD","A guy went to [ a d-, + a landfill, ] dug down five feet [ and, + and ] pulled up a phone book from {D like } nineteen sixty /"
sd,A,"because/IN they/PRP do/VBP n't/RB ,/, they/PRP do/VBP n't/RB degrade/VB over/IN such/PDT a/DT period/NN of/IN time/NN ./.","{C because } [ they don't, + they don't ] degrade over such a period of time. /"
sv,B,"Well/UH ,/, part/NN of/IN the/DT problem/NN with/IN recycling/VBG them/PRP in/IN the/DT past/NN has/VBZ been/VBN the/DT covers/NNS are/VBP made/VBN with/IN a/DT clay/NN based/VBN paper/NN ./.","{D Well, } part of the problem with recycling them in the past has been the covers are made with a clay based paper. /"
b,A,Yeah/UH ./.,Yeah. /
sd,B,They/PRP contain/VBP the/DT glue/NN and/CC stuff/NN,They contain the glue and stuff /
sd,B,"and/CC they/PRP used/VBD to/TO have/VB to/TO take/VB out/RB all/PDT the/DT ,/, uh/UH ,/, pages/NNS and/CC then/RB cut/VB the/DT spine/NN off/RB to/TO be/VB able/JJ to/TO recycle/VB them/PRP ./.","{C and } they used to have to take out all the, {F uh, } pages and then cut the spine off to be able to recycle them. /"
b,A,Yeah/UH ./.,Yeah. /
sd,B,"Now/UH I/PRP think/VBP they/PRP 've/VBP come/VBN up/RP with/IN some/DT way/NN of/IN ,/, uh/UH ,/, pulling/VBG the/DT glue/NN out/RB ./.","Now I think they've come up with some way of, {F uh, } pulling the glue out. /"
b,A,Yeah/UH ./.,Yeah. /
b,A,Okay/UH ./.,Okay </hum> </children> </baby_crying>. /
