act_tag,speaker,pos,text
"fo_o_fw_""_by_bc",A,"Okay/UH ,/,","Okay, /"
qw,A,well/UH what/WP movies/NNS do/VBP you/PRP like/VB ?/.,{D well } what movies do you like? /
^h,B,"Gosh/NNP ,/,","Gosh, /"
sd,B,I/PRP like/VBP just/RB about/IN anything/NN ./.,I like just about anything. /
sd,B,"We/PRP ,/, I/PRP think/VBP the/DT last/JJ one/CD we/PRP saw/VBD was/VBD ,/, uh/UH ,/, TEENAGE/NN MUTANT/JJ NINJA/NN TURTLES/NNS PART/NN TWO/CD ./.","[ We, + I think the last one we ] saw was, {F uh, } TEENAGE MUTANT NINJA TURTLES PART TWO. /"
sd,A,"Oh/UH ,/, now/UH ,/, I/PRP lo/VBP ,/, I/PRP like/VBP the/DT turtles/NNS ./.","{F Oh, } {D now, } [ I lo-, + I like ] the turtles. /"
sd,A,My/PRP$ little/JJ boy/NN 's/BES four/CD,My little boy's four /
sd,A,and/CC he/PRP loves/VBZ them/PRP ./.,{C and } he loves them. /
sd,B,"Well/UH ,/, we/PRP do/VBP n't/RB have/VB any/DT kids/NNS","{D Well, } we don't have any kids /"
sd,B,but/CC we/PRP like/VBP them/PRP anyway/RB ./.,{C but } we like them anyway. /
ba,A,"Oh/UH ,/, that/DT 's/BES okay/JJ ./.","<Laughter> {F Oh, } that's okay. /"
qw,A,How/WRB old/JJ are/VBP you/PRP all/DT ?/.,How old are you all? /
sd,B,"Um/UH ,/, we/PRP 're/VBP late/JJ twenties/NNS ./.","{F Um, } we're late twenties. /"
bf,A,"Oh/UH ,/, and/CC you/PRP just/RB do/VBP n't/RB have/VB any/DT yet/RB ,/,","{F Oh, } {C and } you just don't have any yet, /"
bk,A,okay/UH ./.,okay. /
aa,B,No/UH ./.,No. /
sd,A,Well/UH I/PRP 've/VBP got/VBN two/CD ./.,{D Well } I've got two. /
ba,B,"Oh/UH ,/, gosh/UH ./.","{F Oh, } gosh. /"
aa,A,"Yeah/UH ,/,","Yeah, /"
sd,A,my/PRP$ little/JJ girl/NN is/VBZ three/CD months/NNS old/JJ,my little girl is three months old /
sd,A,and/CC my/PRP$ little/JJ boy/NN just/RB turned/VBD four/CD ./.,{C and } my little boy just turned four. /
sd,A,I/PRP had/VBD his/PRP$ birthday/NN party/NN yesterday/RB ./.,I had his birthday party yesterday. /
b,B,Oh/UH ./.,Oh. /
sd,A,But/CC he/PRP 's/BES a/DT turtle/NN fanatic/NN ./.,{C But } he's a turtle fanatic. /
sd,A,He/PRP even/RB had/VBD turtle/NN cake/NN yesterday/RB ./.,He even had turtle cake yesterday <laughter>. /
x,B,./.,<Laughter>.
sd,A,But/CC I/PRP 've/VBP been/VBN wanting/VBG to/TO see/VB TURTLE/NN TWO/CD ./.,{C But } I've been wanting to see TURTLE TWO. /
qy,A,Is/VBZ it/PRP as/RB good/JJ as/IN they/PRP say/VBP it/PRP is/VBZ ?/.,Is it as good as they say it is? /
sd,B,"It/PRP was/VBD ,/,","It was, /"
sd,B,"it/PRP was/VBD actually/RB better/JJR than/IN the/DT first/JJ one/CD ,/, I/PRP thought/VBD ./.","it was actually better than the first one, I thought. /"
ba,A,Good/UH ./.,Good. /
qw,B,What/WP 's/BES the/DT last/JJ movie/NN you/PRP saw/VBD ?/.,What's the last movie you saw? /
sd,A,GHOST/NN ./.,GHOST. /
b,B,Oh/UH,Oh /
sd,B,"we/PRP were/VBD just/RB ,/, when/WRB ,/, when/WRB the/DT topic/NN came/VBD up/RP ,/, we/PRP ,/, I/PRP was/VBD asking/VBG my/PRP$ husband/NN right/RB quick/RB ,/, what/WP 's/BES the/DT last/JJ movies/NNS we/PRP saw/VBD ./.","[ we were just, + [ when, + when ] the topic came up, [ we, + I ] was ] asking my husband right quick, what's the last movies we saw. /"
sd,B,He/PRP said/VBD well/UH GHOST/NN and/CC TURTLES/NNS ./.,He said {D well } GHOST and TURTLES. /
sd,B,I/PRP really/RB liked/VBD it/PRP ./.,I really liked it. /
%,A,"Now/UH GHOST/NN ,/,","{D Now } GHOST, /"
aa,A,"yeah/UH ,/,","yeah, /"
sd,A,I/PRP love/VBP tearjerker/JJR movies/NNS ./.,I love tearjerker movies. /
sv,A,But/CC that/DT was/VBD n't/RB too/RB bad/JJ on/IN tearjerker/NN,{C But } that wasn't too bad on tearjerker /
sv,A,"but/CC ,/,","{C but, }"
ba,B,Not/RB too/RB awful/RB bad/JJ ./.,Not too awful bad. /
+,A,"It/PRP was/VBD ,/, oh/UH ,/, it/PRP was/VBD good/JJ movie/NN ,/,","[ It was, + {F oh, } it was ] good movie, /"
b,B,Yeah/UH ./.,Yeah. /
sv,A,Because/IN that/DT was/VBD just/RB so/RB good/JJ ./.,{C Because } that was just so good. /
sd,A,And/CC I/PRP like/VBP Demi/NNP Moore/NNP ./.,{C And } I like Demi Moore. /
qy,B,Did/VBD you/PRP see/VB PRETTY/JJ WOMAN/NN ?/.,Did you see PRETTY WOMAN? /
nn,A,"No/UH ,/,","No, /"
sd,A,but/CC I/PRP 've/VBP been/VBN hearing/VBG a/DT lot/NN about/IN it/PRP ./.,{C but } I've been hearing a lot about it. /
sd,A,"I/PRP don-/XX ,/, we/PRP do/VBP n't/RB get/VB to/TO the/DT video/JJ store/NN very/RB often/RB","[ I don-, + we don't ] get to the video store very often /"
sd,A,and/CC we/PRP do/VBP n't/RB have/VB cable/NN ./.,{C and } we don't have cable. /
ba,B,"Oh/UH ,/, gosh/UH ./.","{F Oh, } gosh. /"
sd,A,"Well/UH we/PRP do/VBP n't/RB really/RB want/VB cable/NN ,/,","{D Well } we don't really want cable, /"
sd,A,"it/PRP 's/BES just/RB ,/, you/PRP know/VBP ,/, glued/VBN to/TO the/DT T/NN V/NN all/PDT the/DT time/NN anyway/RB ./.","it's just, {D you know, } glued to the T V all the time anyway. /"
b,B,Yeah/UH ./.,Yeah. /
sd,A,So/RB we/PRP get/VBP two/CD channels/NNS down/IN here/RB ./.,{C So } we get two channels down here. /
sd,A,"MUMBLEx/XX I/PRP 'm/VBP from/IN Kentucky/NNP originally/RB ,/,","(( )) I'm from Kentucky originally, /"
b,B,Uh-huh/UH ./.,Uh-huh. /
sd,A,and/CC we/PRP used/VBD to/TO get/VB five/CD channels/NNS without/IN cable/NN ./.,{C and } we used to get five channels without cable. /
b,B,Yeah/UH ./.,Yeah. /
sd,A,"You/PRP know/VBP ,/, forty/CD ,/,","{D You know, } forty, - /"
sd,A,"well/UH I/PRP do/VBP n't/RB think/VB you/PRP all/DT have/VBP the/DT same/JJ channels/NNS ,/,","{D well } I don't think you all have the same channels, /"
sd,A,"but/CC here/RB in/IN Texas/NNP we/PRP only/RB get/VBP two/CD channels/NNS ,/,","{C but } here in Texas we only get two channels, /"
%,A,"and/CC that/DT 's/BES ,/, um/UH ,/,","{C and } that's, {F um, } - /"
qy,A,do/VBP you/PRP watch/VB soap/NN operas/NNS ?/.,do you watch soap operas? /
na,B,"Uh/UH ,/, once/RB in/IN a/DT while/NN ,/, when/WRB I/PRP 'm/VBP home/RB ./.","{F Uh, } once in a while, when I'm home. /"
bk,A,"Okay/UH ,/,","Okay, /"
qy,A,you/PRP work/VBP then/RB ?/.,you work then? /
ny,B,Yeah/UH ./.,Yeah. /
bk,A,"Okay/UH ,/,","Okay, /"
sd,A,well/UH we/PRP get/VBP the/DT channel/NN with/IN YOUNG/JJ AND/CC THE/DT RESTLESS/JJ on/IN it/PRP ./.,{D well } we get the channel with YOUNG AND THE RESTLESS on it. /
bk,B,Okay/UH ./.,Okay. /
sd,A,"And/CC then/RB ,/, uh/UH ,/, I/PRP think/VBP GENERAL/NNP HOSPITAL/NNP","{C And then, } {F uh, } I think GENERAL HOSPITAL /"
sd,A,and/CC that/DT comes/VBZ on/IN different/JJ channel/NN ./.,{C and } that comes on different channel. /
aa,B,"Yeah/UH ,/,","Yeah, /"
aa,B,it/PRP does/VBZ ./.,it does. /
sd,A,"But/CC that/DT 's/BES all/DT we/PRP get/VBP ,/,","{C But } that's all we get, /"
sd,A,and/CC that/DT 's/BES no/DT cartoons/NNS for/IN my/PRP$ little/JJ boy/NN ./.,{C and } that's no cartoons for my little boy. /
sd,A,But/CC we/PRP 've/VBP got/VBD a/DT V/NN C/NN R/NN and/CC a/DT lot/NN of/IN tapes/NNS ./.,{C But } we've got a V C R and a lot of tapes. /
b,B,Yeah/UH ./.,Yeah. /
sd,A,"And/CC ,/, uh/UH ,/, my/PRP$ husband/NN is/VBZ a/DT movie/NN fanatic/NN ./.","{C And, } {F uh, } my husband is a movie fanatic. /"
sv,B,"I/PRP think/VBP you/PRP would/MD really/RB like/VB PRETTY/JJ WOMAN/NN ,/,","I think you would really like PRETTY WOMAN, /"
%,B,"it/PRP was/VBD ,/, it/PRP was/VBD really/RB a/DT ,/,","[ it was, + it was ] really a, - /"
sv,B,it/PRP made/VBD you/PRP feel/VB really/RB good/JJ ./.,it made you feel really good. /
sv,B,It/PRP was/VBD just/RB a/DT happy/JJ movie/NN ./.,It was just a happy movie. /
qw,A,"Oh/UH ,/, what/WP about/IN TOTAL/JJ RECALL/NN ,/,","{F Oh, } what about TOTAL RECALL, /"
qy,A,have/VBP you/PRP seen/VBN that/DT ./.,have you seen that. /
ny,B,"Yeah/UH ,/,","Yeah, /"
sd,B,I/PRP saw/VBD that/DT one/CD ./.,I saw that one. /
sv,A,That/DT 's/BES good/JJ ./.,That's good. /
sv,B,"I/PRP ,/, I/PRP was/VBD disappointed/JJ in/IN it/PRP just/RB because/IN of/IN how/WRB violent/JJ it/PRP was/VBD ./.","[ I, + I ] was disappointed in it just because of how violent it was. /"
aa,A,"Yeah/UH ,/,","Yeah, /"
sv,A,it/PRP was/VBD violent/JJ ./.,it was violent. /
sd,A,I/PRP try/VBP to/TO get/VB away/RB from/IN that/DT ./.,I try to get away from that. /
sd,A,"My/PRP$ little/JJ boy/NN ,/, oh/UH ,/, he/PRP loves/VBZ ROBO/NN COP/NN ./.","My little boy, {F oh, } he loves ROBO COP. /"
sd,A,"And/CC that/DT movie/NN ,/, I/PRP have/VBP to/TO ,/, I/PRP 'll/MD fast/GW forward/^VB it/PRP every/DT time/NN they/PRP come/VBP to/IN the/DT part/NN where/WRB there/EX is/VBZ ,/,","{C And } that movie, [ I have to, + I'll ] fast forward it every time they come to the part where there is, - /"
qy,A,have/VBP you/PRP seen/VBN it/PRP ?/.,have you seen it? /
ny,B,Yeah/UH ./.,Yeah. /
sd,A,The/DT part/NN where/WRB they/PRP 're/VBP shooting/VBG mercy/NNP ./.,The part where they're shooting (( mercy )) . /
sd,B,I/PRP do/VBP n't/RB like/VB that/DT ./.,I don't like that. /
sv,A,"That/DT ,/, oh/UH ,/, that/DT 's/BES horrible/JJ ,/,","[ That, + {F oh, } that's ] horrible, <laughter> /"
sv,A,that/WDT is/VBZ horrible/JJ,that is horrible /
sv,A,"and/CC their/PRP$ ,/, their/PRP$ ,/, the/DT language/NN on/IN that/DT 's/BES filthy/JJ ./.","{C and } [ [ their, + their, ] + the ] language on that's filthy. /"
sv,B,"I/PRP do/VBP n't/RB see/VB why/WRB they/PRP have/VBP to/TO do/VB that/DT ,/,","I don't see why they have to do that, /"
sv,B,"I/PRP mean/VBP ,/,","[ {E I mean, } +"
b,A,Yeah/UH ./.,Yeah. /
+,B,"I/PRP mean/VBP n-/XX ,/, everybody/NN knows/VBZ that/IN it/PRP ,/, that/IN the/DT ,/, the/DT language/NN is/VBZ there/RB so/IN they/PRP could/MD just/RB ignore/VB it/PRP and/CC ,/, you/PRP know/VBP ,/,","{E I mean } ] [ n-, + everybody ] knows [ that it, + that [ the, + the ] language ] is there so they could just ignore it and, {D you know, }"
b,A,Yeah/UH ./.,Yeah. /
+,B,"use/VB different/JJ words/NNS instead/RB ,/, I/PRP think/VBP ./.","use different words instead, I think. /"
aa,A,"Yeah/UH ,/,","Yeah, /"
aa,A,"yeah/UH ,/,","yeah, /"
aa,A,I/PRP know/VBP ./.,I know. /
sd,B,"But/CC I/PRP ,/, I/PRP think/VBP lately/RB PRETTY/JJ WOMAN/NN 'S/HVS been/VBN my/PRP$ favorite/NN ./.","{C But } [ I, + I ] think lately PRETTY WOMAN'S been my favorite. /"
sd,B,I/PRP went/VBD and/CC bought/VBD the/DT video/NN ./.,I went and bought the video. /
sd,B,I/PRP 've/VBP probably/RB seen/VBN it/PRP about/RB fifteen/CD or/CC twenty/CD times/NNS ./.,I've probably seen it about fifteen or twenty times. /
sd,A,"Um/UH ,/, my/PRP$ husband/NN bought/VBD me/PRP ,/, like/UH ,/, um/UH ,/, uh/UH ,/, I/PRP think/VBP PRETTY/JJ IN/IN PINK/NN for/IN my/PRP$ birthday/NN ./.","{F Um, } my husband bought me, {D like, } {F um, } {F uh, } <child_whining> I think PRETTY IN PINK for my birthday. /"
%,A,"With/IN ,/, a/DT ,/,","With, a, - /"
ad,A,"wait/VB a/DT second/NN ,/,","wait a second, <child_talking> /"
t3,A,"I/PRP will/MD in/IN a/DT minute/NN Kyle/NNP ,/, ./.","I will in a minute Kyle, <<talking to child in the room>>. /"
fa,A,Sorry/UH ./.,Sorry. /
bd,B,That/DT 's/BES okay/JJ ./.,<Laughter> That's okay. /
sd,A,"Uh/UH ,/, he/PRP bought/VBD me/PRP PRETTY/JJ IN/IN PINK/NN ./.","{F Uh, } he bought me PRETTY IN PINK. /"
ad,A,Just/RB a/DT second/NN ./.,Just a second. /
fa,A,"Sorry/UH ,/,","<<Covers the phone and talks to child>> Sorry, /"
sv,A,"now/UH ,/, you/PRP 're/VBP glad/JJ you/PRP ai/VBP n't/RB got/VBN a/DT four/CD year/NN old/NN ./.","{D now, } you're glad you ain't got a four year old. /"
bd,B,That/DT 's/BES okay/JJ ./.,That's okay <laughter>. /
sd,B,"Now/UH ,/,","[ {D Now, } +"
sd,A,It/PRP this/DT is/VBZ the/DT first/JJ time/NN he/PRP 's/HVS interrupted/VBN my/PRP$ phone/NN calls/NNS ./.,[ It + this ] is the first time he's interrupted my phone calls. /
+,B,"Now/UH I/PRP have/VBP n't/RB seen/VBN PRETTY/JJ IN/IN PINK/NN ,/,","{D Now } ] I haven't seen PRETTY IN PINK, /"
^2,A,Molly/NNP Ringwald/NNP ./.,Molly Ringwald. /
+,B,Molly/NNP Ringwald/NNP ?/.,Molly Ringwald? / *[[br]]
aa,A,Yeah/UH ./.,Yeah. /
sd,A,"It/PRP was/VBD cute/JJ ,/,","It was cute, /"
%,A,"but/CC ,/, it/PRP was/VBD n't/RB ,/,","{C but, } it wasn't, - /"
sd,A,"I/PRP like/VBP the/DT ,/, um/UH ,/, SIXTEEN/CD CANDLES/NNS ,/, or/CC sixteenth/NNP birthday/NNP or/CC ,/,","I like the, {F um, } SIXTEEN CANDLES, or sixteenth birthday or, -/"
sv,B,"I/PRP think/VBP ,/, I/PRP think/VBP SIXTEEN/CD CANDLES/NNS was/VBD the/DT name/NN of/IN it/PRP ./.","[ I think, + I think ] SIXTEEN CANDLES was the name of it. /"
aa,A,"Yeah/UH ,/,","Yeah, /"
sv,A,"oh/UH ,/, that/DT was/VBD so/RB good/JJ ./.","{F oh, } that was so good. /"
sd,A,Of/IN course/NN I/PRP was/VBD a/DT teenager/NN when/WRB I/PRP seen/VBN that/DT,Of course I was a teenager when I seen that /
sd,A,and/CC I/PRP loved/VBD it/PRP ./.,{C and } I loved it. /
sd,B,I/PRP have/VBP n't/RB seen/VBN it/PRP either/RB ./.,I haven't seen it either. /
sd,A,"Oh/UH ,/, well/UH if/IN you/PRP like/VBP love/NN stories/NNS ,/, it/PRP 's/BES sweet/JJ ./.","{F Oh, } {D well } if you like love stories, it's sweet. /"
sd,B,I/PRP do/VBP ./.,I do. /
sd,A,"Oh/UH ,/, it/PRP 's/BES sweet/JJ ,/,","{F Oh, } it's sweet, /"
sd,A,it/PRP really/RB is/VBZ ./.,it really is <motorcycle>. /
sd,A,And/CC that/DT 's/BES a/DT tearjerker/NN,{C And } that's a tearjerker /
sd,A,"it/PRP gets/VBZ you/PRP ,/,","it gets you, <child_yelling> /"
sd,A,I/PRP mean/VBP it/PRP makes/VBZ you/PRP feel/VB really/RB sorry/JJ for/IN her/PRP ./.,{E I mean } it makes you feel really sorry for her. /
ba,B,"Oh/UH ,/, gosh/UH ./.","{F Oh, } gosh. /"
sd,A,"But/CC it/PRP 's/BES hilarious/JJ too/RB ,/, especially/RB with/IN that/DT ,/, uh/UH ,/, little/JJ guy/NN in/IN it/PRP ./.","{C But } it's hilarious too, especially with that, {F uh, } little guy in it. /"
sd,A,"Oh/UH he/PRP looks/VBZ like/IN little/JJ ,/, I/PRP do/VBP n't/RB know/VB ,/, he/PRP looks/VBZ like/IN a/DT little/JJ boy/NN next/JJ door/NN ,/,","{F Oh } [ he looks like little, + I don't know, he looks like a little ] boy next door, /"
b,B,Oh/UH ./.,Oh. /
sd,A,but/CC he/PRP 's/BES sixteen/CD ./.,{C but } he's sixteen. /
sd,A,"Oh/UH ,/, it/PRP 's/BES a/DT cute/JJ movie/NN ./.","{F Oh, } it's a cute movie. /"
sd,A,I/PRP ca/MD n't/RB remember/VB his/PRP$ name/NN ./.,I can't remember his name. /
sd,A,He/PRP kind/RB of/RB looks/VBZ like/IN DOOGIE/NNP HOWSER/NNP ./.,He kind of looks like DOOGIE HOWSER. /
sd,B,"Huh/UH ,/, I/PRP do/VBP n't/RB know/VB ./.","{F Huh, } I don't know. /"
sd,A,Do/VBP n't/RB know/VB either/RB ./.,</Child_yelling> Don't know either. /
%,B,"Bu-/CC ,/,","{C Bu-, } -/"
sd,A,"He/PRP 's/HVS got/VBN curly/JJ blonde/JJ hair/NN ,/,","He's got curly blonde hair, /"
sd,A,"he/PRP just/RB a/DT little/RB freckly/JJ ,/, little/JJ boy/NN ./.","he just a little freckly, little boy. /"
sv,B,Probably/RB know/VB him/PRP if/IN I/PRP saw/VBD him/PRP ./.,Probably know him if I saw him. /
b,A,"Yeah/UH ,/,","Yeah, /"
sd,A,"if/IN I/PRP could/MD remember/VB the/DT name/NN ,/, I/PRP know/VBP you/PRP 'd/MD know/VB his/PRP$ name/NN ,/, because/IN he/PRP 's/HVS played/VBN in/IN a/DT few/JJ movies/NNS ./.","if I could remember the name, I know you'd know his name, because he's played in a few movies. /"
%,A,"But/CC ,/, uh/UH ,/,","{C But, } {F uh, } -/"
sd,B,"I/PRP was/VBD just/RB thinking/VBG another/DT good/JJ one/NN I/PRP saw/VBD not/RB too/RB long/JJ ago/RB was/VBD ,/, um/UH ,/, SLEEPING/VBG WITH/IN THE/DT ENEMY/NN ./.","I was just thinking another good one I saw not too long ago was, {F um, } SLEEPING WITH THE ENEMY. /"
b,A,"Okay/UH ,/,","Okay, /"
sd,A,I/PRP 've/VBP heard/VBN about/IN that/DT,I've heard about that /
sd,A,but/CC I/PRP ca/MD n't/RB remember/VB it/PRP ./.,{C but } I can't remember it. /
sd,B,"That/DT ,/, that/DT 's/BES ,/, that/DT 's/BES Julia/NNP Roberts/NNP '/POS new/JJ movie/NN ./.","[ [ That, + that's, ] + that's ] Julia Roberts' new movie. /"
b,A,"Okay/UH ,/,","Okay, /"
b,A,"yeah/UH ,/,","yeah, /"
sv,A,Julia/NNP Roberts/NNP is/VBZ good/JJ ./.,Julia Roberts is good. /
aa,B,Yeah/UH,Yeah /
%,B,"she/PRP 's/BES ,/,","she's, - /"
%,B,"this/DT one/NN ,/,","this one, - /"
sd,B,"you/PRP know/VBP PRETTY/JJ WOMAN/NN was/VBD kind/RB of/RB a/DT light/JJ comedy/NN and/CC a/DT romance/NN ,/,","you know PRETTY WOMAN was kind of a light comedy and a romance, /"
b,A,Uh-huh/UH ./.,Uh-huh. /
sd,B,"and/CC ,/, and/CC this/DT one/CD was/VBD a/DT lot/NN more/RBR dramatic/JJ ./.","[ {C and, } + {C and } ] this one was a lot more dramatic. /"
qy,A,Was/VBD n't/RB it/PRP a/DT murder/NN mystery/NN ?/.,Wasn't it a murder mystery? /
arp_nd,B,"Y-/XX ,/, well/RB ,/,","Y-, {D well, } -/"
%,A,"Like/IN ,/, sort/RB of/RB ./.","{D Like, } sort of <rattling>. /"
sd,B,"it/PRP was/VBD like/UH ,/, uh/UH ,/, it/PRP was/VBD a/DT ,/, it/PRP was/VBD a/DT mystery/NN ./.","[ [ it was + {D like, } {F uh, } it was a, ] + it was a ] mystery. /"
sd,B,"She/PRP disappeared/VBD from/IN her/PRP hu-/NN ,/, uh/UH ,/, husband/NN who/WP was/VBD abusing/VBG her/PRP ./.","She disappeared from her [ hu-, + {F uh, } husband ] who was abusing her. /"
bk,A,"Oh/UH ,/, okay/UH ,/,","{F Oh, } okay, /"
sd,A,"the/DT ,/, yeah/UH ,/, that/DT 's/BES the/DT one/CD I/PRP wanted/VBD to/TO see/VB where/WRB he/PRP was/VBD on/IN ,/, she/PRP was/VBD on/IN a/DT carnival/NN ,/, at/IN a/DT carnival/NN on/IN a/DT Ferris/NNP wheel/NN or/CC something/NN ./.","[ the, + {D yeah, } that's the ] one I wanted to see where [ he was on, + she was [ on a carnival, + at a carnival ] on ] a Ferris wheel or something. /"
b,B,"Yeah/UH ,/,","Yeah, /"
b,B,yeah/UH ./.,yeah. /
qy,A,Well/UH did/VBD that/IN come/VB on/IN T/NN V/NN,{D Well } did that come on T V /
qy,A,"or/CC did/VBD it/PRP come/VB out/RB in/IN the/DT ,/,","{C or } did it come out in the, -/"
nn,B,"No/UH ,/,","No, /"
sd,B,it/PRP came/VBD out/RB in/IN the/DT theater/NN ./.,it came out in the theater. /
b,A,Oh/UH ./.,Oh. /
sd,B,"And/CC I/PRP think/VBP ,/, you/PRP know/VBP ,/, around/IN here/RB ,/, it/PRP 's/HVS all/GW ready/^RB quit/VBN playing/VBG ./.","{C And } I think, {D you know, } around here, it's all ready quit playing. /"
sd,B,"But/CC I/PRP do/VBP n't/RB ,/, I/PRP do/VBP n't/RB know/VB if/IN it/PRP 's/BES still/RB playing/VBG any/GW where/^RB else/RB ./.","{C But } [ I don't, + I don't ] know if it's still playing any where else. /"
%,A,"Well/UH I/PRP ,/, I/PRP think/VBP ,/,","{D Well } [ I, + I ] think, -/"
sd,B,"But/CC it/PRP was/VBD ,/, it/PRP was/VBD ,/,","{C But } [ [ it was, + it was, ] +"
^2,A,Real/RB good/JJ ./.,Real good. /
+,B,it/PRP was/VBD one/CD of/IN those/DT that/WDT kept/VBD you/PRP on/IN the/DT edge/NN of/IN your/PRP$ seat/NN ./.,it was ] one of those that kept you on the edge of your seat. /
sd,A,I/PRP want/VBP to/TO see/VB that/DT ./.,I want to see that. /
b,A,"Yeah/UH ,/,","Yeah, /"
sd,A,"I/PRP seen/VBN the/DT ,/, uh/UH ,/, previews/NNS for/IN it/PRP on/IN T/NN V/NN down/IN here/RB ,/,","I seen the, {F uh, } previews for it on T V down here, /"
sd,A,"but/CC it/PRP 's/HVS just/RB been/VBN down/IN here/RB a/DT couple/NN weeks/NNS ,/, I/PRP think/VBP ./.","{C but } it's just been down here a couple weeks, I think. /"
b,B,"Oh/UH ,/, okay/UH ,/,","{F Oh, } okay, /"
b,A,Yeah/UH ./.,Yeah. /
sd,B,"because/IN we/PRP saw/VBD it/PRP ,/, probably/RB ,/,","{C because } we saw it, probably,"
sd,A,"A/DT month/NN a-/XX ,/,","A month a-, -/"
+,B,four/CD or/CC five/CD months/NNS ago/RB ./.,four or five months ago. /
sd,A,"Well/UH I/PRP know/VBP it/PRP has/VBZ n't/RB been/VBN that/RB long/JJ since/IN I/PRP 've/VBP seen/VBN the/DT previews/NNS for/IN it/PRP ,/,","{D Well } I know it hasn't been that long since I've seen the previews for it, /"
%,A,"but/CC yeah/UH ,/,","{C but } yeah, /"
sd,A,I/PRP wanted/VBD to/TO see/VB it/PRP ./.,I wanted to see it. /
sd,A,"Her/PRP$ husband/NN was/VBD a/DT ,/, dark/JJ haired/JJ guy/NN with/IN a/DT beard/NN and/CC moustache/NN ,/,","Her husband was a, dark haired guy with a beard and moustache, /"
%,A,"or/CC a-/XX ,/,","{C or } a-, - /"
ar,A,no/RB,no /
sd,A,he/PRP shaved/VBD the/DT beard/NN off/IN ./.,he shaved the beard off. /
aa,B,"Yeah/UH ,/,","Yeah, /"
sd,B,"he/PRP 's/BES ,/, uh/UH ,/, he/PRP was/VBD a/DT real/JJ psycho/NN in/IN the/DT movie/NN ./.","[ he's, + {F uh, } he was ] a real psycho in the movie. /"
b,A,Yeah/UH ./.,Yeah. /
sv,B,"It/PRP was/VBD ,/, it/PRP was/VBD scary/JJ ./.","[ It was, + it was ] scary. /"
sd,A,"Oh/UH ,/, I/PRP 'd/MD like/VB to/TO see/VB that/DT ./.","{F Oh, } I'd like to see that. /"
%,A,"What/WP about/IN ,/, oh/UH ,/,","What about, {F oh, } - /"
%,A,"there/EX was/VBD a/DT ,/,","there was a, - /"
%,A,"we/PRP got/VBD one/NN back/RB here/RB a/DT while/NN ,/,","we got one back here a while, - /"
sd,A,"I/PRP want/VBP to/TO see/VB WAR/NN OF/IN THE/DT ROSES/NNPS too/RB ,/,","I want to see WAR OF THE ROSES too, /"
qy,A,have/VBP you/PRP seen/VBN that/DT ?/.,have you seen that? /
ny,B,"Oh/UH yeah/UH ,/,","Oh yeah, /"
sd,B,"boy/UH I/PRP ,/, I/PRP did/VBD n't/RB like/IN it/PRP ./.","{D boy } [ I, + I ] didn't like it. /"
qy,A,You/PRP did/VBD n't/RB ?/.,You didn't? /
nn,B,"No/UH ,/,","No, /"
%,B,"it/PRP was/VBD ,/,","it was, - /"
sd,B,I/PRP did/VBD n't/RB like/IN the/DT way/NN it/PRP ended/VBD ./.,I didn't like the way it ended. /
aa,A,"I/PRP know/VBP ,/,","I know, /"
sd,A,"well/UH the/DT only/JJ reason/NN I/PRP know/VBP why/WRB it/PRP ended/VBD is/VBZ on/IN ARSENIO/NNP HALL/NNP one/CD night/NN ,/, Christopher/NNP Reeves/NNP told/VBD ,/,","{D well } the only reason I know why it ended is on ARSENIO HALL one night, Christopher Reeves told,"
b,B,Uh-huh/UH ./.,Uh-huh. /
+,A,"that/DT ,/, you/PRP know/VBP ,/,","that, {D you know, } /"
sd,A,I/PRP ca/MD n't/RB believe/VB they/PRP killed/VBD them/PRP ./.,I can't believe they killed them. /
x,B,./.,<Laughter>.
qw,A,"Or/CC ,/, or/CC who/WP was/VBD it/PRP","[ {C Or, } + {C or } ] who was it /"
qy,A,Christopher/NNP Reeve/NNP or/CC Mike/NNP Douglas/NNP ./.,Christopher Reeve or Mike Douglas. /
sv,B,"Might/MD have/VB been/VBN Michael/NNP Douglas/NNP ./. Oh/UH ,/, that/WDT starred/VBD in/IN it/PRP ./.","Might have been Michael Douglas. {F Oh, } that starred in it. / *[[listen]]"
b,A,Yeah/UH ./.,Yeah. /
aa,B,"Yeah/UH ,/,","Yeah, /"
sd,B,it/PRP was/VBD Michael/NNP Douglas/NNP ./.,it was Michael Douglas. /
qy,A,Christopher/NNP Reeve/NNP was/VBD n't/RB in/IN it/PRP at/IN all/DT ?/.,Christopher Reeve wasn't in it at all? /
nn,B,Huh-uh/UH ./.,Huh-uh. /
bk,A,Okay/UH ./.,Okay. /
sd,A,Well/UH Arsenio/NNP Hall/NNP is/VBZ the/DT one/CD that/WDT jumped/VBD up/RB and/CC said/VBD that/IN I/PRP ca/MD n't/RB believe/VB they/PRP killed/VBD them/PRP,{D Well } Arsenio Hall is the one that jumped up and said that I can't believe they killed them /
sd,A,"and/CC Christopher/NNP Reeve/NNP ,/, or/CC ,/, Mike/NNP Douglas/NNP went/VBD after/IN his/PRP$ throat/NN ,/, you/PRP dummy/NN ./.","{C and } Christopher Reeve, or, Mike Douglas went after his throat, you dummy <laughter>. /"
x,B,./.,<Laughter>.
sd,A,"So/RB I/PRP know/VBP that/IN they/PRP die/VBP ,/,","{C So } I know that they die, /"
sd,A,but/CC I/PRP have/VBP n't/RB told/VBN my/PRP$ husband/NN ./.,{C but } I haven't told my husband. /
sd,A,We/PRP 've/VBP both/DT been/VBN wanting/VBG to/TO see/VB it/PRP ./.,We've both been wanting to see it. /
sd,B,"It/PRP was/VBD ,/, I/PRP ,/, I/PRP ,/, it/PRP was/VBD ,/, it/PRP was/VBD weird/JJ ./.","[ [ It was, + [ [ I, + I, ] + it ] was, ] + it was ] weird. /"
sd,B,It/PRP was/VBD a/DT different/JJ movie/NN from/IN anything/NN I/PRP 've/VBP ever/RB seen/VBN ./.,It was a different movie from anything I've ever seen. /
sd,A,"MUMBLEx/XX well/UH we/PRP was/VBD ,/, uh/UH ,/, teasing/VBG ,/, about/IN ,/, you/PRP know/VBP ,/, splitting/JJ our/PRP$ house/NN down/IN the/DT middle/NN ./.","<Child> (( )) {D well } we was, {F uh, } teasing, about, {D you know, } splitting our house down the middle <laughter>. /"
b,B,Yeah/UH ./.,Yeah <laughter>. /
qy,A,They/PRP did/VBD that/DT did/VBD n't/RB they/PRP,They did that didn't they /
qy,A,and/CC they/PRP marked/VBN off/RP routes/NNS that/WDT they/PRP could/MD go/VB or/CC something/NN ./.,{C and } they marked off routes that they could go or something <laughter>. /
ny,B,"Yeah/UH ,/,","Yeah, /"
sd,B,"that/DT would/MD be/VB kind/RB of/RB hard/JJ for/IN us/PRP ,/,","that would be kind of hard for us, /"
sd,B,"we/PRP 've/VBP only/RB got/VBN one/CD bathroom/NN ,/,","we've only got one bathroom, /"
h,B,"I/PRP do/VBP n't/RB know/VB h-/XX ,/, ,/,","I don't know h-, <laughter>, -/"
sd,A,We/PRP 've/VBP got/VBN two/CD bathrooms/NNS,We've got two bathrooms /
%,A,"but/CC ,/, well/UH i-/XX ,/, mi-/XX ,/,","{C but, } {D well } [ i-, + mi-, ] - /"
%,A,"actually/UH ,/, if/IN he/PRP takes/VBZ ,/,","actually, if he takes, - /"
sd,A,my/PRP$ house/NN kind/RB of/RB looks/VBZ like/IN two/CD trailers/NNS put/VBN together/RB ./.,my house kind of looks like two trailers put together. /
x,B,./.,<Laughter>.
sd,A,And/CC one/CD bathroom/NN is/VBZ at/IN the/DT end/NN of/IN one/CD side/NN,{C And } one bathroom is at the end of one side /
sd,A,"and/CC one/NN 's/BES in/IN the/DT middle/NN of/IN the/DT other/JJ ,/,","{C and } one's in the middle of the other, /"
sd,A,so/UH we/PRP could/MD do/VB it/PRP ./.,{C so } we could do it. /
ba,B,That/DT would/MD n't/RB be/VB too/RB bad/JJ ./.,That wouldn't be too bad. /
aa,A,"No/UH ,/,","No, /"
sd,A,and/CC he/PRP could/MD climb/VB out/IN the/DT window/NN ./.,{C and } he could climb out the window <laughter>. /
x,B,./.,<Laughter>.
%,A,"Wh-/XX ,/,","Wh-, - /"
%,A,"and/CC we/PRP ,/, our/PRP$ whole/JJ house/NN has/VBZ ,/, you/PRP know/VBP ,/,","{C and } [ we, + our whole house ] has, {D you know, } - /"
sd,A,"every/DT room/NN leads/VBZ to/IN three/CD rooms/NNS ,/,","every room leads to three rooms, /"
sd,A,"so/RB we/PRP can/MD ,/, you/PRP know/VBP --/:","{C so } we can, {D you know } -- -/"
^2,B,Get/VB around/RP ./.,Get around. /
aa,A,"--/: yeah/UH ,/,","-- yeah, /"
sd,A,you/PRP can/MD get/VB around/RP ./.,you can get around <laughter>. /
sd,A,"You/PRP just/RB ca/MD n't/RB go/VB out/IN the/DT front/JJ door/NN honey/NNP ,/,","You just can't go out the front door honey, /"
fa,A,sorry/UH ./.,sorry. /
qy,B,Well/UH did/VBD you/PRP see/VB FATAL/JJ ATTRACTION/NN ?/.,<Laughter> {D Well } did you see FATAL ATTRACTION? /
ny,A,"Yeah/UH ,/,","Yeah, /"
sd,A,"that/WDT 's/BES coming/VBG back/RB ,/, on/RP too/RB ./.","that's coming back, on too <child_talking>. /"
sd,B,"I/PRP know/VBP it/PRP 's/BES going/VBG to/TO be/VB on/RP ,/, on/RP the/DT ,/, on/IN C/NNP B/NNP S/NNP Tuesday/NNP night/NN","I know it's going to be [ [ on, + on the, ] + on C B S ] Tuesday night /"
sv,B,"an/DT ,/, and/CC that/DT 's/BES kind/RB of/RB what/WP ,/, in/IN a/DT way/NN ,/, you/PRP know/VBP ,/, how/WRB it/PRP kind/RB of/RB bothered/VBD you/PRP ,/, the/DT way/NN it/PRP ended/VBD and/CC stuff/NN ./.","[ {C an, } + {C and } ] that's kind of [ what, + in a way, {D you know, } how ] it kind of bothered you, the way it ended and stuff. /"
b,A,Uh-huh/UH ./.,Uh-huh. /
sd,B,That/DT 's/BES kind/RB of/RB how/WRB WAR/NN OF/IN THE/DT ROSES/NNPS was/VBD ./.,That's kind of how WAR OF THE ROSES was. /
%,A,"Huh/UH ,/, I/PRP ,/,","{F Huh, } I, -/"
sd,B,"Parts/NNS of/IN ,/, parts/NNS of/IN WAR/NN OF/IN THE/DT ROSES/NNPS was/VBD funny/JJ","[ Parts of, + parts of ] WAR OF THE ROSES was funny /"
sd,B,"but/CC then/RB other/JJ times/NNS it/PRP was/VBD like/IN it/PRP was/VBD just/RB deadly/RB serious/JJ ,/,","{C but then } other times it was like it was just deadly serious, /"
sd,B,"and/CC it/PRP just/RB left/VBD you/PRP with/IN this/DT kind/RB of/RB uneasy/JJ feeling/NN ,/, you/PRP know/VBP ./.","{C and } it just left you with this kind of uneasy feeling, {D you know. } /"
bf,A,"Eerie/JJ feeling/NN ,/,","Eerie feeling, /"
sd,A,"or/CC ,/, I/PRP want/VBP to/TO see/VB it/PRP though/RB ./.","{C or, } I want to see it though. /"
sd,A,"I/PRP 'd/MD like/VB to/TO see/VB that/DT and/CC ,/, uh/UH ,/, THE/DT NEVER/GW ENDING/^JJ STORY/NN ,/, came/VBD out/RP on/IN Disney/NNP this/DT month/NN ,/, I/PRP think/VBP ./.","I'd like to see that and, {F uh, } THE NEVER ENDING STORY, came out on Disney this month, I think. /"
sd,B,I/PRP --/:,[ I -- +
sd,A,I/PRP wanted/VBD to/TO see/VB that/DT ./.,I wanted to see that. /
+,B,--/: I/PRP 've/VBP heard/VBN about/IN that/DT,-- I've ] heard about that /
sd,B,but/CC I/PRP do/VBP n't/RB know/VB what/WP it/PRP 's/BES about/IN ./.,{C but } I don't know what it's about. /
br,A,THE/DT NEVER/GW ENDING/^JJ STORY/NN ?/.,THE NEVER ENDING STORY? /
aa,B,Yeah/UH ./.,Yeah. /
sd,A,"It/PRP 's/BES a/DT child/NN 's/POS movie/NN ,/,","It's a child's movie, /"
sd,A,"but/CC ,/, oh/UH ,/, it/PRP 's/BES good/JJ ,/,","{C but, } {F oh, } it's good, /"
sd,A,I/PRP enjoyed/VBD it/PRP ./.,I enjoyed it. /
sd,B,I/PRP love/VBP Disney/NNP movies/NNS ./.,I love Disney movies. /
aa,A,"Yeah/UH ,/,","Yeah, /"
aa,A,I/PRP do/VBP too/RB,I do too /
sv,B,"I/PRP mean/VBP ,/, they/PRP 're/VBP some/DT of/IN the/DT best/JJS of/IN ,/, that/WDT are/VBP made/VBN ./.","{E I mean, } they're some of the best [ of, + ] that are made. /"
+,A,"Yeah/UH ,/,","Yeah, /"
b,A,yeah/UH ./.,yeah. /
sd,A,"And/CC ,/, uh/UH ,/, well/UH it/PRP 's/BES about/IN this/DT little/JJ boy/NN who/WP ,/, uh/UH ,/,","{C And, } {F uh, } {D well } it's about this little boy who, {F uh, } - /"
sd,A,"I/PRP think/VBP he/PRP 's/BES up/IN in/IN a/DT attic/NN ,/, or/CC some/DT part/NN of/IN school/NN ./.","I think he's up in a attic, or some part of school. /"
sd,A,He/PRP got/VBD locked/VBN in/IN the/DT school/NN,He got locked in the school /
sd,A,"and/CC he/PRP got/VBD scared/VBN ,/,","{C and } he got scared, /"
sd,A,but/CC he/PRP starts/VBZ dreaming/VBG,{C but } he starts dreaming /
sd,A,"and/CC then/RB ,/, uh/UH ,/, he/PRP 's/BES saving/VBG the/DT land/NN of/IN ,/, uh/UH ,/, oh/UH ,/,","{C and then, } {F uh, } he's saving the land of, {F uh, } {F oh, } - /"
sd,A,it/PRP 's/HVS been/VBN so/RB long/JJ since/IN I/PRP 've/VBP seen/VBN it/PRP ./.,it's been so long since I've seen it. /
x,B,./.,<Laughter>.
sd,A,"All/DT I/PRP know/VBP ,/, alls/DT I/PRP can/MD really/RB remember/VB is/VBZ him/PRP flying/VBG this/DT great/JJ big/JJ dog/NN ,/, this/DT great/JJ big/JJ huge/JJ sheep/NN dog/NN sort/NN of/IN looking/VBG thing/NN ,/,","[ All I know, + all's I can really remember ] is him flying this great big dog, this great big huge sheep dog sort of looking thing, /"
ba,B,"Oh/UH go-/XX ,/,","Oh go-, -/"
sd,A,it/PRP flies/VBZ through/IN the/DT air/NN ./.,it flies through the air. /
sd,A,"And/CC he/PRP 's/BES trying/VBG to/TO save/VB the/DT land/NN from/IN some/DT ,/, ooze/NN ./.","{C And } he's trying to save the land from some, (( ooze )) <laughter>. /"
x,B,./.,<Laughter>.
sd,A,"But/CC it/PRP 's/BES really/RB good/JJ ,/,","{C But } it's really good, /"
sd,A,"I/PRP mean/VBP it/PRP sounds/VBZ ki-/XX ,/,","{E I mean } it sounds ki-, - /"
sd,A,"it/PRP ,/, it/PRP had/VBD ,/, uh/UH ,/, Fred/NNP Savage/NNP in/IN it/PRP ./.","[ it, + it ] had, {F uh, } Fred Savage in it. /"
ar,A,"No/UH ,/,","No, /"
ar,A,"no/UH ,/,","no, /"
ar,A,"no/UH ,/,","no, /"
ar,A,"no/UH ,/,","no, /"
ar,A,no/UH ./.,no. /
qy,A,"Did/VBD you/PRP see/VB that/DT movie/NN with/IN Fred/NNP Savage/NNP in/IN it/PRP ,/, though/RB ,/,","Did you see that movie with Fred Savage in it, though, /"
no,B,I/PRP do/VBP n't/RB think/VB so/RB ./.,I don't think so. /
%,A,"with/IN ,/, uh/UH ,/, oh/UH ,/,","with, {F uh, } {F oh, } - /"
%,A,"he/PRP had/VBD ,/, uh/UH ,/, uh/UH ,/,","he had, {F uh, } {F uh, } - /"
sd,A,oh/UH it/PRP was/VBD THE/DT PRINCESS/NN BRIDE/NN ./.,{F oh } it was THE PRINCESS BRIDE. /
nn,B,"Nope/UH ,/,","Nope, /"
sd,B,I/PRP did/VBD n't/RB see/VB that/DT ./.,I didn't see that. /
b^m,A,"You/PRP did/VBD n't/RB see/VB that/DT ,/,","You didn't see that, /"
sd,A,"that/DT was/VBD cute/JJ ,/,","that was cute, /"
sd,A,"that/DT was/VBD real/RB ,/, that/DT was/VBD a/DT good/JJ one/CD ./.","[ that was real, + that was a ] good one. /"
sd,A,"I/PRP ,/, I/PRP like/VBP ,/, I/PRP like/VBP slapstick/JJ comedy/NN ./.","[ [ I, + I like, ] + I like ] slapstick comedy. /"
aa,B,So/RB do/VBP I/PRP,So do I /
sd,B,and/CC a/DT lot/NN of/IN times/NNS we/PRP 'll/MD go/VB to/TO rent/VB a/DT movie/NN or/CC something/NN,{C and } a lot of times we'll go to rent a movie or something /
sd,B,"and/CC ,/, and/CC you/PRP 're/VBP not/RB sure/JJ whether/IN it/PRP will/MD be/VB any/RB good/JJ or/CC not/RB","[ {C and, } + {C and } ] you're not sure whether it will be any good or not /"
sd,B,"so/RB sometimes/RB we/PRP stick/VBP with/IN the/DT stuff/NN we/PRP 've/VBP heard/VBN more/RBR about/IN than/IN ,/,","so sometimes we stick with the stuff we've heard more about than, -/"
b,A,"Yeah/UH ,/,","Yeah, /"
%,A,"well/UH I/PRP heard/VBD ,/,","{D well } I heard, - /"
sd,A,a/DT friend/NN of/IN mine/NN told/VBD me/PRP she/PRP got/VBD NAKED/JJ GUN/NN last/JJ night/NN,a friend of mine told me she got NAKED GUN last night /
sd,A,and/CC she/PRP said/VBD that/DT was/VBD hilarious/JJ ./.,{C and } she said that was hilarious. /
aa,B,"Yeah/UH ,/,","Yeah, /"
sd,B,"now/UH ,/, we/PRP saw/VBD that/DT ,/,","{D now, } we saw that, /"
sd,B,"and/CC i-/XX ,/, and/CC they/PRP 're/VBP coming/VBG out/RB with/IN a/DT sequel/NN to/IN it/PRP ./.","[ {C and } i-, + {C and } they're ] coming out with a sequel to it. /"
sd,A,Two/CD and/CC a/DT half/DT ./.,Two and a half <laughter>. / *[[is this a title??]]
sd,B,It/PRP was/VBD funny/JJ ./.,<Laughter> It was funny. /
%,A,"It/PRP wa-/XX ,/,","It wa-, /"
b,A,"yeah/UH ,/,","yeah, /"
sd,A,I/PRP want/VBP to/TO see/VB that/DT ./.,I want to see that. /
sd,A,She/PRP said/VBD she/PRP rented/VBD it/PRP last/JJ night/NN,She said she rented it last night /
sd,A,and/CC said/VBD it/PRP was/VBD real/RB good/JJ,{C and } said it was real good /
%,A,"an/CC ,/,","{C an, } -/"
sd,B,"And/CC ,/, and/CC WORKING/VBG GIRL/NN is/VBZ really/RB good/JJ ./.","[ {C And, } + {C and } ] WORKING GIRL is really good. /"
sd,A,"Now/UH ,/, I/PRP seen/VBN that/DT ,/,","{D Now, } I seen that, /"
sv,B,That/DT was/VBD good/JJ ./.,That was good. /
qy,A,"was/VBD that/IN with/IN that/DT blonde/NN ,/,","was that with that blonde, /"
sd,A,she/PRP pretended/VBD to/TO be/VB the/DT boss/NN or/CC something/NN ./.,she pretended to be the boss or something. /
ny,B,Yeah/UH ./.,Yeah. /
b,A,"Yeah/UH ,/,","Yeah, /"
sd,A,I/PRP rented/VBD that/DT one/CD night/NN by/IN myself/PRP ./.,I rented that one night by myself. /
sd,A,I/PRP was/VBD home/RB alone/RB ./.,I was home alone. /
qy,A,Did/VBD you/PRP see/VB HOME/NN ALONE/JJ ?/. ./.,Did you see HOME ALONE? <Laughter>. /
ny,B,"Yes/UH ,/,","Yes, /"
sd,B,"I/PRP did/VBD ,/,","I did, /"
sd,B,"that/DT ,/, that/DT just/RB reminded/VBD me/PRP of/IN that/DT ./.","[ that, + that ] just reminded me of that. /"
qy,B,Did/VBD you/PRP like/VB it/PRP ?/.,Did you like it? /
