act_tag,speaker,pos,text
"fo_o_fw_""_by_bc",B,"Okay/UH ,/,","Okay, /"
qy,B,"um/UH ,/, so/UH ,/, um/UH ,/, do/VBP you/PRP have/VB any/DT favorite/JJ teams/NNS ?/.","{F um, } {D so, } {F um, } do you have any favorite teams? /"
na,A,"Well/UH ,/, I/PRP kind/RB of/RB like/VBP them/PRP all/DT ./.","{D Well, } I kind of like them all. /"
sd,A,"I/PRP played/VBD for/IN about/IN eighteen/CD years/NNS ,/, all/PDT the/DT way/NN through/IN college/NN ,/, and/CC then/RB ,/, uh/UH ,/, kind/RB of/RB hung/VBD them/PRP up/RP after/IN college/NN ,/,","I played for about eighteen years, all the way through college, and then, {F uh, } kind of hung them up after college, /"
%,A,"but/CC ,/, ./.","{C but, } <laughter>. -/"
sd,B,"Oh/UH ,/, I/PRP was/VBD going/VBG to/TO say/VB ,/, you/PRP played/VBD pro/JJ ball/NN ,/,","{F Oh, } I was going to say, you played pro ball, /"
^g,B,right/UH ?/.,right? /
nn,A,"No/UH ,/,","No, /"
sd,A,not/RB quite/RB ./.,not quite. /
b^m,B,"Not/RB quite/RB ,/, huh/UH ./.","Not quite, {F huh. } /"
%,A,"Made/VBD it/PRP ,/,","Made it, - /"
%,A,"yeah/UH ,/,","yeah, /"
sd,A,"made/VBD it/PRP all/PDT the/DT way/NN through/IN four/CD years/NNS of/IN college/NN playing/VBG ball/NN ,/,","made it all the way through four years of college playing ball, /"
b,B,Oh/UH ./.,Oh. /
ny,B,"Yes/UH ,/,","Yes, /"
sd,B,"I/PRP 'm/VBP actually/RB a/DT Met/NNP ,/,","I'm {D actually } a Met, - /"
sd,B,"I/PRP 'm/VBP ,/, I/PRP 'm/VBP one/CD of/IN these/DT people/NNS who/WP 's/BES actually/RB a/DT die/VB hard/JJ Mets/NNPS fan/NN ,/,","[ I'm, + I'm ] one of these people who's actually a die hard Mets fan,"
x,A,,<Laughter>.
+,B,and/CC an/DT avid/JJ Yankee/NNP hater/NN ./.,and an avid Yankee hater. /
qy,A,"Oh/UH ,/, boy/UH ,/, it/PRP ,/, I/PRP think/VBP it/PRP 's/BES like/IN one/CD or/CC the/DT other/NN ,/, is/VBZ n't/RB it/PRP ./. I/PRP mean/VBP ,/,","{F Oh, } {D boy, } [ it, + I think it's ] {D like } one or the other, isn't it. {E I mean, } /"
ny,B,"Yeah/UH ,/,","Yeah, /"
%,B,"it/PRP 's/BES ,/, it/PRP 's/BES ,/,","[ it's, + it's, ] - /"
sd,B,"I/PRP ,/, I/PRP ,/, I/PRP find/VBP it/PRP very/RB strange/JJ ./.","[ [ I, + I, ] + I ] find it very strange. /"
%,B,"Um/UH ,/, more/JJR people/NNS ,/,","{F Um, } more people, - /"
sv,B,"you/PRP know/VBP ,/, real/JJ Met/NNP fans/NNS do/VBP n't/RB like/VB the/DT Yankees/NNPS","{D you know, } real Met fans don't like the Yankees /"
sv,B,and/CC real/JJ Yankee/NNP fans/NNS do/VBP n't/RB like/VB the/DT Mets/NNPS for/IN some/DT reason/NN ./.,{C and } real Yankee fans don't like the Mets for some reason. /
b,A,Yeah/UH ./.,Yeah. /
sd,B,"I/PRP never/RB fou-/XX ,/, I/PRP never/RB quite/RB found/VBD a/DT New/NNP York/NNP fan/NN ./.","[ I never fou-, + I never quite found ] a New York fan. /"
x,A,,<Laughter>.
sd,B,"I/PRP always/RB found/VBD a/DT fan/NN ,/, you/PRP know/VBP ,/, of/IN either/DT one/CD or/CC the/DT other/NN ,/,","I always found a fan, {D you know, } of {C either } one {C or } the other, /"
sd,B,"and/CC so/RB ,/, that/DT of/IN course/NN means/VBZ that/IN when/WRB it/PRP comes/VBZ to/IN the/DT American/NNP League/NNP my/PRP$ favorite/JJ team/NN is/VBZ the/DT Red/NNP Sox/NNPS --/:","{C and so, } that of course means that when it comes to the American League my favorite team is the Red Sox --"
b,A,"Oh/UH ,/, okay/UH ,/,","{F Oh, } okay, /"
+,B,"--/: by/IN default/NN ,/, because/IN I/PRP went/VBD to/IN college/NN also/RB in/IN Boston/NNP ./.","-- by default, because I went to college also in Boston. /"
ba,A,"I/PRP see/VBP ,/,","I see, /"
%,A,"yeah/UH ,/,","yeah, /"
sd,A,"I/PRP like/VBP the/DT ,/, uh/UH ,/,","I like the, {F uh, } - /"
sd,A,"huh/UH ,/, I/PRP guess/VBP if/IN I/PRP had/VBD to/TO pick/VB a/DT favorite/JJ team/NN ,/, any/DT more/JJR ,/, as/RB well/RB as/IN ,/,","{F huh, } I guess if I had to pick a favorite team, any more, as well as, - /"
sd,A,I/PRP kind/RB of/RB grew/VBP up/RP rooting/VBG for/IN Philadelphia/NNP ./.,I kind of grew up rooting for Philadelphia. /
b,B,Oh/UH ./.,Oh. /
sd,A,I/PRP 'm/VBP from/IN New/NNP Jersey/NNP originally/RB ./.,I'm from New Jersey originally. /
b,B,"Yeah/UH ,/,","Yeah, /"
sd,B,"so/RB that/DT ,/, so/RB that/DT 's/BES sort/RB of/RB close/RB enough/RB ./.","[ {C so } that, + {C so } that's ] sort of close enough. /"
b,A,"Yeah/UH ,/,","Yeah, /"
sd,A,"well/UH ,/, we/PRP were/VBD thirty/CD miles/NNS south/RB of/IN them/PRP ,/,","{D well, } we were thirty miles south of them, /"
qy^d,B,"Oh/UH ,/, so/RB you/PRP were/VBD pretty/RB close/RB ./.","{F Oh, } {C so } you were pretty close. /"
sd,A,"right/RB down/RP the/DT river/NN ,/,","right down the river, /"
qw,A,"but/CC ,/, uh/UH ,/, so/RB what/WP are/VBP the/DT Mets/NNPS going/VBG to/TO do/VB this/DT year/NN without/IN Strawberry/NNP ?/.","{C but, } {F uh, } {C so } what are the Mets going to do this year without Strawberry? /"
h,B,"Well/UH ,/, I/PRP do/VBP n't/RB know/VB ./. Um/UH ,/, there/EX 's/BES ,/, there/EX 's/BES a/DT part/NN of/IN me/PRP that/WDT says/VBZ that/IN ,/, you/PRP know/VBP ,/, um/UH ,/, I/PRP 'm/VBP sort/RB of/RB glad/JJ Strawberry/NNP went/VBD away/RB ./.","{D Well, } I don't know. {F Um, } [ there's, + there's ] a part of me that says that, {D you know, } {F um, } I'm sort of glad Strawberry went away. /"
x,A,,<Laughter>.
sd,B,"You/PRP know/VBP ,/, when/WRB ,/, when/WRB he/PRP sort/RB of/RB went/VBD away/RB ,/, I/PRP started/VBD thinking/VBG ,/, yeah/UH ,/, well/UH ,/, he/PRP was/VBD performing/VBG fairly/RB well/RB ,/,","{D You know, } [ when, + when ] he sort of went away, I started thinking, {D yeah, } {D well, } he was performing fairly well, /"
sv,B,"but/CC he/PRP really/RB was/VBD n't/RB worth/JJ the/DT baggage/NN ,/, you/PRP know/VBP ./.","{C but } he really wasn't worth the baggage, {D you know. } /"
b,A,Yeah/UH ./.,Yeah. /
sd,B,"Um/UH ,/, I/PRP think/VBP they/PRP 're/VBP okay/JJ ,/,","{F Um, } I think they're okay, /"
sd,B,"I/PRP think/VBP they/PRP 're/VBP ,/,","I think they're, - /"
sd,B,"you/PRP know/VBP ,/, I/PRP think/VBP they/PRP have/VBP enough/JJ people/NNS who/WP are/VBP ,/, who/WP are/VBP ,/, who/WP are/VBP still/RB in/IN their/PRP$ prime/JJ ,/, you/PRP know/VBP ./.","{D you know, } I think they have enough people [ [ who are, + who are, ] + who are ] still in their prime, {D you know. } /"
b,A,Uh-huh/UH ./.,Uh-huh. /
sv,B,"Um/UH ,/, I/PRP mean/VBP ,/, certainly/RB if/IN you/PRP look/VBP at/IN them/PRP compared/VBD to/IN ,/, let/VB 's/PRP say/VB ,/, you/PRP know/VBP ,/, um/UH ,/, eight/CD years/NNS ago/RB or/CC something/NN ,/, they/PRP 're/VBP --/:","{F Um, } {E I mean, } certainly if you look at them compared to, let's say, {D you know, } {F um, } eight years ago or something, [ [ [ [ they're + --"
b,A,Yeah/UH ./.,Yeah. /
+,B,"--/: they/PRP 're/VBP ,/, they/PRP 're/VBP ,/, they/PRP 're/VBP ,/, you/PRP know/VBP ,/, they/PRP 're/VBP sort/RB of/RB in/IN ,/, in/IN good/JJ standing/NN ,/, whereas/IN ,/, you/PRP know/VBP ,/, um/UH ,/, I/PRP think/VBP ,/, I/PRP certainly/RB do/VBP n't/RB think/VB they/PRP 're/VBP the/DT eighty-six/CD team/NN any/DT more/JJR ./.","-- they're, ] + they're, ] + they're, ] + {D you know, } they're ] sort of [ in, + in ] good standing, whereas, {D you know, } {F um, } <noise> <<knocking sound>> [ I think, + I certainly don't think ] they're the eighty-six team any more. /"
sd,A,"Well/UH ,/, I/PRP was/VBD going/VBG to/TO talk/VB to/IN you/PRP about/IN that/DT eighty-six/CD team/NN ./.","{D Well, } I was going to talk to you about that eighty-six team <laughter>. /"
b,B,"Yeah/UH ,/,","Yeah, /"
%,B,"I/PRP ,/,","I, -/"
sd,A,"That/DT was/VBD ,/, that/DT was/VBD the/DT year/NN they/PRP beat/VBP Houston/NNP in/IN extra/JJ innings/NNS ,/,","[ That was, + that was ] the year they beat Houston in extra innings, /"
^g,A,right/UH ./.,right. /
na,B,"Right/UH ,/,","Right, /"
sd,B,"they/PRP MUMBLEx/XX beat/VBP Houston/NNP in/IN extra/JJ innings/NNS ,/,","they (( )) beat Houston in extra innings, /"
sv,B,"and/CC then/RB they/PRP actually/RB won/VBD the/DT series/NN bye-bye/JJ sort/RB of/RB a/DT sneaky/JJ route/NN ,/, um/UH ,/, against/IN Boston/NNP --/:","{C and then } they {D actually } won the series bye-bye sort of a sneaky route, {F um, } against Boston --"
%,A,Yeah/UH ./.,Yeah. /
+,B,--/: when/WRB there/EX was/VBD the/DT ball/NN that/WDT was/VBD sort/RB of/RB hit/VBN to/IN Buckner/NNP MUMBLEx/XX ./.,-- when there was the ball that was sort of hit to Buckner (( )) . /
x,A,,<Laughter>.
sd,B,"I/PRP felt/VBD real/RB bad/JJ about/IN that/DT ,/,","I felt real bad about that, /"
qh,B,"but/CC hey/UH ,/, what/WP can/MD you/PRP do/VB ./.","{C but } {D hey, } what can you do. /"
sd,A,"Hey/UH ,/, the/DT guy/NN 's/BES making/VBG millions/NNS ,/,","{D Hey, } the guy's making millions, /"
sv,A,"he/PRP ought/MD to/TO be/VB able/JJ to/TO perform/VB ,/,","he ought to be able to perform, /"
^g,A,right/UH ./.,right. /
na,B,"That/DT 's/BES right/JJ ,/,","That's right, /"
aap_am,B,"well/UH ,/, actually/UH ,/, he/PRP ,/, he/PRP ,/, he/PRP was/VBD supposedly/RB ,/, um/UH ,/,","{D well, } {D actually, } [ [ he, + he, ] + he ] was supposedly, {F um, } - /"
sd,B,"there/EX was/VBD ,/, there/EX was/VBD something/NN wrong/JJ with/IN him/PRP at/IN the/DT time/NN ,/,","[ there was, + there was ] something wrong with him at the time, /"
%,B,"and/CC I/PRP ,/,","{C and } I, -/"
^2,A,"Well/UH ,/, his/PRP$ knees/NNS were/VBD bothering/VBG him/PRP ,/,","{D Well, } his knees were bothering him, /"
%,A,yeah/UH ./.,yeah. /
b,B,"Right/UH ,/,","Right, /"
ba,B,"and/CC I/PRP ,/, and/CC I/PRP understand/VBP that/IN ,/,","[ {C and } I, + {C and } I ] understand that, /"
sv,B,"and/CC I/PRP say/VBP ,/, Hey/UH if/IN the/DT guy/NN ca/MD n't/RB play/VB ,/, you/PRP do/VBP n't/RB blame/VB that/DT ,/,","{C and } I say, {D Hey } if the guy can't play, you don't blame that, /"
sv,B,"uh/UH ,/, hit/VB it/PRP to/IN him/PRP ,/,","{F uh, } hit it to him, /"
sv,B,"you/PRP blame/VBP the/DT team/NN ,/, you/PRP know/VBP ,/, for/IN putting/VBG him/PRP in/IN ,/,","you blame the team, {D you know, } for putting him in, /"
b,A,"Yeah/UH ,/,","Yeah, /"
^2,A,for/IN having/VBG him/PRP out/IN there/RB ./.,for having him out there. /
aa,B,"That/DT 's/BES right/JJ ,/,","That's right, /"
%,B,so/RB ./.,{C so. } -/
b,A,Sure/UH ./.,Sure. /
sd,B,"So/RB ,/, I/PRP ,/, I/PRP ,/, I/PRP was/VBD ,/, uh/UH ,/, I/PRP was/VBD also/RB ,/, I/PRP was/VBD in/IN school/NN at/IN Boston/NNP at/IN the/DT time/NN ./.","{C So, } [ [ [ [ I, + I, ] + I was, ] + {F uh, } I was also, ] + I was ] in school at Boston at the time. /"
ba,A,"Oh/UH ,/, boy/UH ./.","{F Oh, } boy. /"
%,B,"So/RB ,/, I/PRP ,/,","{C So, } I, - /"
sd,B,"it/PRP was/VBD actually/UH wonderful/JJ because/IN where/WRB I/PRP was/VBD they/PRP were/VBD half/DT Met/NNP fans/NNS and/CC ,/, um/UH ,/, half/DT Sox/NNP fans/NNS ./.","it was actually wonderful because where I was they were half Met fans and, {F um, } half Sox fans. /"
b,A,"Yeah/UH ,/,","Yeah, /"
sv,A,"I/PRP think/VBP we/PRP were/VBD all/DT pretty/RB much/JJ ,/, uh/UH ,/, Astros/NNPS fans/NNS ,/, in/IN the/DT National/NNP League/NNP Championship/NNP Series/NNP --/:","I think we were all pretty much, {F uh, } Astros fans, in the National League Championship Series -- /"
b,B,Oh/UH ./.,Oh. /
sd,A,"--/: but/CC there/RB 's/BES like/UH two/CD fellows/NNS from/IN ,/, uh/UH ,/, Brooklyn/NNP ,/,","-- {C but } there's {D like } two fellows from, {F uh, } Brooklyn, /"
x,B,,<Laughter>.
sd,A,"and/CC they/PRP ,/, they/PRP were/VBD ,/, you/PRP know/VBP ,/, they/PRP were/VBD pretty/RB much/JJ without/IN having/VBG to/TO say/VB ,/, they/PRP were/VBD pretty/RB much/JJ Mets/NNPS fans/NNS ./.","{C and } [ [ they, + they were, ] + {D you know, } they were ] pretty much without having to say, they were pretty much Mets fans <laughter>. /"
b,B,"Yeah/UH ,/,","Yeah, /"
b,B,"yeah/UH ,/,","yeah, /"
qy^d,B,"well/UH I/PRP guess/VBP they/PRP were/VBD ,/, uh/UH ,/, I/PRP guess/VBP they/PRP must/MD have/VB been/VBN scared/JJ after/IN the/DT ,/, uh/UH ,/,","{D well } [ I guess they were, + {F uh, } I guess they must ] have been scared <laughter> after the, {F uh, } -/"
nn,A,"No/UH ,/,","No, /"
sd,A,"not/RB really/RB ,/,","not really, /"
sv,A,"they/PRP were/VBD pretty/RB much/JJ thugs/NNS ,/,","they were pretty much thugs, /"
sv,A,"they/PRP were/VBD n't/RB scared/JJ very/RB much/RB ,/, you/PRP know/VBP ./.","they weren't scared very much, {D you know } <laughter>. /"
ba,B,"Well/UH ,/, that/DT 's/BES good/JJ ,/,","{D Well, } that's good, /"
qy^d,B,"well/UH ,/, they/PRP 're/VBP Brooklyn/NNP boys/NNS ,/, I/PRP guess/VBP ./.","{D well, } they're Brooklyn boys, I guess. /"
b,A,Yeah/UH,Yeah /
x,A,./.,<laughter>.
sv,B,"You/PRP do/VBP n't/RB expect/VB them/PRP to/TO be/VB ,/, uh/UH ,/, much/JJ of/IN anything/NN but/CC thugs/NNS ./.","You don't expect them to be, {F uh, } much of anything but thugs. /"
b,A,Really/UH ./.,Really. /
b,B,"Yeah/UH ,/,","Yeah, /"
sd,B,"I/PRP ,/, I/PRP was/VBD ,/, I/PRP was/VBD also/RB born/VBN in/IN Brooklyn/NNP ,/,","[ [ I, + I was, ] + I was ] also born in Brooklyn, /"
sd,B,"so/RB I/PRP can/MD call/VB myself/PRP a/DT Brooklyn/NNP thug/NN ,/, although/IN I/PRP 'm/VBP really/RB not/RB ./.","{C so } I can call myself a Brooklyn thug, although I'm really not. /"
b,A,"Okay/UH ,/,","Okay, /"
b,A,okay/UH ./.,okay. /
sd,A,"Well/UH ,/, I/PRP 'm/VBP not/RB to/TO say/VB that/IN all/DT folks/NNS from/IN Brooklyn/NNP are/VBP thugs/NNS ,/,","{D Well, } I'm not to say that all folks from Brooklyn are thugs, /"
%,A,but/CC,{C but } /
sv,A,"these/DT two/CD were/VBD definitely/RB thugs/NNS ,/,","these two were definitely thugs, /"
sd,A,and/CC they/PRP were/VBD from/IN Brooklyn/NNP ./.,{C and } they were from Brooklyn <laughter>. /
x,B,,<Laughter>.
sd,A,"So/RB I/PRP 'm/VBP kind/RB of/RB hoping/VBG ,/,","{C So } I'm kind of hoping, - /"
sd,A,"I/PRP ,/, I/PRP ,/, I/PRP guess/VBP ,/, uh/UH ,/, any/DT more/JJR","[ [ I, + I, ] + I ] guess, {F uh, } any more - /"
sd,A,I/PRP pretty/RB much/JJ pull/VBP for/IN the/DT Rangers/NNPS though/RB ./.,I pretty much pull for the Rangers though. /
sd,A,"They/PRP 're/VBP ,/, uh/UH ,/, they/PRP 're/VBP ,/, they/PRP 're/VBP they/PRP ,/, they/PRP have/VBP ,/, I/PRP think/VBP they/PRP have/VBP the/DT best/JJS facilities/NNS in/IN the/DT major/JJ leagues/NNS ./.","[ [ [ [ [ They're, + {F uh, } they're, ] + they're ] they, ] + they have, ] + I think they have ] the best facilities in the major leagues. /"
b,B,Yeah/UH ./.,Yeah. /
sd,A,I/PRP love/VBP going/VBG to/TO watch/VB a/DT game/NN in/IN Arlington/NNP stadium/NN ./.,I love going to watch a game in Arlington stadium. /
sd,A,It/PRP 's/BES great/JJ ./.,It's great. /
%,B,"Well/UH ,/, that/DT ,/, that/DT 's/BES","<Laughter> {D Well, } [ that, + that's ] - /"
sd,B,"actually/UH ,/, I/PRP think/VBP I/PRP make/VBP something/NN ,/, because/IN I/PRP think/VBP ,/,","{D actually, } I think I make something, because I think, - /"
sd,B,"and/CC ,/, and/CC ,/, and/CC in/IN as/RB much/JJ as/IN sort/NN of/IN fan/NN support/NN helps/VBZ ./.","[ [ {C and, } + {C and, } ] + {C and } ] in as much as sort of fan support helps. /"
b,A,Yeah/UH ./.,Yeah. /
sv,B,"You/PRP know/VBP ,/, it/PRP 's/BES good/JJ to/TO have/VB ,/, um/UH ,/,","{D You know, } it's good to have, {F um, } -/"
sv,A,The/DT only/JJ problem/NN is/VBZ it/PRP 's/BES not/RB large/JJ enough/RB ./.,The only problem is it's not large enough. /
sd,A,"It/PRP only/RB holds/VBZ about/RB ,/,","It only holds about, - /"
sd,A,"I/PRP think/VBP they/PRP ,/, when/WRB Ryan/NNP struck/VBD out/RP his/PRP$ five/CD thousandth/JJ player/NN ,/, they/PRP squeezed/VBD about/RB forty/CD thousand/CD people/NNS in/IN there/RB ./.","I think they, when Ryan struck out his five thousandth player, they squeezed about forty thousand people in there. /"
aa,B,"Yes/UH ,/,","Yes, /"
aa,B,it/PRP is/VBZ kind/RB of/RB small/JJ ./.,it is kind of small. /
b,A,"Yeah/UH ,/,","Yeah, /"
sd,A,"so/RB they/PRP 're/VBP ,/, they/PRP ,/, they/PRP have/VBP plans/NNS ,/,","{C so } [ [ they're, + they, ] + they ] have plans, - /"
sd,A,"I/PRP mean/VBP ,/, the/DT owner/NN tried/VBD to/TO move/VB them/PRP to/IN Florida/NNP --/:","{E I mean, } the owner tried to move them to Florida -- /"
b,B,Right/UH ./.,Right. /
sd,A,"--/: but/CC ,/, uh/UH ,/, they/PRP ended/VBD up/RP sticking/VBG around/IN in/IN Arlington/NNP ,/,","-- {C but, } {F uh, } they ended up sticking around in Arlington, /"
sd,A,"and/CC they/PRP 're/VBP going/VBG to/TO build/VB a/DT new/JJ stadium/NN in/IN Arlington/NNP ,/, as/IN a/DT matter/NN of/IN fact/NN ,/, not/RB even/RB in/IN Dallas/NNP ,/,","{C and } they're going to build a new stadium in Arlington, as a matter of fact, not even in Dallas, /"
ba,B,"Oh/UH ,/, that/DT 's/BES great/JJ ./.","{F Oh, } that's great. /"
%,B,"So/RB ,/,","{C So, } -/"
sd,A,"So/RB that/DT 's/BES ,/, that/DT 's/BES something/NN that/WDT we/PRP 're/VBP looking/VBG forward/RB to/TO ./.","{C So } [ that's, + that's ] something that we're looking forward to. /"
b,B,"Yeah/UH ,/,","Yeah, /"
sd,B,"that/DT 'll/MD be/VB nice/JJ ,/,","that'll be nice, /"
sd,B,"I/PRP mean/VBP ,/, that/IN ,/, that/IN ,/, I/PRP think/VBP ,/, tends/VBZ to/TO keep/VB ,/,","{E I mean, } [ that, + that, ] I think, tends to keep, - /"
sv,B,I/PRP think/VBP stadiums/NNS MUMBLEx/XX work/NN tend/VBP to/TO keep/VB people/NNS happy/JJ ./.,I think stadiums (( )) work tend to keep people happy. /
aa,A,"Oh/UH ,/, case/NN in/IN point/NN ,/, Toronto/NNP ./.","{F Oh, } case in point, Toronto. /"
aa,B,"Yeah/UH ,/,","Yeah, /"
aa,B,exactly/UH ./.,exactly. /
b,A,"Yeah/UH ,/,","Yeah, /"
qy,A,have/VBP you/PRP seen/VBN a/DT game/NN up/IN there/RB ?/.,have you seen a game up there? /
ng,B,"Uh/UH ,/, I/PRP have/VBP n't/RB been/VBN to/IN any/DT Toronto/NNP games/NNS yet/RB ./.","{F Uh, } I haven't been to any Toronto games yet. /"
%,B,"But/CC ,/, um/UH ,/,","{C But, } {F um, } -/"
sd,A,"Oh/UH ,/, boy/NN ,/, I/PRP saw/VBD it/PRP ,/, I/PRP was/VBD up/IN there/RB on/IN business/NN ,/, uh/UH ,/, last/JJ June/NNP and/CC watched/VBD a/DT game/NN in/IN the/DT sky/NNP dome/NNP ./.","{F Oh, } boy, I saw it, I was up there on business, {F uh, } last June and watched a game in the sky dome. /"
sd,A,It/PRP was/VBD just/RB phenomenal/JJ ./.,It was just phenomenal. /
sv,A,"That/DT 's/BES ,/, that/DT 's/BES probably/RB the/DT pattern/NN for/IN the/DT future/NN of/IN stadiums/NNS ,/, I/PRP think/VBP ./.","[ That's, + that's ] probably the pattern for the future of stadiums, I think. /"
aa,B,"Of/IN stadiums/NNS ,/, yeah/UH ,/,","Of stadiums, yeah, /"
sd,B,"well/UH ,/, I/PRP ,/, I/PRP mean/VBP to/TO get/VB up/IN there/RB ./.","{D well, } {E [ I, + I ] mean } to get up there. - /"
sd,B,"I/PRP mean/VBP ,/, the/DT ,/, the/DT best/JJS I/PRP 've/VBP been/VBN up/IN here/RB so/RB far/RB ,/, you/PRP know/VBP ,/, up/IN ,/, in/IN up/GW state/^JJ New/NNP York/NNP --/:","{E I mean, } [ the, + the ] best I've been up here so far, {D you know, } [ up, + in up ] state New York --"
b,A,Uh-huh/UH ./.,Uh-huh. /
+,B,"--/: is/VBZ ,/, uh/UH ,/, is/VBZ ,/, um/UH ,/, Rochester/NNP Red/NNP Wings/NNPS game/NN ./.","-- is, {F uh, } is, {F um, } Rochester Red Wings game. /"
qy,A,"Now/RB is/VBZ Rochester/NNP ,/,","{D Now } is Rochester, - /"
qw,A,"where/WRB ,/, where/WRB is/VBZ Cornell/NNP University/NNP ./.","[ where, + where ] is Cornell University. /"
sd,B,"Oh/UH ,/, Cornell/NNP is/VBZ in/IN Ithaca/NNP ./.","{F Oh, } Cornell is in Ithaca. /"
b^m,A,Ithaca/NNP ./.,Ithaca. /
b,B,"Uh/UH ,/, yeah/UH ,/,","{F Uh, } yeah, /"
sd,B,"so/RB Cornell/NNP is/VBZ about/RB ,/, um/UH ,/, somewhere/RB ,/, uh/UH ,/, about/RB two/CD and/CC a/DT half/NN hours/NNS south/RB of/IN ,/, south/RB and/CC east/RB of/IN us/PRP ./.","{C so } Cornell is about, {F um, } somewhere, {F uh, } about two and a half hours [ south of, + south ] and east of us. /"
b,A,Okay/UH ./.,Okay. /
sd,B,So/RB if/IN you/PRP know/VBP where/WRB Lake/NNP Ontario/NNP is/VBZ sort/RB of/RB ./.,{C So } if you know where Lake Ontario is sort of. -/
b,A,"Yeah/UH ,/,","Yeah, /"
qy,A,"well/UH Rochester/NNP is/VBZ like/UH right/RB on/IN the/DT shores/NNS ,/, is/VBZ n't/RB it/PRP ?/.","{D well } Rochester is {D like } right on the shores, isn't it? /"
ny,B,"Yeah/UH ,/,","Yeah, /"
sd,B,we/PRP 're/VBP about/RB ten/CD miles/NNS south/RB of/IN Lake/NNP Ontario/NNP ./.,we're about ten miles south of Lake Ontario. /
b,A,"Yeah/UH ,/,","Yeah, /"
b,A,okay/UH ./.,okay. /
sv,B,"Actually/UH whoever/WP built/VBD the/DT city/NN was/VBD an/DT idiot/NN ,/, in/IN my/PRP$ opinion/NN ,/,","{D Actually } whoever built the city was an idiot, in my opinion,"
x,A,,<Laughter>.
+,B,"because/IN they/PRP built/VBD it/PRP ,/, they/PRP built/VBD it/PRP far/RB enough/RB from/IN the/DT city/NN that/IN it/PRP actually/UH could/MD n't/RB be/VB a/DT port/NN city/NN ./.","because [ they built it, + they built it ] far enough from the city that it actually couldn't be a port city. /"
b,A,"Oh/UH ,/,","{F Oh, } /"
%,B,"Um/UH ,/, but/CC they/PRP ,/,","{F Um, } {C but } they, -/"
sv,A,"Well/UH ,/, they/PRP say/VBP that/IN from/IN that/DT space/NN needle/NN up/IN in/IN Toronto/NNP you/PRP can/MD see/VB the/DT lights/NNS of/IN Rochester/NNP on/IN a/DT clear/JJ night/NN ./.","{D Well, } they say that from that space needle up in Toronto you can see the lights of Rochester on a clear night. /"
sd,B,"Oh/UH ,/, really/UH ,/, I/PRP ne-/RB ,/, I/PRP had/VBD n't/RB actually/UH known/VBN that/DT ./.","{F Oh, } {D really, } [ I ne-, + I ] hadn't actually known that. /"
b,A,Yeah/UH ./.,Yeah. /
sd,B,"Well/UH ,/, um/UH ,/, but/CC we/PRP have/VBP our/PRP$ own/JJ ,/, um/UH ,/, our/PRP$ own/JJ triple/JJ A/SYM team/NN here/RB --/:","{D Well, } {F um, } {C but } we have [ our own, + {F um, } our own ] triple A team here -- /"
b,A,Yeah/UH ./.,Yeah. /
sd,B,"--/: the/DT Redwings/NNPS ,/, which/WDT are/VBP --/:","-- the Redwings, [ which are + --"
b,A,"Yeah/UH ,/,","Yeah, /"
b,A,okay/UH ./.,okay. /
+,B,--/: they/PRP 're/VBP a/DT farm/NN team/NN for/IN the/DT Orioles/NNPS ./.,-- they're ] a farm team for the Orioles. /
b,A,Yeah/UH ./.,Yeah. /
sd,B,"So/RB everybody/NN hopes/VBZ that/IN ,/, uh/UH ,/, they/PRP go/VBP all/PDT the/DT way/NN around/IN here/RB ./.","{C So } everybody hopes that, {F uh, } they go all the way around here. /"
%,B,"There/EX 's/BES the/DT ,/,","There's the, - /"
sd,B,they/PRP 're/VBP the/DT big/JJ team/NN in/IN Rochester/NNP ./.,they're the big team in Rochester. /
sv,A,Those/DT games/NNS are/VBP fun/JJ to/TO watch/VB ./.,Those games are fun to watch. /
qy,A,"You/PRP ,/, you/PRP ,/, you/PRP watch/VBP those/DT games/NNS ?/.","[ [ You, + you, ] + you ] watch those games? /"
ny,B,"Oh/UH ,/, yeah/UH ,/,","{F Oh, } yeah, /"
%,B,I/PRP,I - /
sd,B,"actually/UH ,/, we/PRP ,/, we/PRP ,/, we/PRP make/VBP a/DT point/NN of/IN going/VBG to/IN a/DT bunch/NN of/IN them/PRP every/DT year/NN because/IN they/PRP 're/VBP fun/NN ./.","{D actually, } [ [ we, + we, ] + we ] make a point of going to a bunch of them every year because they're fun. /"
b,A,Yeah/UH ./.,Yeah. /
sd,B,"Lots/NNS of/IN really/RB big/JJ ,/,","Lots of really big, - /"
sd,B,"you/PRP know/VBP ,/, lots/NNS of/IN local/JJ fans/NNS ,/, you/PRP know/VBP ,/, small/JJ stadium/NN ,/, you/PRP know/VBP ,/, um/UH ,/,","{D you know, } lots of local fans, {D you know, } small stadium, {D you know, } {F um, } /"
sd,B,"and/CC they/PRP 'll/MD get/VB a/DT crowd/NN of/IN less/JJR than/IN ten/CD thousand/CD sometimes/RB ,/, you/PRP know/VBP --/:","{C and } they'll get a crowd of less than ten thousand sometimes, {D you know } -- /"
b,A,"Uh-huh/UH ,/,","Uh-huh, /"
b,A,uh-huh/UH ./.,uh-huh. /
"fo_o_fw_""_by_bc",B,"--/: um/UH ,/, especially/RB ,/,","-- {F um, } especially, - /"
sd,B,"you/PRP know/VBP ,/, I/PRP 'll/MD make/VB a/DT day/NN game/NN or/CC something/NN ./.","{D you know, } I'll make a day game or something. /"
b,A,Yeah/UH ./.,Yeah. /
sd,B,"But/CC they/PRP really/RB seem/VBP to/TO ,/, uh/UH ,/,","{C But } they really seem to, {F uh, } - /"
sd,B,people/NNS really/RB get/VBP into/RP it/PRP ./.,people really get into it. /
sd,B,"I/PRP mean/VBP ,/, I/PRP ca/MD n't/RB ,/, I/PRP ,/, I/PRP ,/, again/RB ,/, I/PRP ca/MD n't/RB make/VB any/DT predictions/NNS about/IN them/PRP ,/,","{E I mean, } [ [ I can't, + [ I, + I, ] + again, I can't ] make any predictions about them, /"
b,A,"Yeah/UH ,/,","<Laughter> Yeah, /"
sd,A,"we/PRP used/VBD to/TO like/VB watching/VBG ,/,","we used to like watching, - /"
sd,A,"my/PRP$ ,/, my/PRP$ folks/NNS lived/VBD down/IN in/IN Beaumont/NNP ,/,","[ my, + my ] folks lived down in Beaumont, /"
sd,A,"and/CC ,/, uh/UH ,/, on/IN the/DT campus/NN of/IN Lamar/NNP University/NNP they/PRP used/VBD to/TO house/VB the/DT Beaumont/NNP Golden/NNP Gators/NNPS who/WP were/VBD a/DT double/JJ A/SYM team/NN for/IN the/DT Padres/NNPS ,/, I/PRP think/VBP ,/,","{C and, } {F uh, } on the campus of Lamar University they used to house the Beaumont Golden Gators who were a double A team for the Padres, I think, /"
sd,A,"but/CC ,/, uh/UH ,/, they/PRP ,/, they/PRP were/VBD fun/JJ games/NNS to/TO watch/VB ./.","{C but, } {F uh, } [ they, + they ] were fun games to watch. /"
sv,B,"Those/DT are/VBP ,/, those/DT are/VBP ,/, uh/UH ,/, I/PRP think/VBP those/DT are/VBP more/JJR fun/NN than/IN major/JJ league/NN games/NNS sometimes/RB ./.","[ [ Those are, + those are, ] + {F uh, } I think those are ] more fun than major league games sometimes. /"
aap_am,A,"Someti-/XX ,/,","Someti-, - /"
sv,A,"well/UH ,/, there/EX 's/BES definitely/RB a/DT lot/NN more/JJR hitting/VBG ./.","{D well, } there's definitely a lot more hitting <laughter>. /"
aa,B,"Yes/UH ,/,","Yes, /"
aa,B,it/PRP 's/BES true/JJ ./.,it's true. /
x,A,,<Laughter>.
sv,B,One/CD of/IN the/DT advantages/NNS of/IN not/RB having/VBG pitchers/NNS who/WP are/VBP --/:,One of the advantages of not having pitchers who are -- -/
b,A,Yeah/UH ./.,Yeah. /
sv,B,"--/: uh/UH ,/, uh/UH ,/, you/PRP know/VBP ,/, I/PRP guess/VBP ,/, I/PRP guess/VBP when/WRB you/PRP start/VBP pitching/VBG real/RB well/RB ,/, well/UH ,/, move/VB them/PRP up/RP ./. Bam/UH MUMBLEx/XX ./.","-- {F uh, } {F uh, } {D you know, } [ I guess, + I guess ] when you start pitching real well, {D well, } move them up. {D Bam } (( )) . /"
b,A,Yeah/UH ./.,Yeah. /
b,B,"Yeah/UH ,/,","Yeah, /"
%,B,but/CC um/UH ./.,{C but } {F um. } -/
sd,A,"So/RB as/RB far/RB as/IN the/DT major/JJ league/NN teams/NNS ,/, I/PRP do/VBP n't/RB know/VB ,/, the/DT Rangers/NNPS have/VBP been/VBN ,/,","{C So } as far as the major league teams, <barking> I don't know, the Rangers have been, - /"
sd,A,"you/PRP know/VBP ,/, every/DT year/NN they/PRP always/RB knock/VBP on/IN the/DT door/NN early/JJ ,/, and/CC then/RB just/RB go/VBP into/IN their/PRP$ skid/NN about/RB ,/, you/PRP know/VBP ,/, the/DT end/NN of/IN June/NNP ./.","{D you know, } every year they always knock on the door early, and then just go into their skid about, {D you know, } the end of June. /"
x,B,,<Laughter>.
sd,A,"But/CC they/PRP ,/, they/PRP 've/VBP got/VBN so/RB much/JJ young/JJ ,/, raw/JJ talent/NN ,/,","{C But } [ they, + they've ] got so much young, raw talent, /"
sd,A,"it/PRP 's/BES just/RB amazing/JJ ,/,","it's just amazing, /"
sd,A,and/CC then/RB they/PRP just/RB have/VBP n't/RB been/VBN able/JJ to/TO put/VB anything/NN together/RB ./.,{C and then } they just haven't been able to put anything together. /
sv,B,"Well/UH ,/, the/DT way/NN I/PRP ,/, the/DT way/NN I/PRP see/VBP it/PRP ,/, is/VBZ ,/,","{D Well, } [ the way I, + the way I ] see it, is, - /"
sd,B,"I/PRP mean/VBP ,/, um/UH ,/, you/PRP know/VBP ,/, I/PRP can/MD use/VB a/DT Met/NNP analogy/NN here/RB ./.","{E I mean, } {F um, } {D you know, } I can use a Met analogy here. /"
b,A,Uh-huh/UH ./.,Uh-huh. /
sd,B,"If/IN you/PRP 'll/MD think/VB back/RB a/DT few/JJ years/NNS to/IN when/WRB the/DT Mets/NNPS were/VBD just/RB all/PDT this/DT sort/RB of/RB young/JJ bunch/NN of/IN guys/NNS who/WP really/RB were/VBD raw/JJ talent/NN but/CC were/VBD n't/RB very/JJ sort/RB of/RB ,/, well/RB trained/JJ --/:","If you'll think back a few years to when the Mets were just all this sort of young bunch of guys who really were raw talent but weren't very sort of, well trained --/"
b,A,Yeah/UH ./.,Yeah. /
sd,B,"--/: you/PRP know/VBP ,/, back/RB to/IN ,/, you/PRP know/VBP ,/, maybe/RB eighty/CD ,/, eighty-four/CD or/CC eighty-three/CD --/:","-- {D you know, } back to, {D you know, } maybe eighty, eighty-four or eighty-three --"
b,A,Uh-huh/UH ./.,Uh-huh. /
+,B,"--/: or/CC eighty-five/CD ,/, you/PRP know/VBP ,/, when/WRB they/PRP were/VBD first/JJ ,/, when/WRB they/PRP were/VBD n't/RB quite/RB the/DT eighty-six/CD team/NN that/IN ,/, that/IN ,/, that/IN they/PRP were/VBD ./.","-- or eighty-five, {D you know, } [ when they were first, + when they weren't ] quite the eighty-six team [ [ that, + that, ] + that ] they were. /"
b,A,Right/UH ./.,Right. /
%,B,"I/PRP ,/, I/PRP ,/,","[ I, + I, ] - /"
sv,B,"that/DT probably/RB gives/VBZ the/DT readers/NNS a/DT good/JJ shot/NN for/IN you/PRP this/DT year/NN or/CC next/JJ year/NN ,/, I/PRP think/VBP ,/, if/IN ,/, I/PRP think/VBP ,/, the/DT young/JJ talent/NN really/RB just/RB has/VBZ to/TO build/VB itself/PRP up/RP ./.","that probably gives the readers a good shot for you this year or next year, [ I think, + if, I think, + the young talent really just has to build itself up. /"
b,A,"Yeah/UH ,/,","Yeah, /"
sd,A,"I/PRP mean/VBP ,/, they/PRP 've/VBP been/VBN ,/, they/PRP 've/VBP been/VBN young/JJ for/IN a/DT while/NN ,/,","{E I mean, } [ they've been, + they've been ] young for a while, /"
sd,A,"and/CC they/PRP 're/VBP almo-/RB ,/, almost/RB starting/VBG to/TO age/VB a/DT little/JJ bit/NN here/RB ,/,","{C and } they're [ almo-, + almost ] starting to age a little bit here, /"
%,A,"I/PRP just/RB ,/, um/UH ./.","I just, {F um. } -/"
x,B,,<Laughter>.
b,A,"Yeah/UH ,/,","Yeah, /"
b,A,"yeah/UH ,/,","yeah, /"
sd,A,"they/PRP ,/, they/PRP really/RB hurting/VBG pitching/NN wise/JJ ./.","[ they, + they ] really hurting pitching wise. /"
sd,A,"I/PRP mean/VBP ,/, they/PRP 've/VBP got/VBN Ryan/NNP ,/,","{E I mean, } they've got Ryan, /"
qh,A,"but/CC ,/, you/PRP know/VBP ,/, who/WP knows/VBZ what/WP he/PRP 'll/MD be/VB able/JJ to/TO do/VB ./.","{C but, } {D you know, } who knows what he'll be able to do. /"
sd,A,"He/PRP 's/HVS been/VBN ,/,","He's been, - /"
sd,A,"last/JJ year/NN he/PRP started/VBD having/VBG some/DT nagging/JJ injuries/NNS ,/,","last year he started having some nagging injuries, /"
sd,A,and/CC --/:,[ {C and } -- +
aa,B,"Right/UH ,/,","Right, /"
%,B,but/CC ./.,{C but. } -/
+,A,"--/: but/CC ,/, it/PRP 'll/MD ,/, it/PRP 'll/MD be/VB interesting/JJ to/TO watch/VB ./.","-- {C but, } ] [ it'll, + it'll ] be interesting to watch. /"
sd,A,I/PRP hope/VBP to/TO get/VB up/IN there/RB ./.,I hope to get up there. /
sd,A,"We/PRP ,/, we/PRP usually/RB try/VBP to/TO get/VB to/IN opening/NN day/NN game/NN ./.","[ We, + we ] usually try to get to opening day game. /"
sd,A,There/EX 's/BES several/JJ guys/NNS from/IN our/PRP$ church/NN try/VBP to/TO go/VB up/IN there/RB ./.,There's several guys from our church try to go up there. /
ba,B,"Oh/UH ,/, that/DT must/MD be/VB nice/JJ ./.","{F Oh, } that must be nice. /"
b,A,"Yeah/UH ,/,","Yeah, /"
sd,A,"well/UH ,/, I/PRP ,/, I/PRP guess/VBP we/PRP 're/VBP probably/RB ,/, oh/UH ,/, maybe/RB a/DT hundred/CD fifty/CD miles/NNS south/RB of/IN Dallas/NNP ./.","{D well, } [ I, + I ] guess we're [ probably, + {F oh, } maybe ] a hundred fifty miles south of Dallas. /"
aa,A,"No/UH ,/,","No, /"
aa,A,"not/RB too/RB bad/JJ ,/,","not too bad, /"
sd,A,"but/CC it/PRP takes/VBZ about/RB two/CD hours/NNS ,/, two/CD and/CC a/DT half/NN hours/NNS to/TO get/VB there/RB ./.","{C but } it takes about two hours, two and a half hours to get there. /"
b,B,"Yeah/UH ,/,","Yeah, /"
sd,B,well/UH it/PRP takes/VBZ me/PRP a/DT good/JJ seven/CD hours/NNS to/TO get/VB to/IN Shay/NNP Stadium/NNP ./.,{D well } it takes me a good seven hours to get to Shay Stadium. /
x,A,,<Laughter>.
h,B,"So/RB ,/, I/PRP do/VBP n't/RB know/VB ./.","{C So, } I don't know. /"
sv,A,That/DT 's/BES probably/RB because/IN of/IN the/DT roads/NNS ./.,That's probably because of the roads. /
sd,A,"You/PRP just/RB do/VBP n't/RB have/VB ,/,","You just don't have, - /"
sd,A,"we/PRP ,/, we/PRP 've/VBP just/RB got/VBN a/DT freeway/NN ./.","[ we, + we've ] just got a freeway. /"
sd,A,We/PRP just/RB get/VBP right/RB on/IN the/DT freeway/NN and/CC just/RB go/VBP north/RB ./.,We just get right on the freeway and just go north. /
b,B,"Yeah/UH ,/,","Yeah, /"
aap_am,B,"well/UH ,/, actually/UH ,/, we/PRP can/MD ,/, we/PRP can/MD ,/, I/PRP can/MD take/VB a/DT highway/NN the/DT whole/JJ way/NN down/RB ,/,","{D well, } {D actually, } [ [ we can, + we can, ] + I can ] take a highway the whole way down, /"
sd,B,"but/CC it/PRP 's/BES still/RB ,/, it/PRP 's/BES some/DT --/:","{C but } [ [ [ it's still, + it's some -- ] +"
sv,A,"Well/UH ,/, it/PRP 's/BES so/RB crowded/JJ up/IN there/RB ./.","{D Well, } it's so crowded up there. /"
+,B,"--/: it/PRP 's/BES ,/, it/PRP 's/BES almost/RB four/CD hundred/CD hou-/XX ,/,","-- it's, ] + it's ] almost four hundred hou-, - /"
sv,B,"I/PRP mean/VBP ,/, I/PRP mean/VBP ,/, it/PRP 's/BES almost/RB four/CD hundred/CD ,/,","{E I mean, } {E I mean, } it's almost four hundred, - /"
sd,B,"you/PRP know/VBP ,/, barring/VBG traffic/NN ,/, it/PRP 's/BES four/CD hundred/CD hours/NNS ,/,","{D you know, } barring traffic, it's four hundred hours, /"
sd,B,"I/PRP mean/VBP ,/, four/CD hundred/CD mil-/XX ,/,","{E I mean, } four hundred mil-, - /"
sd,B,"four/CD hundred/CD hours/NNS ,/,","four hundred hours, /"
t1,B,"right/UH ,/,","right, /"
sd,B,four/CD hundred/CD miles/NNS --/:,<laughter> four hundred miles --
ba,A,Golly/UH ./.,Golly. /
+,B,"--/: barring/VBG traffic/NN ,/,","-- barring traffic, /"
sv,B,"so/RB ,/, it/PRP 's/BES ,/, um/UH ,/, it/PRP 's/BES ,/, it/PRP 's/BES ,/, you/PRP know/VBP ,/, it/PRP 's/BES a/DT heck/NN of/IN a/DT drive/NN ./.","{C so, } [ [ [ it's, + {F um, } it's, ] + it's, ] + {D you know, } it's ] a heck of a drive. /"
sv,B,"We/PRP are/VBP substantially/RB north/RB of/IN New/NNP York/NNP enough/RB that/IN ,/, uh/UH --/:","We are substantially north of New York enough that, {F uh } --"
b,A,Yeah/UH ./.,Yeah. /
+,B,--/: we/PRP do/VBP n't/RB get/VB to/TO go/VB play/VB --/:,-- we don't get to go play --
+,B,--/: too/RB often/RB ./.,-- too often. /
sd,A,"you/PRP 're/VBP ,/, you/PRP 're/VBP like/IN a/DT boat/NN ride/NN from/IN ,/,","[ you're, + you're ] like a boat ride from, - /"
qw,A,how/WRB far/RB is/VBZ it/PRP across/IN the/DT lake/NN to/IN Canada/NNP ?/.,how far is it across the lake to Canada? /
"fo_o_fw_""_by_bc",B,Toronto/NNP ./.,Toronto. /
br,A,Toronto/NNP ?/.,Toronto? /
sd,B,"Oh/UH Toronto/NNP 's/BES only/RB about/RB two/CD hours/NNS ,/,","{F Oh } Toronto's only about two hours, /"
%,B,yeah/UH ./.,yeah. /
b,A,Yeah/UH ./.,Yeah. /
sd,B,"Toronto/NNP ,/, I/PRP mean/VBP ,/, I/PRP want/VBP to/TO go/VB see/VB ./.","Toronto, {E I mean, } I want to go see. /"
qy,A,"Do/VBP ,/, do/VBP you/PRP drive/VB there/RB ,/,","[ Do, + do ] you drive there, /"
qrr,A,"or/CC do/VBP you/PRP take/VB the/DT ferry/NN ,/, or/CC what/WP ?/.","{C or } do you take the ferry, or what? /"
na,B,"Um/UH ,/, I/PRP can/MD ,/,","{F Um, } I can, - /"
sd,B,"I/PRP 've/VB actually/UH I/PRP 've/VBP driven/VBN ,/,","[ I've + {D actually } I've ] driven, /"
sd,B,but/CC I/PRP 've/VBP heard/VBN about/IN the/DT ferry/NN as/IN well/RB ./.,{C but } I've heard about the ferry as well. /
b,A,Yeah/UH ./.,Yeah. /
sd,B,"Have/VBP n't/RB taken/VBN it/PRP yet/RB ,/, though/RB ./.","Haven't taken it yet, though. /"
qy,B,Have/VBP you/PRP taken/VBN it/PRP ?/.,Have you taken it? /
ny,A,"Yeah/UH ,/,","Yeah, /"
sd,A,"it/PRP 's/BES a/DT ,/, it/PRP 's/BES a/DT beautiful/JJ city/NN ./.","[ it's a, + it's a ] beautiful city. /"
b,B,"Yeah/UH ,/,","Yeah, /"
sv,B,"um/UH ,/, I/PRP ,/, I/PRP really/RB love/VBP ,/,","{F um, } [ I, + I ] really love, - /"
sv,B,"I/PRP think/VBP that/DT 's/BES one/CD of/IN the/DT most/RBS ,/, uh/UH ,/, enjoyable/JJ things/NNS about/IN being/VBG up/IN here/RB ./.","I think that's one of the most, {F uh, } enjoyable things about being up here. /"
sd,B,I/PRP 'm/VBP only/RB up/IN here/RB for/IN school/NN ./.,I'm only up here for school. /
b,A,Uh-huh/UH ./.,Uh-huh. /
qy,A,"So/RB ,/, and/CC then/RB ,/, I/PRP mean/VBP ,/, you/PRP go/VBP back/RB to/IN New/NNP York/NNP after/IN school/NN ?/.","[ {C So, } + {C and then, } ] {E I mean, } you go back to New York after school? /"
nn,B,"Uh/UH ,/, no/UH ,/,","{F Uh, } no, /"
sd,B,"probably/RB south/RB ,/, maybe/RB Texas/NNP ./.","probably south, maybe Texas <laughter>. /"
b,A,"Oh/UH ,/, really/UH ./.","{F Oh, } really. /"
sd,B,"Some/DT place/NN south/RB ,/, and/CC warm/JJ ,/,","Some place south, and warm, /"
sd,B,"I/PRP do/VBP n't/RB ,/,","I don't, - /"
sd,B,"I/PRP 'm/VBP not/RB a/DT big/JJ ,/, uh/UH ,/, I/PRP 'm/VBP not/RB a/DT big/JJ ,/, uh/UH ,/, cold/NN fan/NN ./.","[ I'm not a big, + {F uh, } I'm not a big, ] {F uh, } cold fan. /"
qw,A,"Well/UH ,/, what/WDT kind/NN of/IN weather/NN are/VBP you/PRP having/VBG right/RB now/RB ?/.","{D Well, } what kind of weather are you having right now? /"
sd,B,"Uh/UH ,/, right/RB now/RB we/PRP 're/VBP actually/RB having/VBG ,/, uh/UH ,/,","{F Uh, } right now we're actually having, {F uh, } - /"
sd,B,it/PRP 's/BES getting/VBG nice/JJ ./.,it's getting nice. /
sd,B,"I/PRP mean/VBP ,/, it/PRP was/VBD in/IN the/DT high/JJ fifties/NNS today/NN ,/,","{E I mean, } it was in the high fifties today, /"
sd,B,"but/CC three/CD and/CC a/DT half/NN weeks/NNS ago/RB ,/, we/PRP had/VBD an/DT ice/NN storm/NN ./.","{C but } three and a half weeks ago, we had an ice storm <laughter>. /"
ba,A,"Oh/UH ,/, boy/UH ,/,","{F Oh, } boy, /"
b,A,"yeah/UH ,/,","yeah, /"
sd,A,"we/PRP 've/VBP been/VBN up/IN in/IN the/DT ,/, oh/UH ,/, seventies/NNS ,/, eighties/NNS ,/, even/RB up/IN in/IN the/DT nineties/NNS a/DT couple/NN of/IN weeks/NNS ago/RB ./.","we've been up in the, {F oh, } seventies, eighties, even up in the nineties a couple of weeks ago. /"
ba,B,"Oh/UH ,/, that/DT 's/BES great/JJ ./.","{F Oh, } that's great. /"
sd,B,"You/PRP know/VBP ,/, about/IN that/DT same/JJ time/NN branches/NNS were/VBD falling/VBG off/RB everywhere/RB ,/,","{D You know, } about that same time branches were falling off everywhere, /"
sd,B,and/CC we/PRP were/VBD actually/RB in/IN a/DT state/NN of/IN emergency/NN for/IN two/CD weeks/NNS ./.,{C and } we were actually in a state of emergency for two weeks. /
ba,A,Golly/UH ./.,Golly. /
qy,A,Because/IN of/IN the/DT ice/NN ?/.,Because of the ice? /
^h,B,"Because/IN it/PRP ,/, did/VBD n't/RB make/VB the/DT nat-/XX ,/, national/JJ news/NN too/RB much/JJ ,/, which/WDT I/PRP find/VBP really/RB weird/JJ --/:","{C Because } it, didn't make the [ nat-, + national ] news too much, which I find really weird -- /"
b,A,Um/UH ./.,{F Um. } /
%,B,"--/: but/CC ,/, um/UH ,/, we/PRP were/VBD ,/, I/PRP mean/VBP ,/, um/UH ,/,","-- {C but, } {F um, } we were, {E I mean, } {F um, } - /"
sd,B,"you/PRP know/VBP ,/, all/DT schools/NNS were/VBD closed/VBN for/IN almost/RB ,/, for/IN over/IN ,/, for/IN a/DT week/NN ./.","{D you know, } all schools were closed [ [ for almost, + for over, ] + for ] a week. /"
ba,A,Golly/UH ./.,Golly. /
sd,B,There/EX were/VBD certain/JJ parts/NNS of/IN town/NN where/WRB it/PRP was/VBD illegal/JJ to/TO drive/VB ./.,There were certain parts of town where it was illegal to drive. /
b^m,A,"Huh/UH ,/, illegal/JJ ,/,","{F Huh, } illegal, /"
b,B,"Yeah/UH ,/,","Yeah, /"
sd,B,because/IN they/PRP had/VBD so/RB many/JJ power/NN lines/NNS down/RB --/:,{C because } they had so many power lines down -- /
ba,A,"Oh/UH ,/, yeah/UH ./.","{F Oh, } yeah. /"
sd,B,"--/: and/CC so/RB many/JJ ,/, uh/UH ,/, things/NNS like/IN that/DT ,/,","-- {C and so } many, {F uh, } things like that, - /"
sd,B,so/RB they/PRP were/VBD .../:,{C so } they were ... -/
