act_tag,speaker,pos,text
%,A,"Uh/UH ,/, I/PRP guess/VBP it/PRP 's/BES ,/, uh/UH ,/,","{F Uh, } I guess it's, {F uh, } - /"
sd,A,"watching/VBG the/DT ra-/XX ,/, the/DT T/NN V/NN today/RB there/EX had/VBD a/DT lot/NN of/IN stuff/NN on/IN ,/, on/IN ,/, uh/UH ,/, crime/NN ./.","watching [ the ra-, + the T V ] today there had a lot of stuff [ on, + on, ] {F uh, } crime. /"
sd,A,"In/IN our/PRP$ state/NN right/RB now/RB ,/, uh/UH ,/, recently/RB they/PRP 've/VBP had/VBN a/DT lot/NN of/IN ,/, uh/UH ,/, uh/UH ,/, the/DT rapists/NNS ,/, uh/UH ,/, murder/NN type/NN ,/, uh/UH ,/, killers/NNS going/VBG around/RB","In our state right now, {F uh, } recently they've had a lot of, {F uh, } {F uh, } the rapists, {F uh, } murder type, {F uh, } killers going around /"
%,A,and/CC --/:,{C and } --
ba,B,"Oh/UH ,/, gracious/JJ ./.","{F Oh, } gracious. /"
+,A,"--/: well/UH ,/, I/PRP ,/, I/PRP ,/,","-- {D well, } [ I, + I, ] - /"
sd,A,they/PRP 've/VBP caught/VBN them/PRP,they've caught them /
sd,A,"and/CC they/PRP ,/, they/PRP 're/VBP in/IN there/RB ./.","{C and } [ they, + they're ] in there. /"
b,B,Uh-huh/UH ./.,Uh-huh. /
qy,B,"Was/VBD n't/RB it/PRP your/PRP$ state/NN that/WDT had/VBD the/DT ,/, uh/UH ,/, guy/NN that/WDT committed/VBD all/PDT those/DT murders/NNS ?/.","Wasn't it your state that had the, {F uh, } guy that committed all those murders? /"
sd,B,"There/RB was/VBD that/DT ,/, uh/UH ,/,","There was that, {F uh, } -/"
ny,A,"Well/UH ,/, yeah/UH ,/,","{D Well, } yeah, /"
sd,A,"Wisconsin/NNP ,/, uh/UH ,/, and/CC Milwaukee/NNP area/NN ,/, you/PRP know/VBP ./.","Wisconsin, {F uh, } and Milwaukee area, {D you know. } /"
b,B,Yeah/UH ./.,Yeah. /
b,B,"Yeah/UH ,/,","Yeah, /"
sd,B,that/WDT was/VBD really/RB on/IN the/DT national/JJ news/NN a/DT lot/NN ./.,that was really on the national news a lot. /
sd,B,We/PRP heard/VBD a/DT lot/NN about/IN that/DT in/IN Texas/NNP ./.,We heard a lot about that in Texas. /
b,A,Yeah/UH ./.,Yeah. /
%,A,"So/RB that/DT 's/BES ,/,","{C So } that's, - /"
sd,A,"well/UH ,/, I/PRP ,/, I/PRP live/VBP right/RB on/IN the/DT border/NN of/IN Minnesota/NNP and/CC Wisconsin/NNP","{D well, } [ I, + I ] live right on the border of Minnesota and Wisconsin /"
sd,A,"so/RB I/PRP kind/RB of/RB get/VBP both/DT ,/, both/DT news/NN","{C so } I kind of get [ both, + both ] news /"
sd,A,"and/CC ,/, I/PRP know/VBP ,/, in/IN Minnesota/NNP ,/, uh/UH ,/, they/PRP had/VBD ,/, uh/UH ,/, the/DT one/NN that/WDT just/RB ,/, uh/UH ,/, got/VBD out/RP and/CC went/VBD after/IN a/DT ,/, uh/UH ,/, college/NN student/NN and/CC raped/VBD ,/,","{C and, } I know, in Minnesota, {F uh, } they had, {F uh, } the one that just, {F uh, } got out and went after a, {F uh, } college student and raped,"
b,B,Oh/UH ./.,Oh. /
+,A,and/CC killed/VBD her/PRP$,and killed her /
sv,A,"and/CC they/PRP are/VBP not/RB too/RB happy/JJ about/IN that/DT now/RB ,/, I/PRP guess/VBP ,/,","{C and } they are not too happy about that now, <<very faint>> I guess, /"
%,A,so/RB ./.,{C so. } -/
ba,B,"Well/UH ,/, I/PRP can/MD imagine/VB ./.","{D Well, } I can imagine. /"
%,A,There/RB ./.,(( There )) . -/
sv,B,It/PRP seems/VBZ like/IN the/DT violent/JJ crimes/NNS are/VBP increasing/VBG a/DT lot/NN to/IN me/PRP ./.,It seems like the violent crimes are increasing a lot to me. /
h,B,"I/PRP ,/, I/PRP do/VBP n't/RB know/VB ./.","[ I, + I ] don't know. /"
sd,B,I/PRP do/VBP n't/RB know/VB if/IN statistically/RB they/PRP are/VBP,I don't know if statistically they are /
sv,B,"but/CC it/PRP seems/VBZ like/IN you/PRP sure/RB hear/VBP a/DT ,/, maybe/RB you/PRP just/RB hear/VBP a/DT lot/NN more/JJR about/IN them/PRP on/IN the/DT news/NN","{C but } it seems like [ you sure hear a, + maybe you just hear a ] lot more about them on the news /"
h,B,I/PRP do/VBP n't/RB know/VB ./.,I don't know. /
b,A,"Yeah/UH ,/,","Yeah, /"
sd,A,"uh/UH ,/, that/DT 's/BES hard/JJ to/TO say/VB for/IN sure/JJ ./.","{F uh, } that's hard to say for sure. /"
sv,A,"I/PRP ,/, uh/UH ,/, sometimes/RB I/PRP wonder/VBP if/IN these/DT people/NNS are/VBP n't/RB do/VBP n't/RB it/PRP just/RB for/IN the/DT publicity/NN","[ I, + {F uh, } sometimes I ] wonder if these people [ aren't + don't ] it just for the publicity /"
sd,A,"and/CC ,/,","{C and, }"
sd,B,You/PRP wonder/VBP about/IN that/DT sometimes/RB ./.,You wonder about that sometimes. /
+,A,"They/PRP ,/, they/PRP get/VBP their/PRP$ names/NNS in/IN the/DT ,/, in/IN the/DT paper/NN","[ They, + they ] get their names [ in the, + in the ] paper /"
sd,A,and/CC they/PRP become/VBP big/JJ celebrities/NNS ./.,{C and } they become big celebrities. /
%,A,"But/CC ,/,","{C But, } -/"
b,B,Uh-huh/UH ./.,Uh-huh. /
sv,B,That/DT 's/BES kind/RB of/RB scary/JJ ./.,That's kind of scary. /
sv,B,"I/PRP ,/, I/PRP wish/VBP there/EX was/VBD some/DT way/NN that/IN we/PRP could/MD change/VB the/DT news/NN media/NNS so/IN they/PRP did/VBD n't/RB feature/VB these/DT way/NN out/RP stories/NNS ./.","[ I, + I ] wish there was some way that we could change the news media so they didn't feature these way out stories. /"
sv,B,Maybe/RB it/PRP would/MD n't/RB give/VB other/JJ people/NNS ideas/NNS ./.,Maybe it wouldn't give other people ideas. /
qy,A,"Well/UH ,/, uh/UH ,/, I/PRP know/VBP one/CD thin-/NN ,/, I/PRP ,/, I/PRP think/VBP Texas/NNP has/VBZ the/DT death/NN penalty/NN ,/, right/UH ?/.","{D Well, } {F uh, } I know one thin-, [ I, + I ] think Texas has the death penalty, right? /"
ny,B,"Yes/UH ,/,","Yes, /"
sd,B,we/PRP do/VBP ./.,we do. /
b,A,Yeah/UH ./.,Yeah. /
qy,B,Do/VBP you/PRP have/VBP it/PRP up/IN there/RB ?/.,Do you have it up there? /
nn,A,"No/UH ,/,","No, /"
nn,A,no/UH ./.,no. /
bk,B,I/PRP see/VBP ./.,I see. /
%,A,"See/UH I/PRP ,/, I/PRP no-/XX ,/, i-/XX ,/,","See [ I, + I ] no-, i-, -/"
qy,B,Do/VBP you/PRP think/VBP that/DT 's/BES a/DT deterrent/NN ?/.,Do you think that's a deterrent? /
ny,A,"Yeah/UH ,/,","Yeah, /"
sd,A,"well/UH ,/, it/PRP 's/BES ,/, it/PRP 's/BES ,/, it/PRP 's/BES not/RB going/VBG to/TO prevent/VB any/DT people/NNS from/IN doing/VBG it/PRP","{D well, } [ [ it's, + it's, ] + it's ] not going to prevent any people from doing it /"
sd,A,"but/CC ,/,","{C but, }"
x,B,,<Child>.
+,A,"the/DT person/NN that/WDT 's/BES caught/VBN ,/, he/PRP 'll/MD never/RB do/VB it/PRP again/RB if/IN he/PRP gets/VBZ the/DT death/NN penalty/NN ./.","the person that's caught, he'll never do it again if he gets the death penalty. /"
b,B,Yeah/UH ./.,Yeah. /
%,A,"And/CC that/DT 's/BES ,/,","{C And } that's, - /"
sv,A,"and/CC there/EX are/VBP a/DT lot/NN of/IN repeaters/NNS ./. Uh/UH ,/,","{C and } there are a lot of repeaters. {F Uh, } /"
b,B,Uh-huh/UH ./.,Uh-huh. /
sv,B,"I/PRP guess/VBP that/DT 's/BES another/DT thing/NN that/WDT to/IN me/PRP is/VBZ a/DT ,/, a/DT real/JJ problem/NN ,/,","I guess that's another thing that to me is [ a, + a ] real problem, /"
sd,B,"and/CC I/PRP know/VBP we/PRP have/VBP got/VBN so/RB many/JJ people/NNS in/IN our/PRP$ prison/NN system/NN now/RB ,/, at/IN least/JJS here/RB in/IN Texas/NNP --/:","{C and } I know we have got so many people in our [ prison + ] system now, at least here in Texas -- /"
b,A,Yeah/UH ./.,Yeah. /
sd,B,"--/: I/PRP mean/VBP ,/, they/PRP are/VBP really/RB in/IN a/DT crisis/NN ./.","-- {E I mean, } they are really in a crisis. /"
sd,B,There/EX has/VBZ been/VBN times/NNS they/PRP have/VBP had/VBN to/TO just/RB close/VB off/RP the/DT prisons/NNS and/CC leave/VB them/PRP in/IN county/NN jails/NNS or/CC whatever/WP because/IN there/EX just/RB was/VBD n't/RB enough/JJ room/NN for/IN all/DT of/IN them/PRP ./.,There has been times they have had to just close off the prisons and leave them in county jails or whatever because there just wasn't enough room for all of them. /
b,A,Yeah/UH ./.,Yeah. /
sd,B,And/CC a/DT lot/NN of/IN them/PRP they/PRP put/VBP out/RB on/IN parole/NN,{C And } a lot of them they put out on parole /
sd,B,"and/CC then/RB some/DT of/IN the/DT ones/NNS that/WDT they/PRP put/VBP out/RB early/JJ ,/, you/PRP know/VBP ,/, do/VBP repeat/VB offenses/NNS","{C and then } some of the ones that they put out early, {D you know, } do repeat offenses /"
sd,B,"and/CC ,/,","{C and, }"
%,A,Huh/UH ./.,{F Huh. } /
+,B,the/DT crime/NN rate/NN is/VBZ the/DT worst/JJS than/IN ever/RB before/RB ./.,the crime rate is the worst than ever before. /
b,A,Yeah/UH ./.,Yeah. /
sv,A,"Well/UH ,/, some/DT ,/, I/PRP 'm/VBP just/RB wondering/VBG a/DT lot/NN of/IN times/NNS they/PRP will/MD put/VB ,/, uh/UH ,/, people/NNS ,/, lesser/JJR crimes/NNS in/IN ,/, uh/UH ,/, with/IN ,/, uh/UH ,/, people/NNS that/WDT did/VBD more/RBR severe/JJ crimes/NNS","{D Well, } some, I'm just wondering a lot of times they will put, {F uh, } people, lesser crimes in, {F uh, } with, {F uh, } people that did more severe crimes /"
sv,A,"than/IN they/PRP ,/, maybe/RB they/PRP just/RB tend/VBP to/TO learn/VB from/IN these/DT people/NNS","than [ they, + maybe they ] just tend to learn from these people /"
sv,A,"and/CC they/PRP ,/, and/CC when/WRB they/PRP get/VBP back/RB out/RB ,/, they/PRP just/RB go/VBP into/IN worse/JJR crimes/NNS ./.","[ {C and } they, + {C and } when they ] get back out, they just go into worse crimes. /"
sv,B,I/PRP think/VBP that/DT could/MD be/VB true/JJ too/RB ./.,I think that could be true too. /
sv,A,"Maybe/RB they/PRP should/MD try/VB and/CC separate/VB them/PRP a/DT little/JJ bit/NN more/JJR ./. Uh/UH ,/,","Maybe they should try and separate them a little bit more. {F Uh, } /"
sv,B,"I/PRP think/VBP the/DT whole/JJ parole/NN thing/NN ,/, you/PRP know/VBP ,/, if/IN somebody/NN is/VBZ convicted/VBN of/IN second-degree/JJ murder/NN or/CC something/NN gets/VBZ fifteen/CD years/NNS ,/, well/UH ,/, they/PRP are/VBP out/RB in/IN six/CD or/CC seven/CD ./. You/PRP know/VBP ,/, outbound/VBN on/IN the/DT streets/NNS again/RB ./.","I think the whole parole thing, {D you know, } if somebody is convicted of second-degree murder or something gets fifteen years, {D well, } they are out in six or seven. {D You know, } (( outbound on )) the streets again <laughter>. /"
b,A,Yeah/UH ./.,Yeah. /
sv,B,And/CC to/IN me/PRP that/DT 's/BES really/RB scary/JJ ./.,{C And } to me that's really scary. /
sv,B,"Some/DT of/IN these/DT crimes/NNS that/WDT they/PRP commit/VBP ,/, you/PRP know/VBP ,/, seems/VBZ like/IN the/DT punishment/NN is/VBZ not/RB really/RB equal/JJ to/IN the/DT crime/NN ./.","Some of these crimes that they commit, {D you know, } seems like the punishment is not really equal to the crime. /"
b,A,Uh-huh/UH ./.,Uh-huh. /
sv,A,"Well/UH ,/, uh/UH ,/, I/PRP do/VBP n't/RB know/VB with/IN ,/, with/IN my/PRP$ limited/JJ ,/, uh/UH ,/, psychology/NN background/NN I/PRP do/VBP have/VB ,/, I/PRP do/VBP n't/RB ,/, I/PRP do/VBP n't/RB even/RB feel/VB that/IN prisons/NNS and/CC stuff/NN are/VBP ,/, are/VBP the/DT answer/NN ./.","{D Well, } {F uh, } I don't know [ with, + with ] my limited, <noise> {F uh, } psychology background I do have, [ I don't, + I don't ] even feel that prisons and stuff [ are, + are ] the answer. /"
sv,A,"If/IN you/PRP want/VBP to/TO stop/VB the/DT crime/NN ,/, I/PRP think/VBP you/PRP 've/VBP got/VBN to/TO get/VB ,/, uh/UH ,/, the/DT people/NNS when/WRB they/PRP are/VBP kids/NNS ./.","If you want to stop the crime, I think you've got to get, {F uh, } the people when they are kids. /"
b,B,"Oh/UH ,/, yeah/UH ./.","{F Oh, } yeah. /"
sv,A,"A/DT lot/NN of/IN this/DT probably/RB just/RB starts/VBZ with/IN ,/, from/IN the/DT ,/, from/IN the/DT homes/NNS ./. Also/RB from/IN the/DT ,/, the/DT ,/, the/DT media/NNS ,/, the/DT T/NN V/NN -s/NNS ,/, the/DT ,/, uh/UH ,/,","A lot of this probably just starts [ [ with, + from the, ] + from the ] homes. Also from [ [ the, + the, ] + the ] media, the T V -s, [ the, + ] {F uh, } /"
b,B,Uh-huh/UH ./.,Uh-huh. /
sv,A,"all/PDT these/DT ,/, uh/UH ,/, gory/JJ movies/NNS on/IN there/RB becomes/VBZ ,/, uh/UH ,/, just/RB a/DT natural/JJ fact/NN of/IN life/NN ./.","all these, {F uh, } gory movies on there becomes, {F uh, } just a natural fact of life. /"
b,B,Uh-huh/UH ./.,Uh-huh. /
bf,B,They/PRP think/VBP it/PRP 's/BES okay/JJ thing/NN to/TO do/VB ./.,They think it's okay thing to do. /
aa,A,Yeah/UH ./.,Yeah. /
b^m,B,"Yeah/UH ,/,","Yeah, /"
sv,B,I/PRP think/VBP that/DT 's/BES a/DT very/RB good/JJ point/NN ./.,I think that's a very good point. /
%,B,"You/PRP know/VBP ,/, I/PRP ,/,","{D You know, } I, - /"
sd,B,"there/EX 's/BES a/DT lot/NN more/JJR working/VBG mothers/NNS ,/, a/DT lot/NN more/JJR kids/NNS in/IN day/NN care/NN centers/NNS all/PDT that/DT kind/NN of/IN thing/NN ./.","there's a lot more working mothers, a lot more kids in day care centers all that kind of thing. /"
sv,B,Morality/NN is/VBZ being/VBG taught/VBN more/JJR by/IN the/DT schools/NNS a/DT lot/NN of/IN times/NNS than/IN in/IN the/DT home/NN anymore/RB ./.,Morality is being taught more by the schools a lot of times than in the home anymore. /
%,B,"And/CC ,/,","{C And, } -/"
b,A,Uh-huh/UH ./.,Uh-huh. /
sd,A,"Well/UH ,/, a/DT lot/NN of/IN the/DT European/JJ countries/NNS ,/, uh/UH ,/, they/PRP tend/VBP to/TO sensor/VB ,/,","{D Well, } a lot of the European countries, {F uh, } they tend to sensor, - /"
sd,A,"well/UH ,/, they/PRP probably/RB wo/MD n't/RB sensor/VB so/RB much/JJ the/DT sexual/JJ stuff/NN as/RB much/JJ as/IN the/DT violent/JJ ./.","{D well, } they probably won't sensor so much the sexual stuff as much as the violent. /"
b,B,Uh-huh/UH ./.,Uh-huh. /
sd,A,And/CC they/PRP have/VBP a/DT lot/NN less/JJR crime/NN ./.,{C And } they have a lot less crime. /
%,B,Huh/UH ./.,{F Huh. } /
sv,A,"Some/DT of/IN ,/, some/DT of/IN those/DT European/JJ countries/NNS are/VBP ,/, are/VBP ,/, you/PRP can/MD leave/VB your/PRP$ ,/, your/PRP$ ,/, uh/UH ,/, doors/NNS open/JJ and/CC ,/, and/CC ,/, and/CC be/VB safe/JJ ./.","[ Some of, + some of ] those European countries [ are, + are, ] you can leave [ your, + your, ] {F uh, } doors open [ [ and, + and, ] + and ] be safe. /"
sv,A,"Uh/UH ,/, even/RB ,/, uh/UH ,/, I/PRP think/VBP New/NNP Zealand/NNP is/VBZ one/CD of/IN ,/, one/CD of/IN the/DT places/NNS ,/, uh/UH ,/, that/WDT ,/,","{F Uh, } even, {F uh, } I think New Zealand is [ one of, + one of ] the places, {F uh, } that, -/"
