act_tag,speaker,pos,text
qo,A,Do/VBP you/PRP have/VB any/DT particular/JJ thoughts/NNS about/IN the/DT school/NN system/NN ?/.,Do you have any particular thoughts about the school system? /
%,B,"Well/UH ,/, um/UH ,/, I/PRP ,/, I/PRP think/VBP that/IN in/IN ,/, in/IN ,/, uh/UH ,/,","<Noise> <<TV or radio>> {D Well, } {F um, } <<pause>> [ I, + <<pause>> I ] think that [ in, + in, ] {F uh, } - /"
%,B,"recently/RB with/IN the/DT ,/,","recently with the, - /"
sv,B,I/PRP 'm/VBP not/RB sure/JJ if/IN it/PRP 's/BES more/RBR a/DT problem/NN with/IN American/NNP families/NNS or/CC a/DT problem/NN with/IN the/DT school/NN system/NN ./.,I'm not sure if it's more a problem with American families or a problem with the school system. /
sv,B,"They/PRP seem/VBP to/TO be/VB burdening/VBG the/DT school/NN system/NN more/RBR and/CC more/RBR with/IN problems/NNS ,/, any/DT problems/NNS that/WDT a/DT child/NN might/MD have/VB ,/, whether/IN it/PRP 's/BES actually/RB a/DT school/NN related/VBN thing/NN or/CC not/RB","They seem to be burdening the school system more and more with problems, any problems that a child might have, whether it's actually a school related thing or not /"
%,B,"and/CC ,/,","{C and, }"
x,A,./.,<Laughter>.
+,B,I/PRP ./.,I. -/
aa,A,I/PRP say/VBP agree/VB with/IN you/PRP a/DT hundred/CD percent/NN there/RB ./.,I [ say + agree ] with you a hundred percent there <laughter>. /
b,B,"Yeah/UH ,/,","Yeah, /"
sv,B,"and/CC ,/, and/CC ,/, well/UH ,/, it/PRP 's/HVS gotten/VBN to/IN a/DT point/NN where/WRB the/DT schools/NNS are/VBP expected/VBN to/TO take/VB care/NN of/IN everything/NN ./.","[ {C and, } + {C and, } ] {D well, } it's gotten to a point where the schools are expected to take care of everything. /"
b,A,Yeah/UH ./.,Yeah. /
sv,B,"If/IN ,/, uh/UH ,/, you/PRP 've/VBP some/DT kid/NN who/WP does/VBZ n't/RB have/VB ,/, uh/UH ,/, who/WP 's/BES from/IN a/DT broken/JJ family/NN ,/, the/DT schools/NNS are/VBP supposed/VBN to/TO fill/VB that/DT void/NN ./.","If, {F uh, } you've some kid [ who doesn't have, + {F uh, } who's ] from a broken family, the schools are supposed to fill that void. /"
x,A,./.,<Sniffing>.
+,B,"uh/UH ,/, you/PRP know/VBP ,/, teaching/VBG classes/NNS --/:","{F uh, } {D you know, } teaching ] classes --"
b,A,Yeah/UH ./.,Yeah. /
+,B,"--/: and/CC maybe/RB providing/VBG extracurricular/JJ sports/NNS activities/NNS or/CC something/NN like/IN ,/, oh/UH ,/, were/VBD kind/RB of/RB traditionally/RB the/DT school/NN 's/POS roles/NNS ./.","-- and maybe providing extracurricular sports activities or something like, {F oh, } were kind of traditionally the school's roles. /"
b,A,"Yeah/UH ,/,","Yeah, /"
sv,A,it/PRP 's/BES interesting/JJ,it's interesting /
sd,A,"because/RB ,/, uh/UH ,/, we/PRP 're/VBP just/RB having/VBG conversation/NN on/IN this/DT ,/, uh/UH ,/, with/IN a/DT couple/NN of/IN people/NNS yesterday/RB ./.","{C because, } {F uh, } we're just having conversation on this, {F uh, } with a couple of people yesterday. /"
sd,A,"And/CC I/PRP was/VBD expressing/VBG my/PRP$ frustrations/NNS that/IN ,/, uh/UH ,/, some/DT of/IN the/DT ,/, so/RB many/JJ problems/NNS ,/, I/PRP work/VBP in/IN a/DT high/JJ school/NN ,/, are/VBP that/IN kids/NNS do/VBP n't/RB have/VB a/DT ,/, a/DT degree/NN of/IN self-discipline/NN which/IN may/MD be/VB reflected/VBN in/IN society/NN at/IN large/JJ ./.","{C And } I was expressing my frustrations that, {F uh, } [ some of the, + so many ] problems, {A I work in a high school, } are that kids don't have [ a, + a ] degree of self-discipline which may be reflected in society at large. /"
sv,A,"Uh/UH ,/, and/CC you/PRP ca/MD n't/RB expect/VB in/IN a/DT classroom/NN for/IN a/DT particular/JJ course/NN an/DT hour/NN a/DT day/NN to/TO counteract/VB ,/, uh/UH ,/, sixteen/CD or/CC seventeen/CD years/NNS of/IN influence/NN at/IN home/NN ./.","{F Uh, } {C and } you can't expect in a classroom for a particular course an hour a day to counteract, {F uh, } sixteen or seventeen years of influence at home. /"
b,B,Right/UH ./.,Right. /
sv,A,"Um/UH ,/, and/CC ,/, it/PRP 's/BES seen/VBN more/RBR so/RB because/IN when/WRB you/PRP call/VBP parents/NNS up/RP ,/, many/JJ parents/NNS wo/MD n't/RB even/RB recognize/VB that/IN there/EX is/VBZ a/DT problem/NN","{F Um, } {C and, } it's seen more so because when you call parents up, many parents won't even recognize that there is a problem /"
sv,A,"and/CC I/PRP 'll/MD say/VB ,/, they/PRP 'll/MD say/VB ,/, oh/UH ,/, well/UH ,/, our/PRP$ kids/NNS ,/, my/PRP$ kid/NN ,/,","{C and } <laughter> [ I'll say, + they'll say, ] {F oh, } {D well, } [ our kids, + my kid, ] /"
^q,A,I/PRP 've/VBP never/RB heard/VBN anything/NN about/IN this/DT before/RB ./.,I've never heard anything about this before. /
^q,A,This/DT is/VBZ the/DT first/JJ time/NN there/EX have/VB been/VBN problems/NNS ./.,This is the first time there have been problems. /
sv,A,"And/CC ,/, and/CC ,/, you/PRP wonder/VBP ,/, do/VBP n't/RB these/DT parents/NNS know/VB that/IN teachers/NNS talk/VBP ,/,","[ {C And, } + {C and, } ] you wonder, don't these parents know that teachers talk, /"
sd,A,"and/CC ,/, you/PRP know/VBP ,/, we/PRP do/VBP check/VB with/IN other/JJ teachers/NNS ,/,","{C and, } {D you know, } we do check with other teachers, /"
sd,A,and/CC other/JJ teachers/NNS find/VBP the/DT same/JJ things/NNS in/IN --/:,{C and } other teachers find the same things in --
b,B,Right/UH ./.,Right. /
+,A,--/: this/DT child/NN ./.,-- this child. /
sd,A,"And/CC ,/, you/PRP know/VBP ,/, how/WRB do/VBP you/PRP tell/VB your/PRP$ parent/NN 's/POS ,/, the/DT parent/NN ,/, hey/UH ,/, wake/VB up/RP ,/, and/CC smell/VB the/DT coffee/NN ./.","{C And, } {D you know, } how do you tell [ your parent's, + the parent, ] hey, wake up, and smell the coffee <laughter>. /"
b,B,Right/UH ./.,Right. /
sv,A,"But/CC ,/, um/UH ,/, it/PRP ,/, it/PRP is/VBZ a/DT problem/NN ,/,","{C But, } {F um, } [ it, + it ] is a problem, /"
sv,A,"and/CC I/PRP 'm/VBP not/RB sure/JJ just/RB ,/, uh/UH ,/, how/WRB ,/, how/WRB the/DT school/NN system/NN could/MD operate/VB in/IN a/DT vacuum/NN on/IN it/PRP ./.","{C and } I'm not sure <lipsmack> just, {F uh, } [ how, + how ] the school system could operate in a vacuum on it. /"
b,B,Yeah/UH ./.,Yeah. /
sv,A,"Whether/IN maybe/RB through/IN a/DT commitment/NN of/IN the/DT P/NNP T/NNP A/NNP ,/, uh/UH ,/, and/CC the/DT parents/NNS being/VBG informed/VBN better/RB ,/, that/IN in/IN fact/NN that/IN the/DT problems/NNS that/WDT are/VBP nationwide/JJ --/:","Whether maybe through a commitment of the P T A, {F uh, } and the parents being informed better, that in fact that the problems that are nationwide --"
b,B,Yeah/UH ./.,Yeah. /
+,A,"--/: are/VBP problems/NNS ,/, um/UH ,/, of/IN society/NN ,/, and/CC that/IN ,/, that/IN the/DT school/NN can/MD only/RB do/VB so/RB much/RB on/IN it/PRP ./.","-- are problems, {F um, } of society, and [ that, + that ] the school can only do so much on it. /"
sv,B,"Well/UH ,/, then/RB ,/, then/RB again/RB when/WRB you/PRP have/VBP ,/, uh/UH ,/, a/DT society/NN where/WRB a/DT certain/JJ percentage/NN of/IN the/DT parents/NNS are/VBP ,/, uh/UH ,/, doing/VBG drugs/NNS in/IN the/DT home/NN --/:","{D Well, } [ then, + then ] again when you have, {F uh, } a society where a certain percentage of the parents are, {F uh, } doing drugs in the home --"
b,A,Uh-huh/UH ./.,Uh-huh. /
+,B,"--/: uh/UH ,/, either/DT unemployed/JJ and/CC do/VBP n't/RB care/VB about/IN a/DT ,/, uh/UH ,/, just/RB a/DT have/VBP their/PRP$ own/JJ problems/NNS --/:","-- {F uh, } either unemployed and [ don't care about [ a, + {F uh, } just a ] + ] have their own problems --"
b,A,"Yeah/UH ,/,","Yeah, /"
b,A,yeah/UH ./.,yeah. /
+,B,"--/: how/WRB ,/, how/WRB do/VBP you/PRP expect/VB the/DT school/NN to/TO ,/, um/UH ,/, or/CC how/WRB do/VBP you/PRP expect/VB the/DT ,/,","-- [ [ how, + how ] do you expect the school to, + {F um, } {E or } how do you expect the, ] - /"
sv,B,"you/PRP ca/MD n't/RB really/RB expect/VB that/DT parent/NN who/WP 's/BES ,/, quite/RB frankly/RB --/:","you can't really expect that parent who's, quite frankly --"
aa,A,That/DT 's/BES right/JJ ./.,That's right. /
+,B,"--/: a/DT loser/NN in/IN life/NN ,/, as/IN it/PRP is/VBZ --/:","-- a loser in life, as it is --"
b,A,Uh-huh/UH ./.,Uh-huh. <Noise> /
+,B,"--/: to/TO ,/, to/TO care/VB about/IN the/DT ,/, the/DT situation/NN with/IN their/PRP$ child/NN ,/,","-- [ to, + to ] care about [ the, + the ] situation with their child, /"
%,B,"and/CC ,/,","{C and, } -/"
sv,A,"You/PRP know/VBP what/WP scares/VBZ me/PRP too/RB ,/, is/VBZ that/IN we/PRP have/VBP yet/RB to/TO see/VB other/JJ ,/, the/DT biggest/JJS effect/NN of/IN the/DT crack/NN children/NNS --/:","<Noise> <<like water running>> You know what scares me too, is that we have yet to see [ other, + ] the biggest effect of the crack children --"
b,B,Right/UH ./.,Right. /
+,A,"--/: uh/UH ,/, in/IN the/DT school/NN system/NN ./.","-- {F uh, } in the school system. /"
sv,A,"These/DT are/VBP children/NNS that/WDT are/VBP born/VBN with/IN low/JJ deficit/NN ,/, attention/NN deficit/NN --/:","These are children that are born with low [ deficit, + attention deficit ] -- /"
b,B,Right/UH ./.,Right. /
qh,A,"--/: and/CC ,/, gosh/UH ,/, what/WP 's/BES going/VBG to/TO happen/VB when/WRB these/DT kids/NNS start/VBP coming/VBG into/IN the/DT school/NN system/NN ./.","-- {C and, } gosh, what's going to happen when these kids start coming into the school system. /"
sv,A,That/DT 's/BES really/RB scary/JJ ./.,That's really scary </Noise> <<like water running>>. /
b,B,Yeah/UH ./.,Yeah. /
sv,A,"But/CC there/EX are/VBP ,/, I/PRP think/VBP there/EX are/VBP a/DT couple/NN of/IN areas/NNS where/WRB the/DT school/NN system/NN can/MD improve/VB ,/,","{C But } [ there are, + I think there are ] a couple of areas where the school system can improve, /"
sd,A,and/CC this/DT is/VBZ something/NN that/IN I/PRP see/VBP ./.,{C and } this is something that I see. /
sv,A,"Too/RB many/JJ times/NNS students/NNS get/VBP diagnosed/VBN as/IN mo-/XX ,/, slow/JJ learners/NNS ,/,","<Breathing> Too many times students <sigh> get diagnosed as [ mo-, + ] slow learners, /"
sv,A,and/CC in/IN fact/NN they/PRP 're/VBP not/RB ./.,{C and } in fact they're not. /
sv,A,They/PRP 're/VBP behavior/NN problems/NNS ./.,They're behavior problems. /
b,B,Right/UH ./.,Right. /
sv,A,"And/CC so/RB ,/, they/PRP get/VBP put/VBN in/IN ,/, in/IN ,/, in/IN our/PRP$ school/NN system/NN ,/, in/IN a/DT class/NN that/WDT 's/BES limited/VBN for/IN skills/NNS children/NNS --/:","{C And so, } they get put [ [ in, + in, ] + in ] our school system, in a class that's limited for skills children --"
b,B,Uh-huh/UH ./.,Uh-huh. /
+,A,"--/: that/WDT have/VBP ,/, really/RB have/VBP to/TO master/VB skills/NNS ./.","-- that [ have, + really have ] to master skills. /"
sv,A,And/CC that/DT 's/BES not/RB their/PRP$ problem/NN ./.,{C And } that's not their problem. /
sv,A,"Um/UH ,/, at/IN the/DT same/JJ time/NN ,/, I/PRP 've/VBP seen/VBN ,/, we/PRP ,/, we/PRP have/VBP a/DT ,/, an/DT international/JJ population/NN ./.","{F Um, } at the same time, I've seen, [ we, + we ] have [ a, + an ] international population. /"
sv,A,"There/EX 's/BES no/DT bridge/NN area/NN for/IN students/NNS coming/VBG out/IN of/IN the/DT E/NNP S/NNP O/NNP L/NNP ,/, which/WDT is/VBZ English/NNP for/IN Speakers/NNP of/IN Other/JJ Languages/NNP --/:","There's no bridge area for students coming out of the E S O L, which is English for Speakers of Other Languages --"
b,B,Uh-huh/UH ./.,Uh-huh. /
+,A,--/: program/NN ./.,-- program. /
%,A,"The/DT ,/,","The, - /"
sv,A,"once/IN they/PRP 're/VBP past/IN E/NNP S/NNP O/NNP L/NNP ,/, they/PRP get/VBP out/RB ,/,","once they're past E S O L, they get out, /"
sv,A,they/PRP got/VBD thrown/VBN right/RB into/IN the/DT total/JJ mainstream/NN --/:,they got thrown right into the total mainstream -- /
b,B,Right/UH ./.,Right. /
sv,A,"--/: and/CC ,/, uh/UH ,/, there/EX really/RB needs/VBZ to/TO be/VB a/DT bridge/NN ,/, some/DT sort/NN of/IN transition/NN --/:","-- <Lipsmack> {C and, } {F uh, } there really needs to be a bridge, some sort of transition --"
b,B,Right/UH ./.,Right. /
+,A,--/: for/IN that/DT ./.,-- for that. /
sv,A,"So/IN the/DT school/NN systems/NNS can/MD improve/VB ,/, both/DT in/IN standing/VBG up/RP for/IN splitting/JJ classes/NNS ,/, you/PRP know/VBP ,/, having/VBG learning/NN dis-/XX ,/, learning/NN ,/, slow/JJ ,/, slow/JJ children/NNS in/IN slow/JJ classes/NNS ,/, but/CC not/RB mixing/VBG them/PRP with/IN behavior/NN problems/NNS ./.","{C So } the school systems can improve, both in standing up for splitting classes, {D you know, } having [ [ learning dis-, + learning, ] + [ slow, + slow ] ] children in slow classes, but not mixing them with behavior problems. /"
b,B,Right/UH ./.,Right. /
sv,A,"And/CC then/RB ,/, you/PRP know/VBP ,/, the/DT case/NN where/WRB they/PRP put/VBP the/DT behavior/NN problems/NNS in/IN the/DT average/JJ classes/NNS ,/,","{C And then, } {D you know, } the case where they put the behavior problems in the average classes, /"
sv,A,you/PRP get/VBP these/DT kids/NNS that/WDT are/VBP average/JJ students/NNS but/CC highly/RB motivated/JJ ./.,you get these kids that are average students but highly motivated. /
b,B,Right/UH ./.,Right. /
sv,A,"And/CC then/RB you/PRP throw/VBP in/IN kids/NNS that/WDT are/VBP not/RB motivated/JJ ,/, maybe/RB bright/JJ ,/, but/CC they/PRP 're/VBP discipline/NN problems/NNS ./.","{C And then } you throw in kids that are not motivated, maybe bright, but they're discipline problems. /"
%,A,And/CC you/PRP sometimes/RB,{C And } you sometimes - /
sv,A,the/DT average/JJ classes/NNS really/RB are/VBP problems/NNS --/:,the average classes really are problems --
b,B,Uh-huh/UH ./.,Uh-huh. /
+,A,--/: because/IN you/PRP 've/VBP got/VBN such/PDT a/DT mixed/JJ bag/NN there/RB ./.,-- because you've got such a mixed bag there. /
b,B,Right/UH ./.,Right. /
sd,A,"You/PRP know/VBP ,/, the/DT gifted/JJ and/CC talented/JJ are/VBP fast/JJ classes/NNS ./.","{D You know, } the gifted and talented are fast classes. /"
%,A,There/EX 's/BES really/RB not/RB that/RB much/JJ of/IN a/DT problem/NN with/IN ./.,There's really not that much of a problem with. - /
%,A,"But/CC it/PRP 's/BES ,/,","{C But } it's, -/"
sd,B,"Well/UH ,/, I/PRP ,/, I/PRP 've/VBP seen/VBN more/JJR ,/, uh/UH ,/, incredibly/RB intelligent/JJ underachievers/NNS than/IN ,/, --/:","{D Well, } [ I, + I've ] seen more, {F uh, } incredibly intelligent underachievers [ than, -- +"
b,A,Uh-huh/UH ./.,Uh-huh. /
+,B,"--/: than/IN ,/, uh/UH ,/,","-- than, ] {F uh, } - /"
sd,B,"I/PRP personally/RB I/PRP will/MD ,/, I/PRP would/MD take/VB a/DT person/NN who/WP 's/BES motivated/JJ and/CC a/DT little/RB ,/, uh/UH ,/, less/RBR intelligent/JJ --/:","[ I personally + [ I will, + I would ] ] take a person who's motivated and a little, {F uh, } less intelligent --"
%,A,"That/DT 's/BES ,/,","That's, - /"
b,A,yeah/UH ./.,yeah. /
+,B,"--/: than/IN the/DT person/NN who/WP ,/, uh/UH ,/, is/VBZ one/CD of/IN these/DT very/RB intelligent/JJ people/NNS who/WDT just/RB kind/RB of/RB ,/, is/VBZ n't/RB motivated/JJ to/TO do/VB anything/NN ./.","-- than the person who, {F uh, } is one of these very intelligent people who just kind of, isn't motivated to do anything. /"
sd,A,"I/PRP remember/VBP I/PRP had/VBD a/DT college/NN professor/NN who/WP once/RB said/VBD that/DT genius/NN is/VBZ one/CD percent/NN inspiration/NN ,/, and/CC ninety-nine/JJ percent/NN perspiration/NN ./.","I remember I had a college professor who once said that genius is one percent inspiration, and ninety-nine percent perspiration. /"
b,B,Yeah/UH ./.,Yeah. /
sd,B,"Well/UH ,/, I/PRP ,/, not/RB to/TO toot/VB my/PRP$ own/JJ horn/NN here/RB or/CC anything/NN ,/, but/CC I/PRP ,/, I/PRP was/VBD graduated/VBN from/IN my/PRP$ high/JJ school/NN ,/,","{D Well, } [ I, + not to toot my own horn here or anything, but [ I, + I ] ] was graduated from my high school, /"
sd,B,"I/PRP was/VBD the/DT valedictorian/NN ,/,","I was the valedictorian, /"
sd,B,and/CC I/PRP know/VBP --/:,{C and } I know --
b,A,Uh-huh/UH ./.,Uh-huh. /
+,B,"--/: that/IN there/EX were/VBD a/DT lot/NN of/IN kids/NNS that/WDT were/VBD an/DT awful/JJ lot/NN smarter/JJR than/IN me/PRP ,/,","-- that there were a lot of kids that were an awful lot smarter than me, /"
sd,B,and/CC they/PRP proved/VBD out/RP late/RB when/WRB it/PRP came/VBD time/NN to/TO take/VB the/DT S/NNP A/NNP T/NNP -s/NNPS ./.,{C and } they proved out late when it came time to take the S A T -s. /
sd,B,Mine/PRP were/VBD --/:,Mine were --
b,A,Uh-huh/UH ./.,Uh-huh. /
+,B,"--/: good/JJ ,/,","-- good, /"
sd,B,but/CC they/PRP were/VBD n't/RB great/JJ ./.,{C but } they weren't great. /
b,A,Uh-huh/UH ./.,Uh-huh. /
sd,B,"And/CC ,/, uh/UH ,/, when/WRB I/PRP got/VBD into/IN college/NN I/PRP struggled/VBD ,/, I/PRP struggled/VBD just/RB to/TO ,/, uh/UH ,/, get/VB my/PRP$ degree/NN in/IN the/DT ,/, in/IN the/DT field/NN that/IN I/PRP was/VBD in/IN ./.","{C And, } {F uh, } when I got into college [ I struggled, + I struggled ] just to, {F uh, } get my degree [ in the, + in the ] field that I was in. /"
b,A,Yeah/UH ./.,Yeah. /
sd,B,"Whereas/IN I/PRP knew/VBD people/NNS that/WDT in/IN high/JJ school/NN were/VBD kind/RB of/RB lazy/JJ and/CC all/DT ,/,","Whereas I knew people that in high school were kind of lazy and all, /"
sd,B,but/CC they/PRP got/VBD motivated/JJ in/IN college/NN,{C but } they got motivated in college /
sd,B,and/CC they/PRP did/VBD a/DT lot/NN better/RB than/IN I/PRP did/VBD ./.,{C and } they did a lot better than I did. /
%,B,"And/CC when/WRB it/PRP ,/,","{C And } when it, -/"
b,A,Yeah/UH ./.,Yeah. /
sv,A,I/PRP guess/VBP kids/NNS do/VBP mature/VB at/IN different/JJ ages/NNS --/:,I guess kids do mature at different ages --
b,B,Right/UH ./.,Right. /
+,A,--/: too/RB ./.,-- too. /
%,A,"That/DT 's/BES ,/,","That's, - /"
sd,A,"and/CC ,/, you/PRP know/VBP ,/, as/IN a/DT teacher/NN you/PRP ,/, you/PRP try/VBP to/TO make/VB ,/, be/VB understanding/JJ that/DT ,/, you/PRP know/VBP ,/, there/EX are/VBP different/JJ ages/NNS ,/,","{C and, } {D you know, } as a teacher [ you, + you ] try to [ make, + be ] understanding that, {D you know, } there are different ages, /"
%,A,"kids/NNS are/VBP ,/,","kids are, - /"
%,A,"is/VBZ this/DT a/DT ,/,","is this a, - /"
sd,A,"got/VBD a/DT kid/NN that/WDT just/RB a/DT question/NN of/IN maturity/NN ,/,","got a kid that just a question of maturity, /"
sd,A,or/CC is/VBZ he/PRP a/DT --/:,{C or } is he a --
b,B,Uh-huh/UH ./.,Uh-huh. /
+,A,--/: problem/NN child/NN ./.,-- problem child. /
sv,A,But/CC teachers/NNS are/VBP asked/VBN to/TO diagnose/VB so/RB much/RB ./.,{C But } teachers are asked to diagnose so much. /
%,A,"Um/UH ,/, there/RB ,/, I/PRP mean/VBP ,/, I/PRP mean/VBP we/PRP 're/VBP ,/, have/VB to/TO be/VB ,/,","{F Um, } [ there, + [ {E I mean, } + {E I mean } ] we're, ] have to be, - /"
%,A,we/PRP 're/VBP alerted/VBN --/:,we're alerted -- /
b,B,Right/UH ./.,Right. /
sd,A,"--/: there/EX 's/BES all/DT sorts/NNS of/IN systems/NNS where/WRB suicide/NN ,/, uh/UH ,/, predisposition/NN ./.","-- there's all sorts of systems where suicide, {F uh, } predisposition. - /"
sd,A,"I/PRP mean/VBP ,/, we/PRP 're/VBP alerted/VBN to/IN what/WP the/DT moment/NN we/PRP see/VBP something/NN ./.","{E I mean, } we're alerted to what the moment we see something. /"
sd,A,"If/IN we/PRP see/VBP a/DT child/NN that/WDT we/PRP have/VBP any/DT reason/NN ,/, that/WDT 's/BES on/IN drugs/NNS ,/, such/IN as/IN if/IN he/PRP 's/HVS got/VBN a/DT beeper/NN or/CC if/IN they/PRP 're/VBP ,/, if/IN they/PRP 're/VBP flashing/VBG lots/NNS of/IN money/NN around/RB ./. We/PRP 've/VBP ,/, there/EX are/VBP certain/JJ things/NNS to/TO do/VB ./.","If we see a child [ that we have any reason, + ] that's on drugs, such as if he's got a beeper or if they're, if they're flashing lots of money around. [ We've, + ] there are certain things to do. /"
sd,A,"I/PRP mean/VBP ,/, so/UH tea-/XX ,/, the/DT school/NN system/NN 's/BES asked/VBN to/TO do/VB so/RB much/JJ ,/,","{E I mean, } {C so } [ tea-, + the school system's ] asked to do so much, /"
sv,A,but/CC you/PRP ca/MD n't/RB operate/VB in/IN a/DT vacuum/NN ./.,{C but } you can't operate in a vacuum. /
qy,B,"You/PRP actually/RB have/VBP students/NNS with/IN ,/, with/IN beepers/NNS ?/.","You actually have students [ with, + with ] beepers? /"
no,A,"This/DT is/VBZ a/DT ,/, we/PRP 're/VBP in/IN a/DT rather/RB wealthy/JJ suburb/NN of/IN Washington/NNP ./.","[ This is a, + we're in a ] rather wealthy suburb of Washington. /"
b,B,Uh-huh/UH ./.,Uh-huh. /
sd,A,"And/CC a/DT student/NN with/IN a/DT beeper/NN immediately/RB gets/VBZ sent/VBN down/IN to/IN the/DT ,/, uh/UH ,/, principal/NN ./.","{C And } a student with a beeper immediately gets sent down to the, {F uh, } principal. /"
%,B,"I/PRP mean/VBP ,/, where/WRB ,/,","{E I mean, } where, - /"
%,B,"what/WP are/VBP the/DT ,/,","what are the, - /"
qo,B,what/WP could/MD they/PRP possibly/RB be/VB thinking/VBG ./.,what could they possibly be thinking. /
%,B,I/PRP mean/VBP how/WRB ./.,{E I mean } how. -/
sd,A,It/PRP 's/BES for/IN drug/NN use/NN ./.,It's for drug use. /
sd,A,They/PRP ca/MD n't/RB imagine/VB for/IN anything/NN else/RB ./.,They can't imagine for anything else. /
b,B,Yeah/UH,Yeah /
x,B,./.,<Laughter>.
b,A,Yeah/UH ./.,Yeah. /
sv,A,"You/PRP know/VBP ,/, it/PRP 's/BES ,/, it/PRP 's/BES amazing/JJ ,/,","{D You know, } [ it's, + it's ] amazing, /"
sv,A,"but/CC uh/UH ,/, you/PRP get/VBP all/DT sorts/NNS ,/, you/PRP get/VBP all/DT ,/, all/DT sorts/NNS of/IN things/NNS ,/, uh/UH ,/, in/IN the/DT schools/NNS ,/, uh/UH ,/, uh/UH ,/,","{C but } {F uh, } [ you get all sorts, + you get [ all, + all ] sorts ] of things, {F uh, } in the schools, {F uh, } {F uh, } /"
%,A,"and/CC it/PRP 's/BES ,/,","{C and } it's, - /"
sd,A,"and/CC you/PRP know/VBP ,/, as/IN a/DT teacher/NN you/PRP 're/VBP alert/JJ ,/, you/PRP 're/VBP alert/JJ for/IN the/DT kid/NN who/WP 's/BES very/RB drowsy/JJ ./.","{C and } {D you know, } as a teacher [ you're alert, + you're alert ] for the kid who's very drowsy. /"
sd,A,"You/PRP 're/VBP alert/JJ to/IN the/DT kid/NN who/WDT suddenly/RB has/VBZ a/DT ,/, um/UH ,/, behavioral/JJ change/NN ,/,","You're alert to the kid who suddenly has a, {F um, } behavioral change, /"
sd,A,and/CC you/PRP refer/VBP them/PRP to/IN the/DT nurse/NN ./.,{C and } you refer them to the nurse. /
b,B,Right/UH ./.,Right. /
sd,A,"And/CC ,/, so/UH ,/, I/PRP mean/VBP ,/, you/PRP have/VBP to/TO find/VB out/RP whether/IN there/EX 's/BES a/DT legitimate/JJ reason/NN ,/, or/CC whether/IN this/DT is/VBZ a/DT warning/NN signal/NN ./.","{C And, so, } {E I mean, } you have to find out whether there's a legitimate reason, <laughter> or whether this is a warning signal. /"
b,B,"Yeah/UH ,/,","Yeah, /"
qh,B,"can/MD you/PRP ,/, how/WRB can/MD you/PRP ,/, how/WRB can/MD you/PRP expect/VB to/TO ,/,","[ can you, + [ how can you, + <laughter> how can you ] ] expect to, -/"
b,B,"Oh/UH yeah/UH ,/,","Oh yeah, /"
sd,B,"I/PRP ,/, I/PRP ,/, I/PRP was/VBD ,/, uh/UH ,/, sitting/VBG in/IN the/DT barber/NN shop/NN ./.","[ [ I, + I, ] + I ] was, {F uh, } sitting in the barber shop. /"
sd,B,"I/PRP 'm/VBP an/DT officer/NN in/IN the/DT Air/NNP Force/NNP ,/,","I'm an officer in the Air Force, /"
sd,B,and/CC I/PRP was/VBD having/VBG my/PRP$ hair/NN cut/VBN --/:,{C and } I was having my hair cut -- /
b,A,Uh-huh/UH ./.,Uh-huh. /
sd,B,"--/: and/CC the/DT barber/NN got/VBD a/DT call/NN while/IN I/PRP was/VBD there/RB ,/, uh/UH ,/, from/IN his/PRP$ son/NN 's/POS school/NN ./.","-- {C and } the barber got a call while I was there, {F uh, } from his son's school. /"
sd,B,His/PRP$ son/NN 's/BES in/IN high/JJ school/NN ./.,His son's in high school. /
sd,B,"And/CC his/PRP$ son/NN was/VBD failing/VBG gym/NN and/CC ,/, uh/UH ,/, and/CC having/VBG trouble/NN ,/,","{C And } his son was failing gym [ and, + {F uh, } and ] having trouble,"
x,A,./.,<Laughter>.
+,B,with/IN a/DT few/JJ other/JJ things/NNS ./.,with a few other things. /
sd,B,"But/CC ,/, you/PRP know/VBP ,/, it/PRP 's/BES like/UH ,/, uh/UH ,/, this/DT guy/NN was/VBD like/IN ,/, why/WRB now/RB ,/, there/EX 's/BES no/DT problem/NN with/IN my/PRP$ kid/NN ./.","{C But, } {D you know, } it's like, {F uh, } this guy was like, why {D now, } there's no problem with my kid. /"
sd,B,My/PRP$ kid/NN 's/BES a/DT great/JJ kid/NN and/CC all/PDT this/DT ./.,My kid's a great kid and all this. /
sd,B,"The/DT kid/NN had/VBD missed/VBN all/PDT these/DT classes/NNS ,/,","The kid had missed all these classes, /"
sd,B,and/CC basically/RB --/:,{C and } basically --
b,A,Uh-huh/UH ./.,Uh-huh. /
+,B,"--/: he/PRP ,/, his/PRP$ answer/NN was/VBD ,/, Oh/UH ,/, I/PRP gave/VBD him/PRP permission/NN to/TO ,/, to/TO miss/VB ./.","-- [ he, + his ] answer was, {F Oh, } I gave him permission [ to, + to ] miss. /"
b,A,"Yeah/UH ,/,","Yeah, /"
sv,A,the/DT denial/NN mechanism/NN is/VBZ really/RB strong/JJ,the denial mechanism is really strong /
sv,A,and/CC so/RB many/JJ parents/NNS are/VBP facilitators/NNS ./.,{C and } so many parents are facilitators. /
b,B,Yeah/UH ./.,Yeah. /
sv,A,"I/PRP mean/VBP ,/, they/PRP 're/VBP manipulated/VBN by/IN their/PRP$ children/NNS ./.","{E I mean, } they're manipulated by their children. /"
b,B,Right/UH ./.,Right. /
sd,A,I/PRP 've/VBP been/VBN fortunate/JJ ./.,I've been fortunate. /
sd,A,"I/PRP have/VBP ,/, uh/UH ,/, a/DT son/NN who/WP 's/BES a/DT sophomore/NN in/IN college/NN up/IN in/IN Massachusetts/NNP --/:","I have, {F uh, } a son who's a sophomore in college up in Massachusetts --"
b,B,Uh-huh/UH ./.,Uh-huh. /
+,A,"--/: at/IN ,/, uh/UH ,/, Amherst/NNP ,/,","-- at, {F uh, } Amherst, /"
sd,A,"and/CC my/PRP$ other/JJ son/NN is/VBZ a/DT senior/NN in/IN high/JJ school/NN ,/,","{C and } my other son is a senior in high school, /"
sd,A,and/CC he/PRP 's/BES going/VBG on/IN to/IN Williams/NNP ./.,{C and } he's going on to Williams. /
sd,A,"And/CC I/PRP mean/VBP ,/, they/PRP 're/VBP really/RB super/JJ ./.","{C And } {E I mean, } they're really super. /"
sd,A,They/PRP 're/VBP both/DT national/JJ level/NN --/:,They're both national level --
ba,B,Sure/UH ./.,Sure. /
+,A,"--/: swimmers/NNS ,/,","-- swimmers, /"
sd,A,"and/CC where/WRB we/PRP 've/VBP been/VBN very/RB fortunate/JJ ,/,","{C and } [ where + ] we've been very fortunate, /"
sd,A,"but/CC ,/, you/PRP know/VBP ,/, they/PRP had/VBD to/TO be/VB held/VBN accountable/JJ --/:","{C but, } {D you know, } they had to be held accountable --"
b,B,Right/UH ./.,Right. /
+,A,--/: too/RB ./.,-- too. /
sv,A,"I/PRP mean/VBP ,/, you/PRP know/VBP ,/, at/IN some/DT point/NN a/DT parent/NN does/VBZ help/VB their/PRP$ kid/NN ,/, but/CC in/IN ,/, in/IN some/DT ways/NNS ,/,","{E I mean, } {D you know, } at some point a parent does help their kid, [ but + ] [ in, + in ] some ways, /"
sv,A,"but/CC ,/, but/CC you/PRP have/VBP to/TO say/VB at/IN what/WP point/NN is/VBZ n't/RB the/DT help/NN becoming/VBG negative/JJ ./.","[ {C but, } + {C but } ] you have to say at what point isn't the help becoming negative. /"
ba,B,Sure/UH ./.,Sure. /
sv,A,"And/CC I/PRP think/VBP this/DT is/VBZ where/WRB the/DT school/NN system/NN at/IN ,/, is/VBZ suffering/VBG ,/, and/CC not/RB through/IN any/DT fault/NN of/IN the/DT effort/NN --/:","{C And } I think this is where the school system [ at, + ] is suffering, and not through any fault of the effort --"
b,B,Right/UH ./.,Right. /
+,A,--/: of/IN the/DT school/NN system/NN ./.,-- of the school system. /
fc,A,But/CC gee/UH it/PRP was/VBD good/RB talking/VBG with/IN you/PRP ./.,{C But } gee it was good talking with you. /
fc,B,It/PRP was/VBD good/RB talking/VBG to/IN you/PRP too/RB ./.,It was good talking to you too. /
fc,A,"Yeah/UH ,/,","Yeah, /"
fc,A,so/RB there/EX are/VBP people/NNS throughout/IN the/DT country/NN that/WDT feel/NN --/:,{C so } there are people throughout the country that feel --
fc,B,Yeah/UH ./.,Yeah. /
+,A,"--/: the/DT same/JJ ways/NNS that/IN you/PRP do/VBP ,/, and/CC ,/, and/CC are/VBP connected/VBN with/IN the/DT schools/NNS ./.","-- the same ways that you do, [ and, + and ] are connected with the schools. /"
fc,B,"Yeah/UH ,/,","Yeah, /"
fc,B,"I/PRP 've/VBP had/VBN interesting/JJ conversations/NNS on/IN several/JJ subjects/NNS not/RB ,/, uh/UH ,/, not/RB just/RB this/DT but/CC different/JJ ,/, the/DT different/JJ --/:","I've had interesting conversations on several subjects [ not, + {F uh, } not ] just this but [ different, + the different ] --"
fc,A,Uh-huh/UH ./.,Uh-huh. /
+,B,--/: things/NNS ./.,-- things. /
fc,B,"It/PRP 's/BES amazing/JJ how/WRB the/DT ,/, you/PRP know/VBP ,/, people/NNS you/PRP talk/VBP to/IN have/VBP some/DT interesting/JJ conversations/NNS","It's amazing how the, {D you know, } people you talk to have some interesting conversations /"
fc,B,"and/CC ,/, uh/UH ,/, it/PRP 's/BES too/RB bad/JJ that/IN all/PDT this/DT stuff/NN is/VBZ just/RB being/VBG thrown/VBN into/IN a/DT data/NN base/NN ,/, and/CC that/IN none/NN of/IN the/DT ideas/NNS or/CC thoughts/NNS are/VBP being/VBG used/VBN at/IN all/DT ./.","{C and, } {F uh, } it's too bad that all this stuff is just being thrown into a data base, and that none of the ideas or thoughts are being used at all <laughter>. /"
fc,A,"Well/UH ,/, we/PRP are/VBP ,/, though/RB ./.","{D Well, } we are, though <laughter>. /"
fc,B,"Yeah/UH ,/,","Yeah, /"
fc,B,that/DT 's/BES true/JJ ./.,that's true. /
fc,A,"Listen/VB ,/,","Listen, /"
fc,A,good/JJ luck/NN ./.,good luck. /
fc,A,"Take/VB care/NN ,/,","Take care, /"
fc,B,Yep/UH ./.,Yep. /
fc,B,Bye-bye/UH ./.,Bye-bye. /
fc,A,Bye-bye/UH ./.,Bye-bye. /
