act_tag,speaker,pos,text
x,B,MUMBLEx/XX ./.,(( )) .
sd,A,"Uh/UH ,/, well/UH I/PRP mean/VBP I/PRP 've/VBP had/VBN time/NN to/TO think/VB about/IN it/PRP because/IN ,/, uh/UH ,/, we/PRP 've/VBP had/VBN ,/,","{F Uh, } {D well } {E I mean } I've had time to think about it because, {F uh, } we've had, - /"
%,A,"uh/UH ,/, i-/XX ,/,","{F uh, } i-, - /"
%,A,"i-/XX ,/,","i-, - /"
sd,A,there/EX 's/HVS been/VBN a/DT great/JJ deal/NN of/IN difficulty/NN in/IN finding/VBG someone/NN to/TO talk/VB to/IN,there's been a great deal of difficulty in finding someone to talk to /
sd,A,so/RB ./.,[ {C so. } +
b,B,"Oh/UH ,/, okay/UH ./.","{F Oh, } okay. /"
+,A,"So/RB ,/, um/UH ,/, I/PRP ,/, I/PRP was/VBD thinking/VBG about/IN a/DT couple/NN things/NNS ,/, uh/UH --/:","{C So, } ] {F um, } [ I, + I ] was thinking about a couple things, {F uh } --"
b,B,Uh-huh/UH ./.,Uh-huh. /
+,A,--/: and/CC whether/IN they/PRP are/VBP serious/JJ ./.,-- and whether they are serious. /
sv,A,Some/DT things/NNS are/VBP serious/JJ,Some things are serious /
sv,A,and/CC some/DT are/VBP n't/RB ./.,{C and } some aren't. /
sv,A,"I/PRP guess/VBP the/DT biggest/JJS thing/NN that/WDT bothers/VBZ me/PRP is/VBZ ,/, is/VBZ ,/, uh/UH --/:","I guess the biggest thing that bothers me [ is, + is, ] {F uh } -- -/"
b,B,Uh-huh/UH ./.,Uh-huh. /
t1,A,"--/: not/RB the/DT biggest/JJS thing/NN ,/,","-- not the biggest thing, - /"
sv,A,"but/CC one/CD of/IN the/DT things/NNS that/WDT bothers/VBZ me/PRP is/VBZ the/DT credit/NN information/NN ,/, uh/UH ,/, situation/NN ,/,","{C but } one of the things that bothers me is the credit information, {F uh, } situation,"
b,B,Yeah/UH ./.,Yeah. /
+,A,"that/WDT you/PRP ,/, uh/UH ,/, that/WDT you/PRP find/VBP yourself/PRP almost/RB compromised/VBD into/IN giving/VBG if/IN you/PRP want/VBP any/DT s-/XX ,/, sort/NN of/IN credit/NN ,/,","[ that you, + {F uh, } that you ] find yourself almost compromised into giving if you want any [ s-, + sort ] of credit,"
b,B,Uh-huh/UH ./.,Uh-huh. /
+,A,"e-/XX ,/, extensive/JJ checks/NNS and/CC ,/, and/CC things/NNS of/IN that/DT nature/NN ./.","[ e-, + extensive ] checks [ and, + and ] things of that nature. /"
b,B,Uh-huh/UH ./.,Uh-huh. /
%,A,"When/WRB ,/, um/UH ,/,","When, {F um, } - /"
sd,A,"I/PRP ,/, I/PRP ,/, I/PRP mean/VBP I/PRP ,/, I/PRP do/VBP n't/RB know/VB if/IN that/DT 's/BES an/DT invasion/NN of/IN privacy/NN ,/, simply/RB ,/, I/PRP ,/, I/PRP do/VBP t-/XX ,/, I/PRP do/VBP feel/VB it/PRP is/VBZ","{E [ [ I, + I, ] + I ] mean } [ I, + I ] don't know if that's an invasion of privacy, simply, [ [ I, + I do t-, ] + I do feel it is ] /"
sd,A,"but/CC I/PRP do/VBP n't/RB know/VB whether/IN ,/,","{C but } I don't know whether,"
b,B,Uh-huh/UH ./.,Uh-huh. /
+,A,some/DT of/IN the/DT questions/NNS they/PRP ask/VBP are/VBP legitimate/JJ --/:,some of the questions they ask are legitimate --
b,B,"Uh-huh/UH ,/,","Uh-huh, /"
+,A,"--/: uh/UH ,/, because/IN they/PRP are/VBP the/DT ones/NNS who/WP are/VBP making/VBG the/DT profit/NN out/RP of/IN your/PRP$ ,/,","-- {F uh, } because they are the ones who are making the profit out of your <laughter>, -/"
sd,B,"Well/UH what/WP 's/BES scary/JJ is/VBZ ,/, uh/UH ,/, uh/UH ,/, about/RB two/CD ,/, three/CD ,/, four/CD months/NNS ago/RB on/IN a/DT Sun-/XX ,/, in/IN the/DT Sunday/NNP edition/NN of/IN what/WP is/VBZ called/VBN the/DT morning/NN paper/NN here/RB ,/, The/DT DALLAS/NNP MORNING/NNP NEWS/NNP ./.","{D Well } what's scary is, {F uh, } {F uh, } about two, three, four months ago [ on a Sun-, + in the Sunday ] edition of what is called the morning paper here, The DALLAS MORNING NEWS. /"
b,A,Uh-huh/UH ./.,Uh-huh. /
sd,B,"They/PRP showed/VBD a/DT reporter/NN and/CC a/DT ,/, um/UH ,/, and/CC a/DT copy/NN editor/NN how/WRB they/PRP went/VBD out/RB","They showed a reporter [ and a, + {F um, } and a ] copy editor how they went out /"
sd,B,"and/CC they/PRP just/RB took/VBD ,/, um/UH ,/, a/DT fellow/NN in/IN John/NNP Q/NNP ./. Public/NNP in/IN Dallas/NNP","{C and } they just took, {F um, } a fellow in John Q. Public in Dallas /"
sd,B,"and/CC all/DT they/PRP had/VBD was/VBD ,/,","{C and } all they had was, - /"
sd,B,"let/VB 's/PRP see/VB ,/, they/PRP had/VBD his/PRP$ birth-/XX ,/, they/PRP had/VBD something/NN like/IN his/PRP$ birth/NN date/NN ,/, the/DT street/NN address/NN ,/,","let's see, [ they had his birth-, + they had ] something like his birth date, the street address, /"
sd,B,"um/UH ,/, they/PRP were/VBD n't/RB even/RB sure/JJ of/IN the/DT correct/JJ spelling/NN of/IN his/PRP$ last/JJ name/NN ,/, excuse/VB me/PRP ,/,","{F um, } they weren't even sure of the correct spelling of his last name, <cough> {E excuse me, } /"
sd,B,"and/CC it/PRP was/VBD ,/, um/UH ,/, very/RB scary/JJ to/TO see/VB what/WP they/PRP found/VBD out/RP ./.","{C and } it was, {F um, } very scary to see what they found out. /"
sd,B,"I/PRP mean/VBP they/PRP were/VBD able/JJ to/TO find/VB out/RP what/WP liens/NNS he/PRP still/RB had/VBD against/IN ,/, you/PRP know/VBP ,/, two/CD or/CC three/CD houses/NNS ,/, through/IN a/DT two/CD divorces/NNS ,/, children/NNS 's/POS names/NNS ,/, locations/NNS ,/,","{E I mean } they were able to find out what liens he still had against, {D you know, } two or three houses, through [ a + ] two divorces, children's names, locations, /"
sd,B,"um/UH ,/, it/PRP was/VBD really/RB frightening/JJ ./.","{F um, } it was really frightening. /"
sv,A,"Well/UH I/PRP guess/VBP ,/, I/PRP guess/VBP then/RB it/PRP 's/BES just/RB the/DT big/JJ brother/NN concept/NN of/IN the/DT fact/NN ,/,","{D Well } [ I guess, + I guess ] then it's just the big brother concept of the fact,"
b,B,Uh-huh/UH ./.,Uh-huh. /
+,A,"that/IN once/RB you/PRP give/VBP your/PRP$ social/JJ security/NN number/NN there/EX are/VBP people/NNS I/PRP guess/VBP who/WP are/VBP ,/, who/WP are/VBP ,/, uh/UH ,/, actually/RB collecting/VBG all/PDT this/DT all/PDT the/DT time/NN","that once you give your social security number there are people I guess [ who are, + who are, ] {F uh, } actually collecting all this all the time /"
b,B,Yeah/UH ./.,Yeah. /
sd,A,"I/PRP understand/VBP ,/, uh/UH ,/,","I understand, {F uh, } - /"
sd,A,"I/PRP read/VBD the/DT other/JJ day/NN that/IN ,/, uh/UH ,/, these/DT telemarketeers/NNS when/WRB someone/NN talks/NNS to/IN you/PRP on/IN the/DT phone/NN --/:","I read the other day that, {F uh, } these telemarketeers when someone talks to you on the phone --"
b,B,Uh-huh/UH ./.,Uh-huh. /
+,A,"--/: uh/UH ,/, all/DT ,/, all/DT they/PRP need/VBP now/RB is/VBZ your/PRP$ telephone/NN number/NN ,/, which/WDT I/PRP guess/VBP is/VBZ involved/VBN in/IN this/DT controversy/NN of/IN whether/IN they/PRP can/MD reveal/VB your/PRP$ telephone/NN number/NN or/CC not/RB ./.","-- {F uh, } [ all, + all ] they need now is your telephone number, which I guess is involved in this controversy of whether they can reveal your telephone number or not. /"
b,B,"Right/UH ,/,","Right, /"
b,B,uh-huh/UH ./.,uh-huh. /
sv,A,"I/PRP ,/, I/PRP ,/, I/PRP feel/VBP that/DT is/VBZ an/DT invasion/NN of/IN privacy/NN","[ [ I, + I, ] + I ] feel that is an invasion of privacy /"
%,A,"but/CC it/PRP ,/,","{C but } it, -/"
aa,B,"I/PRP do/VBP too/RB ,/,","I do too, /"
%,B,yeah/UH ./.,yeah. /
sd,B,"I/PRP do/VBP n't/RB ,/, the/DT other/JJ thing/NN I/PRP do/VBP n't/RB like/VB is/VBZ ,/, um/UH ,/, in/IN terms/NNS of/IN uh/UH ,/,","[ I don't, + the other thing I don't ] like is, {F um, } in terms of {F uh, } - /"
sd,B,"like/IN we/PRP just/RB moved/VBD here/RB from/IN ,/, uh/UH ,/, Minneapolis/NNP","{D like } we just moved here from, {F uh, } Minneapolis /"
sd,B,"and/CC ,/, uh/UH ,/, to/TO get/VB the/DT ,/, the/DT very/RB nice/JJ townhouse/NN that/WDT we/PRP 're/VBP in/IN ,/,","{C and, } {F uh, } to get [ the, + the ] very nice townhouse that we're in,"
b,A,Yeah/UH ./.,Yeah. /
+,B,"you/PRP were/VBD required/VBN by/IN the/DT property/NN management/NN firm/NN that/WDT was/VBD representing/VBG a/DT private/JJ landlo-/NN ,/,","you were required by the property management firm that was representing a private landlo-, - /"
sd,B,"you/PRP know/VBP ,/, husband/NN and/CC wife/NN ,/, owners/NNS ,/, um/UH ,/, who/WP had/VBD never/RB done/VBN this/DT before/RB ./.","{D you know, } husband and wife, owners, {F um, } who had never done this before. /"
sd,B,"They/PRP ,/, um/UH ,/, asked/VBD us/PRP for/IN again/RB an/DT astounding/JJ amount/NN of/IN information/NN","They, {F um, } asked us for again an astounding amount of information /"
sd,B,"and/CC what/WP we/PRP really/RB did/VBD n't/RB have/VB the/DT same/JJ opportunity/NN ,/,","{C and } what we really didn't have the same opportunity, - /"
sv,B,"you/PRP know/VBP ,/, and/CC I/PRP guess/VBP that/DT 's/BES when/WRB I/PRP also/RB get/VBP upset/JJ that/IN if/IN you/PRP 're/VBP going/VBG to/TO do/VB it/PRP then/RB I/PRP want/VBP to/TO do/VB it/PRP too/RB ./.","{D you know, } {C and } I guess that's when I also get upset that if you're going to do it then I want to do it too. /"
aa,A,"Yeah/UH ,/,","Yeah, /"
aa,A,exactly/UH ./.,exactly. /
sd,B,"Um/UH ,/, in/IN terms/NNS of/IN the/DT credit/NN ,/,","{F Um, } in terms of the credit, - /"
%,B,"yeah/UH ,/,","yeah, /"
sd,B,"I/PRP know/VBP ,/, um/UH ,/, we/PRP 're/VBP also/RB going/VBG through/IN adoption/NN now/RB ,/,","I know, {F um, } we're also going through adoption now, /"
b,A,Yeah/UH ./.,Yeah. /
%,B,"in/IN for/IN an/DT adoption/NN ,/,","in for an adoption, - /"
sd,B,"and/CC I/PRP mean/VBP after/IN we/PRP gave/VBD our/PRP$ fingerprints/NNS n-/XX ,/, to/IN the/DT F/NNP B/NNP I/NNP ,/, you/PRP ,/, you/PRP ,/,","{C and } {E I mean } after we gave our fingerprints [ n-, + ] to the F B I, [ [ you, + you, ]"
+,B,"look/VBP at/IN each/DT other/NN ,/, yeah/UH ,/, you/PRP look/VBP at/IN each/DT other/JJ and/CC say/VBP ,/, well/UH ,/, ,/, it/PRP 's/BES too/RB late/JJ now/RB ./.","look at each other, + {D yeah, } you look at each other ] and say, {D well, } <laughter>, it's too late now. /"
sv,B,"Um/UH ,/, so/RB I/PRP mean/VBP it/PRP 's/BES ,/, it/PRP 's/BES a/DT matter/NN of/IN anybody/NN can/MD get/VB it/PRP any/DT way/NN and/CC how/WRB if/IN they/PRP really/RB try/VBP ,/, um/UH ./.","{F Um, } {C so } {E I mean } [ it's, + it's ] a matter of anybody can get it any way and how if they really try, {F um. } -/"
b,A,"Yeah/UH ,/,","Yeah, /"
sd,A,"I/PRP ,/, I/PRP have/VBP a/DT particular/JJ subject/NN that/WDT not/RB everyone/NN agrees/VBZ with/IN me/PRP ,/, uh/UH --/:","[ I, + I ] have a particular subject that not everyone agrees with me, {F uh } -- /"
b,B,"Uh-huh/UH ,/,","Uh-huh, /"
ad,B,go/VB ahead/RB ./.,go ahead. /
%,A,"--/: uh/UH ,/, well/UH ,/, by/IN ,/, b-/XX ,/,","-- {F uh, } {D well, } [ by, + b-, ] - /"
sd,A,"uh/UH ,/, I/PRP make/VBP my/PRP$ living/NN by/IN ,/, uh/UH ,/, flying/VBG airplanes/NNS for/IN ,/,","{F uh, } I make my living by, {F uh, } flying airplanes [ for, +"
b,B,Uh-huh/UH ./.,Uh-huh. /
+,A,for/IN a/DT company/NN ./.,for ] a company. /
b,B,Uh-huh/UH ./.,Uh-huh. /
sd,A,"And/CC ,/, uh/UH ,/, as/IN a/DT ,/, as/IN a/DT ,/, uh/UH ,/, an/DT airline/NN pilot/NN I/PRP have/VBP to/TO take/VB random/JJ drug/NN testing/NN ./.","{C And, } {F uh, } [ as a, + as ] [ a, + {F uh, } an ] airline pilot I have to take random drug testing. /"
b,B,Uh-huh/UH ./.,Uh-huh. /
sd,A,"I/PRP mean/VBP it/PRP seems/VBZ to/IN me/PRP the/DT public/JJ outcry/NN was/VBD for/IN that/DT at/IN the/DT time/NN ,/,","{E I mean } it seems to me the public outcry was for that at the time, - /"
sd,A,"so/RB I/PRP when/WRB I/PRP finish/VBP a/DT ,/, a/DT certain/JJ flight/NN on/IN a/DT random/JJ basis/NN I/PRP have/VBP to/TO ,/,","{C so } [ I + when I ] finish [ a, + a ] certain flight on a random basis I have to,"
b,B,Uh-huh/UH ./.,Uh-huh. /
+,A,"uh/UH ,/, have/VBP a/DT wri-/XX ,/, a/DT drug/NN test/NN","{F uh, } have [ a wri-, + a ] drug test /"
sd,A,"and/CC ,/, and/CC ,/, and/CC that/DT 's/BES without/IN i-/XX ,/, uh/UH ,/, probably/RB cause/IN ,/,","[ [ {C and, } + {C and, } ] + {C and } ] that's without [ i-, + ] {F uh, } probably cause, /"
b,B,Uh-huh/UH ./.,Uh-huh. /
%,A,"and/CC ,/, uh/UH ,/, a-/XX ,/,","{C and, } {F uh, } a-, - /"
%,B,"MUMBLEx/XX it/PRP is/VBZ n't/RB ,/,","(( )) it isn't, -/"
+,A,"in/IN the/DT end/NN now/RB ,/, I/PRP mean/VBP they/PRP 've/VBP tested/VBN ,/, they/PRP 've/VBP spent/VBN forty/CD million/CD dollars/NNS","in the end now, {E I mean } [ they've tested, + they've ] spent forty million dollars /"
sd,A,"and/CC they/PRP 've/VBP found/VBN ,/, uh/UH ,/, I/PRP think/VBP ,/, uh/UH ,/, in/IN pilots/NNS anyway/RB ,/, of/IN something/NN like/IN ,/, uh/UH ,/, uh/UH ,/, eighty-six/CD thousand/CD tests/NNS there/EX 's/HVS only/RB been/VBN two/CD guys/NNS have/VBP come/VBN up/RP ,/, uh/UH ,/, three/CD guys/NNS have/VBP come/VBN up/RP positive/JJ ,/,","{C and } they've found, {F uh, } I think, {F uh, } in pilots anyway, of something like, {F uh, } {F uh, } eighty-six thousand tests there's only been [ two guys have come up, + {F uh, } three guys have come up ] positive, /"
sd,A,"and/CC one/CD of/IN them/PRP was/VBD a/DT bad/JJ test/NN ,/,","{C and } one of them was a bad test, /"
%,A,so/RB ./.,{C so. } -/
^2,B,"Positive/JJ for/IN anything/NN ,/,","Positive for anything, /"
%,B,see/UH yeah/UH ./.,{D see } yeah. /
sd,B,"See/UH ,/, uh/UH ,/, and/CC I/PRP just/RB started/VBD working/VBG ,/, well/UH for/IN an/DT electronics/NNS firm/NN down/IN here/RB ,/,","{D See, } {F uh, } {C and } I just started working, {D well } for an electronics firm down here, /"
sd,B,I/PRP used/VBD to/TO be/VB a/DT reporter/NN ./.,I used to be a reporter. /
b,A,Yeah/UH ./.,Yeah. /
sd,B,"And/CC then/RB now/RB ,/, I/PRP 'm/VBP in/IN corporate/JJ communications/NNS ,/,","{C And then } now, I'm in corporate communications, /"
b,A,Yeah/UH ./.,Yeah. /
sd,B,"and/CC ,/, uh/UH ,/, part/NN of/IN that/DT excuse/VB me/PRP ,/, was/VBD ,/, as/IN a/DT new/JJ hire/NN ,/, that/IN I/PRP had/VBD to/TO take/VB a/DT drug/NN test/NN ,/,","{C and, } {F uh, } part of that <cough> {E excuse me, } was, as a new hire, that I had to take a drug test, /"
b^m,A,"Drug/NN test/NN ,/,","Drug test, /"
b,A,"righ-/UH ,/,","righ-, -/"
sd,B,and/CC I/PRP had/VBD never/RB been/VBN asked/VBN that/DT,{C and } I had never been asked that /
sd,B,"and/CC I/PRP thought/VBD ,/, um/UH ,/, I/PRP really/RB did/VBD n't/RB like/VB it/PRP ./.","{C and } I thought, {F um, } I really didn't like it. /"
sd,B,"Um/UH ,/, I/PRP ,/, I/PRP have/VBP very/RB mixed/JJ feelings/NNS about/IN it/PRP ./.","{F Um, } [ I, + I ] have very mixed feelings about it. /"
aap_am,B,I/PRP do/VBP n't/RB disagree/VB or/CC agree/VB with/IN you/PRP ./.,I don't disagree or agree with you. /
b,A,Yeah/UH ./.,Yeah. /
sv,B,"Um/UH ,/, I/PRP think/VBP i-/XX ,/, I/PRP think/VBP that/IN it/PRP 's/BES well/UH","{F Um, } [ I think i-, + I think ] that it's well /"
sd,B,"and/CC you/PRP 're/VBP in/IN that/DT field/NN ,/,","{C and } you're in that field, /"
h,B,"so/RB I/PRP do/VBP n't/RB know/VB ,/,","{C so } I don't know, /"
%,B,"but/CC it/PRP 's/BES ,/,","{C but } it's, - /"
sd,B,"you/PRP know/VBP ,/, we/PRP lived/VBD in/IN ,/, uh/UH ,/, Minneapolis/NNP when/WRB the/DT Northwest/NNP Airlines/NNPS pilot/NN in/IN the/DT Dakotas/NNPS ,/,","{D you know, } we lived in, {F uh, } Minneapolis when the Northwest Airlines pilot in the Dakotas, -/"
b,A,"Yeah/UH ,/,","Yeah, /"
b,A,right/UH ./.,right. /
b,B,"yeah/UH ,/,","yeah, /"
sd,B,"that/WDT hit/VBD the/DT fan/NN like/IN ,/, uh/UH ,/,","that hit the fan like, {F uh, } - /"
sv,B,"you/PRP ,/, uh/UH ,/, you/PRP 're/VBP obviously/RB aware/JJ of/IN that/DT ,/, um/UH ./.","[ you, + {F uh, } you're ] obviously aware of that, {F um } <throat_clearing>. /"
aa,A,"Yes/UH ,/,","Yes, /"
aa,A,I/PRP am/VBP ./.,I am. /
sd,B,"I/PRP do/VBP n't/RB know/VB there/EX should/MD be/VB some/DT happy/JJ medium/NN in/IN terms/NNS of/IN ,/,","I don't know there should be some happy medium in terms of, - /"
sv,B,"if/IN they/PRP 're/VBP going/VBG to/TO do/VB random/JJ ,/, um/UH ,/,","if they're going to do random, {F um, } - /"
sv,B,"I/PRP ,/, I/PRP do/VBP n't/RB agree/VB with/IN random/JJ ,/,","[ I, + I ] don't agree with random, - /"
b,A,Yeah/UH ./.,Yeah. /
sv,B,"um/UH ,/, I/PRP do/VBP n't/RB see/VB a/DT problem/NN with/IN that/DT ./.","{F um, } I don't see a problem with that. /"
sv,B,"I/PRP do/VBP think/VB ,/, I/PRP see/VBP some/DT level/NN of/IN necessity/NN ,/, um/UH ,/, in/IN something/NN where/WRB people/NNS are/VBP transporting/VBG other/JJ people/NNS ,/, uh/UH ,/, only/RB because/IN of/IN the/DT things/NNS you/PRP 've/VBP heard/VBN about/RB ./.","I do think, I see some level of necessity, {F um, } <throat_clearing> in something where people are transporting other people, {F uh, } only because of the things you've heard about. /"
%,B,The/DT problem/NN is/VBZ,The problem is - /
sv,B,"the/DT reason/NN I/PRP feel/VBP that/DT way/NN ,/, even/RB to/IN a/DT low/JJ degree/NN is/VBZ because/IN it/PRP 's/BES the/DT old/JJ story/NN the/DT minority/NN make/VB it/PRP bad/JJ for/IN the/DT ,/, you/PRP know/VBP ,/, majority/NN ,/, um/UH ./.","the reason I feel that way, even to a low degree is because it's the old story the minority make it bad for the, {D you know, } majority, {F um. } /"
b,A,"Yeah/UH ,/,","Yeah, /"
sd,A,"I/PRP ,/, I/PRP can/MD understand/VB the/DT public/NN 's/POS alarm/NN to/IN it/PRP ,/,","[ I, + I ] can understand the public's alarm to it, /"
b,B,"Yeah/UH ,/,","Yeah, /"
sd,B,I/PRP 'm/VBP not/RB alarmed/JJ ./.,I'm not alarmed. /
sd,A,"but/CC ,/, I/PRP guess/VBP ,/, having/VBG done/VBN this/DT all/DT my/PRP$ life/NN ,/, I/PRP knew/VBD that/IN there/EX was/VBD n't/RB a/DT problem/NN","{C but, } I guess, having done this all my life, I knew that there wasn't a problem /"
sd,A,"and/CC ,/, and/CC it/PRP ,/, indeed/RB it/PRP has/VBZ proved/VBN out/RP that/DT way/NN ,/,","[ {C and, } + {C and } ] [ it, + indeed it ] has proved out that way, /"
oo_co_cc,A,"but/CC now/RB ,/, try/VB to/TO get/VB the/DT damn/JJ thing/NN repealed/VBN ,/, you/PRP know/VBP ./.","{C but } now, try to get the damn thing repealed, {D you know. } /"
ar,B,"You/PRP ca/MD n't/RB ,/,","You can't, /"
%,B,"yeah/UH ,/,","yeah, /"
%,B,"I/PRP know/VBP ,/, it/PRP 's/BES ,/, um/UH ./.","I know, it's, {F um. } -/"
sd,A,"I/PRP guess/VBP I/PRP feel/VBP bad/JJ because/IN ,/,","I guess I feel bad because, - /"
%,A,"uh/UH ,/, not/RB only/RB that/DT","{F uh, } not only that - /"
qh,A,"but/CC in/IN some/DT of/IN the/DT instances/NNS like/IN you/PRP just/RB cited/VBD where/WRB you/PRP have/VBP to/TO give/VB your/PRP$ fingerprints/NNS ,/, I/PRP mean/VBP wha-/XX ,/, what/WP ,/, what/WP happens/VBZ if/IN you/PRP say/VBP no/UH ./.","{C but } in some of the instances {D like } you just cited where you have to give your fingerprints, {E I mean } [ [ wha-, + what, ] + what ] happens if you say no. /"
sv,A,If/IN you/PRP say/VBP no/UH then/RB you/PRP 're/VBP excluded/VBN,If you say no then you're excluded /
%,A,"and/CC I/PRP ,/,","{C and } I, - /"
sv,A,"does/VBZ n't/RB seem/VB the/DT courts/NNS ,/,","doesn't seem the courts, -/"
aa,B,"Right/UH ,/,","Right, /"
aa,B,"right/UH ,/,","right, /"
%,B,"it/PRP 's/BES a/DT matter/NN ,/,","it's a matter, - /"
aa,B,"and/CC that/DT 's/BES ,/, um/UH ,/, exactly/RB what/WP it/PRP is/VBZ ./.","{C and } that's, {F um, } exactly what it is. /"
b,A,Yeah/UH ./.,Yeah. /
sv,B,"I/PRP mean/VBP ,/, that/DT ,/, that/DT kind/NN of/IN screening/NN in/IN general/NN is/VBZ a/DT matter/NN of/IN exclusion/NN ./.","{E I mean, } [ that, + that ] kind of screening in general is a matter of exclusion. /"
sv,B,"Um/UH ,/, if/IN we/PRP did/VBD n't/RB give/VB it/PRP we/PRP would/MD n't/RB go/VB to/IN Romania/NNP ./.","{F Um, } if we didn't give it we wouldn't go to Romania. /"
aa,A,That/DT 's/BES right/JJ ./.,That's right. /
%,B,"I/PRP mean/VBP ,/, if/IN ,/,","{E I mean, } if, - /"
sv,B,"you/PRP hate/VBP to/TO say/VB that/DT ,/,","you hate to say that, /"
sv,B,but/CC that/DT 's/BES the/DT way/NN it/PRP is/VBZ ./.,{C but } that's the way it is. /
sd,A,"It/PRP 's/BES my/PRP$ feeling/NN also/RB that/IN ,/, that/IN ,/, that/IN although/IN","It's my feeling also [ [ that, + that, ] + that ] although - /"
sd,A,"I/PRP ,/, I/PRP do/VBP n't/RB know/VB if/IN it/PRP 's/BES that/RB serious/JJ ,/, i-/XX ,/,","[ I, + I ] don't know if it's that serious, [ i-, + ] /"
sd,A,"but/CC that/DT was/VBD part/NN of/IN the/DT question/NN ,/,","{C but } that was part of the question, /"
b,B,"Uh-huh/UH ,/,","Uh-huh, /"
sv,A,"I/PRP do/VBP feel/VB the/DT courts/NNS have/VBP ,/, have/VBP held/VBN up/RP a/DT great/JJ deal/NN of/IN ,/, of/IN our/PRP$ privacy/NN ,/, I/PRP mean/VBP particularly/RB look/VB in/IN ,/, in/IN some/DT of/IN the/DT ,/, in/IN some/DT of/IN the/DT ,/,","I do feel the courts [ have, + have ] held up a great deal [ of, + of ] our privacy, {E I mean } particularly look [ [ in, + in ] some of the, + in some of the, ] -/"
b,B,Uh-huh/UH ./.,Uh-huh. /
sd,A,"uh/UH ,/, I/PRP notice/VBP in/IN some/DT of/IN the/DT sexual/JJ cases/NNS they/PRP 've/VBP held/VBN up/RP a/DT great/JJ deal/NN of/IN privacy/NN ,/,","{F uh, } I notice in some of the sexual cases they've held up a great deal of privacy,"
b,B,Uh-huh/UH ./.,Uh-huh. /
+,A,"which/WDT I/PRP support/VBP of/IN course/NN ,/,","which I support of course, /"
sv,A,"but/CC it/PRP I/PRP guess/VBP with/IN our/PRP$ fear/NN with/IN crime/NN and/CC maybe/RB airline/NN crashes/NNS and/CC things/NNS like/IN that/DT ,/, it/PRP does/VBZ seem/VB that/IN we/PRP 've/VBP ,/, we/PRP 've/VBP slipped/VBN and/CC that/DT 's/HVS eroded/VBN ,/,","{C but } it I guess with our fear with crime and maybe airline crashes and things like that, it does seem that [ we've, + we've ] slipped and that's eroded, /"
sv,A,"or/CC at/IN least/JJS those/DT in/NN the/DT market/NN place/NN their/PRP$ everyday/JJ life/NN seemed/VBD to/TO take/VB that/DT as/IN a/DT signal/NN that/IN ,/, you/PRP know/VBP ,/, it/PRP 's/BES fair/JJ game/NN ,/,","{C or } at least those in the market place their everyday life seemed to take that as a signal that, {D you know, } it's fair game, /"
%,A,"t/DT ,/,","t-, - /"
sv,A,"you/PRP ,/, you/PRP have/VBP to/TO answer/VB these/DT questions/NNS ,/, of/IN course/NN ./.","[ you, + you ] have to answer these questions, of course. /"
b,B,Uh-huh/UH ./.,Uh-huh. /
h,A,"Uh/UH ,/, I/PRP do/VBP n't/RB know/VB ,/,","{F Uh, } I don't know, /"
sv,A,"I/PRP ,/, I/PRP feel/VBP there/EX has/VBZ been/VBN an/DT erosion/NN","[ I, + I ] feel there has been an erosion /"
sd,A,"and/CC I/PRP do/VBP n't/RB really/RB know/VB how/WRB serious/JJ it/PRP is/VBZ ,/, except/IN I/PRP do/VBP n't/RB like/VB it/PRP ./.","{C and } I don't really know how serious it is, except I don't like it <laughter>. /"
sd,B,"In/IN terms/NNS of/IN the/DT privacy/NN ,/, yeah/UH ,/,","In terms of the privacy, yeah, /"
%,B,"that/IN in/IN it/PRP ,/,","that in it, - /"
sv,B,"and/CC also/RB ,/, I/PRP agree/VBP with/IN that/DT","{C and } also, I agree with that /"
sd,B,"and/CC in/IN the/DT ,/, in/IN terms/NNS of/IN the/DT question/NN ,/, um/UH ,/, in/IN terms/NNS ,/, uh/UH ,/,","{C and } [ in the, + in ] terms of the question, {F um, } in terms, {F uh, } - /"
sd,B,"I/PRP worked/VBD in/IN medical/JJ public/JJ relations/NNS for/IN almost/RB a/DT decade/NN ,/,","I worked in medical public relations for almost a decade, /"
b,A,Um/UH ./.,{F Um. } /
sd,B,"and/CC that/DT was/VBD pre-AIDS/JJ and/CC all/PDT the/DT other/NN ,/, um/UH ,/, things/NNS ,/,","{C and } that was pre-AIDS and all the other, {F um, } things,"
b,A,Um/UH ./.,{F Um. } /
+,B,"that/WDT were/VBD probably/RB there/RB but/CC just/RB not/RB ,/, excuse/VB me/PRP ,/, labeled/VBN","that were probably there but just not <throat_clearing>, {E excuse me, } labeled /"
sd,B,"and/CC I/PRP have/VBP a/DT real/JJ problem/NN with/IN medical/JJ professionals/NNS ,/,","{C and } I have a real problem with medical professionals, /"
sd,B,"um/UH ,/, it/PRP goes/VBZ back/RB to/IN the/DT things/NNS like/IN drug/NN screening/NN","{F um, } it goes back to the things like drug screening /"
sd,B,"but/CC if/IN it/PRP 's/BES in/IN any/DT level/NN even/RB with/IN the/DT potential/JJ to/IN endangerment/NN ,/,","{C but } if it's in any level even with the potential to endangerment, -/"
b,A,Uh-huh/UH ./.,Uh-huh. /
sv,B,"um/UH ,/, and/CC I/PRP think/VBP this/DT is/VBZ much/RB stronger/JJR than/IN ,/, you/PRP know/VBP ,/, pilots/NNS or/CC ,/, uh/UH ,/, train/NN engineers/NNS being/VBG screened/VBN ,/,","{F um, } {C and } I think this is much stronger than, {D you know, } pilots or, {F uh, } train engineers being screened, /"
b,A,Yeah/UH ./.,Yeah. /
sd,B,"um/UH ,/, the/DT transmission/NN of/IN the/DT AIDS/NN virus/NN ,/, um/UH ,/,","{F um, } the transmission of the AIDS virus, {F um, } - /"
%,B,"i-/XX ,/,","i-, - /"
%,B,"i-/XX ,/,","i-, - /"
sv,B,that/DT 's/BES a/DT real/JJ ethical/JJ problem/NN ./.,that's a real ethical problem. /
sd,B,"I/PRP mean/VBP I/PRP do/VBP n't/RB ,/, I/PRP do/VBP n't/RB have/VB the/DT answer/NN ,/,","{E I mean } [ I don't, + I don't ] have the answer, /"
sd,B,"I/PRP ,/, I/PRP ,/, you/PRP know/VBP ,/, I/PRP mean/VBP I/PRP think/VBP of/IN the/DT young/JJ girl/NN in/IN Florida/NNP who/WP ,/,","{E [ [ I, + I, ] + {D you know, } I ] mean } I think of the young girl in Florida who, - /"
%,B,"well/UH ,/, yeah/UH","{D well, } yeah /"
%,B,"that/DT 's/BES ,/,","that's, - /"
qy,B,was/VBD she/PRP from/IN your/PRP$ part/NN of/IN the/DT country/NN ?/.,was she from your part of the country? /
qy,B,"Or/CC was/VBD she/PRP from/IN ,/,","{C Or } was she from, -/"
br,A,What/WP was/VBD that/DT ?/.,What was that? /
sd,B,"The/DT young/JJ girl/NN that/WDT ,/, uh/UH ,/, contracted/VBD AIDS/NN through/IN her/PRP$ dentist/NN ,/, allegedly/RB ./.","The young girl that, {F uh, } contracted AIDS through her dentist, allegedly. /"
bk,A,"Oh/UH ,/, yeah/UH ,/,","{F Oh, } yeah, /"
bk,A,"yeah/UH ,/,","yeah, /"
bk,A,yeah/UH ./.,yeah. /
sd,B,"And/CC then/RB they/PRP proved/VBD it/PRP ,/,","{C And then } they proved it, /"
%,B,yeah/UH ./.,yeah. /
b,A,Right/UH ./.,Right. /
sd,B,"I/PRP do/VBP n't/RB ,/, I/PRP do/VBP n't/RB know/VB ,/, um/UH ,/, i-/XX ,/, y-/XX ,/, I/PRP do/VBP n't/RB know/VB if/IN it/PRP 's/BES the/DT old/JJ story/NN that/IN we/PRP are/VBP killing/VBG ourselves/PRP in/IN general/JJ ,/, or/CC what/WP ,/, um/UH ,/,","[ [ I don't, + I don't know, ] + {F um, } [ i-, + ] [ y-, + ] I don't ] know if it's the old story that we are killing ourselves in general, or what, {F um, } /"
%,A,"Well/UH I/PRP mean/VBP it/PRP ,/, it/PRP ,/,","{D Well } {E I mean } [ it, + it, ] - /"
sd,A,"just/RB take/VB that/DT ,/, that/DT step/NN now/RB ,/, where/WRB ,/, where/WRB now/RB we/PRP feel/VBP there/EX 's/BES a/DT need/NN to/TO do/VB that/DT","just take [ that, + that ] step [ now, + [ where, + where ] now ] we feel there's a need to do that /"
sv,A,"and/CC the/DT next/JJ thing/NN you/PRP know/VBP then/RB ,/,","{C and } the next thing you know then,"
b,B,Uh-huh/UH ./.,Uh-huh. /
+,A,"uh/UH ,/, there/EX 's/BES always/RB the/DT need/NN to/TO ,/, to/TO go/VB and/CC inspect/VB lockers/NNS of/IN high/JJ school/NN students/NNS ,/,","{F uh, } there's always the need [ to, + to ] go and inspect lockers of high school students, /"
%,A,"tha-/XX ,/,","tha-, -/"
b,B,"Oh/UH ,/, yeah/UH ,/,","{F Oh, } yeah, /"
%,B,"the/DT ,/,","the, - /"
sd,B,"I/PRP guess/VBP the/DT question/NN is/VBZ ,/, uh/UH ,/,","I guess the question is, {F uh, } - /"
qh,B,"the/DT ,/, the/DT thing/NN for/IN me/PRP is/VBZ ,/, who/WP sets/VBZ the/DT parameters/NNS or/CC who/WP has/VBZ the/DT control/NN ,/, you/PRP know/VBP ./.","[ the, + the ] thing for me is, who sets the parameters or who has the control, {D you know. } /"
b,A,"Yeah/UH ,/,","Yeah, /"
h,A,"I/PRP guess/VBP so/RB ,/,","I guess so, /"
ba,A,"I/PRP mean/VBP well/UH ,/, uh/UH ,/, good/JJ luck/NN to/IN you/PRP ,/,","{E I mean } {D well, } {F uh, } good luck to you, /"
sd,A,you/PRP just/RB moved/VBD to/IN Texas/NNP --/:,you just moved to Texas <laughter> --
b,B,Yeah/UH,Yeah /
x,B,./.,<laughter>.
+,A,--/: from/IN Minneapolis/NNP ./.,-- from Minneapolis. /
sv,A,"Uh/UH ,/, I/PRP do/VBP n't/RB ,/,","{F Uh, } [ I don't, +"
b,B,Yeah/UH ./.,Yeah. /
+,A,I/PRP do/VBP n't/RB hold/VB out/RP much/JJ hope/NN for/IN you/PRP ./.,I don't ] hold out much hope for you. /
sv,A,I/PRP think/VBP they/PRP 'll/MD be/VB a/DT cultural/JJ shock/NN ./.,I think they'll be a cultural shock. /
sd,A,"I/PRP mean/VBP I/PRP was/VBD based/VBN there/RB a/DT lot/NN ,/, uh/UH ,/, several/JJ times/NNS in/IN the/DT service/NN","{E I mean } I was based there a lot, {F uh, } several times in the service /"
sd,A,"and/CC I/PRP was/VBD absolutely/RB flabbergasted/JJ at/IN the/DT ,/,","{C and } I was absolutely flabbergasted at the, - /"
sd,A,"in/IN ,/, in/IN at/IN least/JJS in/IN criminal/JJ law/NN some/DT of/IN the/DT ,/, some/DT of/IN the/DT ,/,","[ in, + in ] at least in criminal law [ some of the, + some of the, ]"
%,B,"Oh/UH it/PRP 's/BES ,/, it/PRP 's/BES ter-/XX ,/,","{F Oh } [ it's, + it's ] ter-, -/"
+,A,"latitudes/NNS that/WDT the/DT police/NN had/VBD ,/,","latitudes that the police had, - /"
%,A,but/CC ./.,{C but. } -/
%,B,"I/PRP 'm/VBP ,/, uh/UH ,/,","I'm, {F uh, } - /"
ba,B,"very/RB seriously/RB ,/,","very seriously, - /"
%,B,"no-/XX ,/,","no-, - /"
sd,B,"more/JJR than/IN just/RB seriously/RB ,/,","more than just seriously, - /"
sd,B,I/PRP 'm/VBP more/JJR than/IN likely/JJ going/NN to/TO be/VB going/VBG to/IN law/NN school/NN in/IN the/DT Fall/NNP ./.,I'm more than likely going to be going to law school in the Fall. /
bk,A,Oh/UH yeah/UH ./.,Oh yeah. /
ny,B,"And/CC ,/, yeah/UH ,/,","{C And, } yeah, /"
sd,B,if/IN I/PRP figure/VBP out/RP that/DT 's/BES still/RB what/WP I/PRP really/RB want/VBP to/TO do/VB,if I figure out that's still what I really want to do - /
sd,B,"and/CC ,/, th-/XX ,/, the/DT things/NNS I/PRP 'm/VBP finding/VBG out/RP are/VBP the/DT in/NN terms/NNS of/IN things/NNS like/IN privacy/NN ,/, the/DT way/NN the/DT law/NN is/VBZ interpreted/VBN ,/, presented/VBN ,/,","{C and, } [ th-, + the ] things I'm finding out are [ the + ] <throat_clearing> in terms of things {D like } privacy, the way the law is interpreted, presented, /"
b,A,Yeah/UH ./.,Yeah. /
sv,B,"um/UH ,/, it/PRP 's/BES no/DT better/JJR than/IN journalism/NN ./.","{F um, } it's no better than journalism <laughter>."
x,A,,<Laughter>.
+,B,"Um/UH ,/, except/IN in/IN journalism/NN it/PRP 's/BES words/NNS ,/,","{F Um, } except in journalism it's words, /"
sd,B,"um/UH ,/, this/DT is/VBZ very/RB frightening/JJ in/IN that/DT ,/, uh/UH ,/, oh/UH ,/,","{F um, } this is very frightening in that, {F uh, } {F oh, } - /"
sd,B,"and/CC in/IN ,/, uh/UH ,/, in/IN Texas/NNP they/PRP ,/, they/PRP d-/XX ,/, they/PRP do/VBP not/RB require/VB for/IN instance/NN for/IN prospective/JJ adoptive/JJ parents/NNS ,/,","{C and } [ in, + {F uh, } in ] Texas [ [ they, + they d-, ] + they do ] not require for instance for prospective adoptive parents,"
b,A,Um/UH ./.,{F Um. } /
+,B,"whether/IN it/PRP 's/BES domestic/JJ or/CC international/JJ ,/,","whether it's domestic or international, - /"
sd,B,they/PRP 're/VBP one/CD of/IN only/RB five/CD states/NNS that/WDT do/VBP not/RB require/VB a/DT criminal/JJ investigation/NN check/NN ./.,they're one of only five states that do not require a criminal investigation check. /
sd,B,"Yet/RB ,/, if/IN you/PRP 're/VBP caught/VBN with/IN ,/,","Yet, if you're caught with, - /"
sv,B,"let/NN 's/PRP just/RB say/VBP ,/, um/UH ,/, that/DT somebody/NN who/WP 's/BES in/IN ne-/XX ,/,","let's just say, {F um, } that somebody who's in ne-, - /"
%,B,"not/RB us/PRP ,/,","not us, - /"
sd,B,"but/CC somebody/NN who/WP 's/BES need/NN of/IN carting/VBG ,/, um/UH ,/, aluminum/NN beer/NN cans/NNS around/IN ,/,","{C but } somebody who's need of carting, {F um, } aluminum beer cans around, /"
sd,B,"they/PRP have/VBP n't/RB touched/VBN them/PRP ,/,","they haven't touched them, /"
sd,B,"they/PRP have/VBP n't/RB drank/VBD them/PRP ,/,","they haven't drank them, /"
sd,B,they/PRP picked/VBD them/PRP up/IN off/IN the/DT street/NN,they picked them up off the street /
sd,B,"and/CC they/PRP want/VBP to/TO take/VB them/PRP to/IN a/DT recycling/NN ,/, uh/UH ,/, resource/NN --/:","{C and } they want to take them to a recycling, {F uh, } resource --"
+,B,"--/: for/IN money/NN ,/, or/CC whatever/WDT ./.","-- for money, or whatever. /"
sd,B,"Um/UH ,/, they/PRP 've/VBP ,/, they/PRP 've/VBP been/VBN going/VBG through/IN a/DT lot/NN of/IN bad/JJ publicity/NN here/RB in/IN the/DT last/JJ three/CD or/CC four/CD months/NNS again/RB ,/, um/UH ,/, because/IN they/PRP 've/VBP been/VBN arresting/VBG people/NNS like/IN that/DT ./.","{F Um, } [ they've, + they've ] been going through a lot of bad publicity here in the last three or four months again, {F um, } because they've been arresting people like that. /"
sd,A,"Well/UH ,/, I/PRP mean/VBP ,/, I/PRP do/VBP n't/RB understand/VB ,/,","{D Well, } {E I mean, } I don't understand, /"
qy,B,You/PRP know/VBP ./.,{D You know. } -/
%,A,"if/IN you/PRP ,/, if/IN you/PRP do/VBP n't/RB ,/,","[ if you, + if you ] don't, - /"
qh,A,"if/IN they/PRP do/VBP n't/RB make/VB a/DT criminal/JJ check/NN ,/, why/WRB do/VBP you/PRP have/VB to/TO be/VB fingerprinted/VBN ./.","if they don't make a criminal check, why do you have to be fingerprinted. /"
sd,B,"Because/IN ,/, um/UH ,/, in/IN our/PRP$ case/NN ,/, one/CD is/VBZ at/IN the/DT state/NN and/CC the/DT other/JJ one/CD is/VBZ at/IN the/DT federal/JJ level/NN ./. Because/IN you/PRP have/VBP to/TO de/VB ,/, because/IN you/PRP have/VBP to/TO deal/VB with/IN the/DT I/NNP N/NNP ,/,","{C Because, } {F um, } in our case, one is at the state and the other one is at the federal level. [ Because you have to de-, + because you have to deal ] with the I N, /"
%,B,"yeah/UH ,/,","yeah, /"
sv,B,"because/IN you/PRP have/VBP to/TO deal/VB with/IN the/DT ,/, uh/UH ,/, imi-/XX ,/, immigration/NN service/NN ./.","because you have to deal with the, {F uh, } imi-, immigration service. -/"
bk,A,"Oh/UH ,/, I/PRP see/VBP ,/,","{F Oh, } I see, /"
bf,A,oh/UH the/DT state/NN does/VBZ n't/RB require/VB it/PRP ./.,{F oh } the state doesn't require it. /
qy,A,"Well/UH that/DT 's/BES kind/RB of/RB ,/, that/DT 's/BES rather/RB ,/, that/DT 's/BES rather/RB unusual/JJ ,/, is/VBZ n't/RB it/PRP ./.","{D Well } [ that's kind of, + ] [ that's rather, + that's rather ] unusual, isn't it. /"
ny,B,Yeah/UH,Yeah /
sd,B,"it/PRP is/VBZ ,/,","it is, /"
%,B,"it/PRP 's/BES ,/, uh/UH ,/,","it's, {F uh, } - /"
sd,B,"the/DT whole/JJ thing/NN is/VBZ ,/,","the whole thing is, - /"
sv,B,"I/PRP mean/VBP there/EX 's/BES ,/, again/RB there/EX 's/BES no/DT consistency/NN ./.","{E I mean } [ there's, + again there's ] no consistency. /"
%,B,"You/PRP know/VBP ,/, like/IN in/IN your/PRP$ ,/,","{D You know, } {D like } in your, - /"
sv,B,"in/IN terms/NNS of/IN you/PRP being/VBG a/DT pilot/NN and/CC being/VBG tested/VBN randomly/RB ,/, um/UH ,/, I/PRP ca/MD n't/RB see/VB why/WRB after/IN a/DT certain/JJ number/NN of/IN years/NNS or/CC after/IN a/DT certain/JJ time/NN frame/NN they/PRP ca/MD n't/RB do/VB it/PRP at/IN an/DT interval/NN ,/,","in terms of you being a pilot and being tested randomly, {F um, } I can't see why after a certain number of years or after a certain time frame they can't do it at an interval, /"
qy,B,"or/CC you/PRP know/VBP ,/, I/PRP mean/VBP","{C or } {D you know, } {E I mean } - /"
x,B,"MUMBLEx/XX ,/,","(( )) ,"
qh,A,"Well/UH I/PRP guess/VBP ,/, I/PRP guess/VBP the/DT extension/NN of/IN that/DT is/VBZ ,/, why/WRB ,/, why/WRB not/RB ,/,","{D Well } [ I guess, + I guess ] the extension of that is, [ why, + why ] not, - /"
sv,A,"the/DT next/JJ thing/NN you/PRP know/VBP ,/, we/PRP 'll/MD just/RB stop/VB a/DT random/JJ amount/NN of/IN motorists/NNS","the next thing you know, we'll just stop a random amount of motorists /"
sv,A,and/CC then/RB if/IN we/PRP really/RB think/VBP that/IN drugs/NNS are/VBP a/DT problem/NN we/PRP can/MD randomly/RB stop/VB anybody/NN on/IN the/DT street/NN ./.,{C and then } if we really think that drugs are a problem we can randomly stop anybody on the street. /
sd,B,"They/PRP ,/, they/PRP do/VBP that/DT in/IN Texas/NNP ./.","[ They, + they ] do that in Texas. /"
bh,A,"Oh/UH ,/, they/PRP do/VBP ?/.","{F Oh, } they do? /"
na,B,"They/PRP do/VBP n't/RB do/VB it/PRP for/IN drugs/NNS ,/,","<Laughter> They don't do it for drugs, /"
sd,B,"what/WP they/PRP do/VBP is/VBZ they/PRP check/VBP to/TO see/VB if/IN you/PRP 've/VBP got/VBN ,/, uh/UH ,/, current/JJ insurance/NN","what they do is they check to see if you've got, {F uh, } current insurance /"
sd,B,"or/CC they/PRP check/VBP to/TO ,/,","{C or } they check [ to, +"
b,A,Yeah/UH ./.,Yeah. /
+,B,"to/TO see/VB if/IN you/PRP 're/VBP permits/NNS are/VBP ,/,","to ] see if you're permits are, -/"
sv,A,"Well/UH there/EX 's/BES ,/, there/EX 's/BES all/DT sorts/NNS of/IN scare/NN tactics/NNS ,/, I/PRP guess/VBP ,/, to/TO ,/, to/TO invade/VB our/PRP$ privacy/NN","{D Well } [ there's, + there's ] all sorts of scare tactics, I guess, to, to invade our privacy /"
%,A,"and/CC ,/,","{C and, } -/"
b,B,"Yeah/UH ,/,","Yeah, /"
ba,B,I/PRP know/VBP,I know /
sd,B,"and/CC it/PRP 's/BES kind/RB of/RB ,/, um/UH ,/,","{C and } it's kind of, {F um, } - /"
t1,B,"what/WP 's/BES the/DT word/NN I/PRP want/VBP ,/,","what's the word I want, /"
%,B,"I/PRP do/VBP n't/RB ,/,","I don't, - /"
%,B,"it/PRP 's/BES ju-/RB ,/,","it's ju-, - /"
sd,B,"to/IN me/PRP it/PRP 's/BES just/RB frightening/JJ ,/, you/PRP know/VBP ./.","to me it's just frightening, {D you know. } /"
b,A,Yeah/UH ./.,Yeah. /
%,B,"I/PRP mean/VBP the/DT old/JJ ,/, uh/UH ,/,","{E I mean } the old, {F uh, } - /"
sd,B,"I/PRP 'm/VBP old/JJ enough/RB now/RB where/WRB George/NNP Orwell/NNP ,/,","I'm old enough now where George Orwell, - /"
sd,B,"uh/UH ,/, way/NN past/JJ time/NN ./.","{F uh, } way past time <laughter>. -/"
sd,A,"I/PRP just/RB going/VBG to/TO say/VB ,/, NINETEEN/CD EIGHTY-FOUR/CD ,/,","I just going to say, NINETEEN EIGHTY-FOUR,"
b,B,Yeah/UH ./.,Yeah. /
+,A,"is/VBZ come/VBN an-/XX ,/, is/VBZ come/VBN and/CC gone/VBN","[ is come an-, + is come and ] gone /"
sv,A,but/CC it/PRP 's/BES here/RB ./.,{C but } it's here. /
aa,B,"Yeah/UH ,/,","Yeah, /"
aa,B,"it/PRP 's/BES exactly/RB true/JJ ,/,","it's exactly true, /"
%,B,"I/PRP mean/VBP I/PRP ,/,","{E I mean } I, -/"
sv,A,"And/CC the/DT computers/NNS ,/, of/IN course/NN helps/VBZ that/DT ./.","{C And } the computers, of course helps that. /"
sd,A,The/DT computer/NN abilities/NNS store/VBP that/DT information/NN ./.,The computer abilities store that information. /
ad,B,"Well/UH look/VB at/IN what/WP we/PRP 're/VBP talking/VBG now/RB ,/,","{D Well } look at what we're talking now, /"
%,B,"I/PRP mean/VBP ,/, it/PRP 's/BES ,/,","{E I mean, } it's, - /"
ad,B,"look/VB how/WRB we/PRP 're/VBP talking/VBG now/RB ,/,","look how we're talking now, /"
qh,B,"I/PRP mean/VBP you/PRP wonder/VBP ultimately/RB what/WP a/DT network/NN of/IN stranger/NN ,/, you/PRP know/VBP ,/,","{E I mean } you wonder ultimately what a network of stranger, {D you know, } -/"
