act_tag,speaker,pos,text
"fo_o_fw_""_by_bc",A,Okay/UH ./.,Okay. /
sv,B,"Well/UH ,/, if/IN you/PRP 're/VBP from/IN Iowa/NNP ,/, you/PRP must/MD be/VB very/RB artsy/JJ crafty/JJ ./.","{D Well, } if you're from Iowa, you must be very artsy crafty. /"
sd,B,Everyone/NN I/PRP 've/VBP ever/RB known/VBN from/IN the/DT Midwest/NNP can/MD do/VB everything/NN with/IN their/PRP$ hands/NNS ./.,Everyone I've ever known from the Midwest can do everything with their hands. /
sd,A,"Oh/UH ,/, well/UH ,/, actually/RB I/PRP 'm/VBP from/IN California/NNP","{F Oh, } {D well, } <laughter> actually I'm from California /"
sd,A,and/CC before/IN then/RB I/PRP was/VBD from/IN Utah/NNP ./.,{C and } before then I was from Utah. /
%,A,So/UH ./.,{C So. } -/
sd,B,"I/PRP did/VBD n't/RB know/VB anyone/NN ever/RB moved/VBD from/IN California/NNP to/IN Kan-/NNP ,/, Iowa/NNP ?/.","I didn't know anyone ever moved from California to [ Kan-, + Iowa? ] /"
sd,A,"Well/UH ,/, I/PRP grew/VBD up/RP in/IN California/NNP ,/,","{D Well, } I grew up in California, /"
sd,A,"and/CC then/RB I/PRP went/VBD to/IN school/NN in/IN Utah/NNP ,/,","{C and then } I went to school in Utah, /"
sd,A,and/CC I/PRP got/VBD married/JJ there/RB,{C and } I got married there /
sd,A,"and/CC we/PRP stayed/VBD there/RB for/IN a/DT while/NN ,/,","{C and } we stayed there for a while, /"
sd,A,"and/CC then/RB ,/, now/RB we/PRP 're/VBP in/IN U-/NNP ,/, Iowa/NNP ./.","{C and then, } now we're in [ U-, + Iowa ] <laughter>. /"
sd,B,"I/PRP 'm/VBP teasing/VBG ,/, only/RB because/IN I/PRP 'm/VBP from/IN Indiana/NNP ./.","I'm teasing, only because I'm from Indiana. /"
bh,A,"Oh/UH ,/, really/UH ./.","{F Oh, } really. /"
sd,B,"I/PRP really/RB like/VBP ,/, I/PRP like/VBP the/DT Midwest/NNP ./.","[ I really like, + I like ] the Midwest. /"
b,A,Oh/UH ./.,Oh. /
sd,B,"But/CC I/PRP married/VBD a/DT Texan/NNP ,/,","{C But } I married a Texan, /"
sv,B,and/CC they/PRP have/VBP a/DT way/NN of/IN dragging/VBG you/PRP back/RB home/RB ./.,{C and } they have a way of dragging you back home. /
x,A,./.,<Laughter>.
sd,B,"Anyway/RB ,/, we/PRP 're/VBP supposed/VBN to/TO be/VB talking/VBG about/IN crafts/NNS ./.","Anyway, we're supposed to be talking about crafts. /"
qy,B,"Do/VBP you/PRP ,/, um/UH ,/, do/VBP you/PRP have/VB any/DT hobbies/NNS that/WDT ,/, that/WDT you/PRP do/VBP things/NNS with/IN your/PRP$ hands/NNS --/:","[ Do you, + {F um, } do you ] have any hobbies [ that, + that ] you do things with your hands --"
%,A,Um/UH ./.,{F Um. } -/
+,B,"--/: like/IN knitting/NN or/CC ,/,","-- like knitting or, -/"
na,A,"Well/UH ,/, I/PRP crochet/VBP ,/,","{D Well, } I crochet, /"
sd,A,"and/CC I/PRP do/VBP water/NN color/NN ,/,","{C and } I do water color, /"
sd,A,"and/CC I/PRP ,/, um/UH ,/, sew/VBP","{C and } I, {F um, } sew /"
sd,A,and/CC I/PRP do/VBP fabric/NN painting/NN ./.,{C and } I do fabric painting. /
bf,B,"Oh/UH ,/, you/PRP do/VBP a/DT lot/NN then/RB ./.","{F Oh, } you do a lot then. /"
qy,B,Do/VBP you/PRP do/VB needlepoint/NN also/RB and/CC cross/NN stitching/NN ?/.,Do you do needlepoint also and cross stitching? /
na,A,"Um/UH ,/, I/PRP 've/VBP done/VBN some/DT cross/NN stitching/NN ./.","{F Um, } I've done some cross stitching. /"
sd,A,I/PRP have/VBP n't/RB tried/VBN any/DT needlepoint/NN yet/RB ./.,I haven't tried any needlepoint yet. /
qo,A,How/WRB about/IN you/PRP ?/.,How about you? /
sd,B,"Um/UH ,/, actually/RB I/PRP ,/, I/PRP 'm/VBP pretty/RB untalented/JJ ./.","{F Um, } actually [ I, + I'm ] pretty untalented <laughter>. /"
b,A,"Oh/UH ,/, right/UH ./.","{F Oh, } right. /"
sd,B,"I/PRP used/VBD to/TO do/VB a/DT lot/NN of/IN knitting/NN and/CC crocheting/NN ,/, um/UH ,/,","I used to do a lot of knitting and crocheting, {F um, } /"
h,B,"but/CC I/PRP ,/, I/PRP do/VBP n't/RB know/VB ,/,","{C but } [ I, + I ] don't know, /"
sd,B,somehow/RB I/PRP do/VBP n't/RB have/VB the/DT time/NN anymore/RB ./.,somehow I don't have the time anymore. /
sd,B,"But/CC I/PRP have/VBP all/PDT these/DT friends/NNS that/WDT wherever/WRB you/PRP go/VBP ,/, they/PRP ,/, they/PRP sit/VBP down/RP and/CC the/DT next/JJ thing/NN you/PRP know/VBP ,/, they/PRP pull/VBP out/IN of/IN their/PRP$ ,/, uh/UH ,/,","{C But } I have all these friends that wherever you go, [ they, + they ] sit down and the next thing {D you know, } they pull out of their, {F uh, }"
x,A,./.,<Laughter>.
+,B,"bags/NNS some/DT ,/, their/PRP$ most/RBS recent/JJ ,/, uh/UH ,/, needle/NN craft/NN --/:","bags [ some, + ] their most recent, {F uh, } needle craft -- /"
b,A,"Oh/UH ,/, really/UH ./.","{F Oh, } really. /"
sd,B,"--/: and/CC in/IN December/NNP everyone/NN was/VBD doing/VBG stockings/NNS ,/, you/PRP know/VBP --/:","-- {C and } in December everyone was doing stockings, {D you know } --"
b,A,Uh-huh/UH ./.,Uh-huh. /
+,B,"--/: these/DT gorgeous/JJ ,/, detailed/JJ --/:","-- these gorgeous, detailed --"
ba,A,"Oh/UH ,/, gosh/UH ./.","{F Oh, } gosh. /"
+,B,"--/: minute/JJ ,/, tiny/JJ stitch/NN stockings/NNS ./.","-- minute, tiny stitch stockings. /"
b,A,"Oh/UH ,/, yeah/UH ,/,","{F Oh, } yeah, /"
sv,A,well/UH those/DT take/VBP a/DT lot/NN of/IN time/NN ./.,{D well } those take a lot of time. /
aa,B,Yes/UH ./.,Yes. /
sd,A,"I/PRP only/RB can/MD do/VB things/NNS that/WDT are/VBP pretty/RB fast/JJ ,/, because/IN we/PRP just/RB ,/, um/UH ,/, got/VBD our/PRP$ baby/NN last/JJ year/NN ,/,","I only can do things that are pretty fast, because we just, {F um, } got our baby last year, /"
sd,A,"and/CC I/PRP just/RB do/VBP n't/RB have/VB the/DT patience/NN to/TO just/RB ,/, you/PRP know/VBP ,/, do/VB something/NN ./.","{C and } I just don't have the patience to just, {D you know, } do something. /"
qy,B,Is/VBZ this/DT your/PRP$ first/JJ baby/NN ?/.,Is this your first baby? /
ny,A,Uh-huh/UH ./.,Uh-huh. /
qy,B,Have/VBP you/PRP crocheted/VBN or/CC knitted/VBN any/DT baby/NN clothes/NNS or/CC baby/NN blankets/NNS ?/.,Have you crocheted or knitted any baby clothes or baby blankets? /
na,A,"Um/UH ,/, I/PRP crocheted/VBD an/DT afghan/NN for/IN our/PRP$ bed/NN ./.","{F Um, } I crocheted an afghan for our bed. /"
sd,A,"That/DT 's/BES the/DT only/JJ thing/NN ,/,","That's the only thing, /"
sd,A,"and/CC ,/, and/CC I/PRP did/VBD a/DT quilt/NN ,/,","[ {C and, } + {C and } ] I did a quilt, /"
sd,A,"let/VB 's/PRP see/VB ,/, I/PRP 've/VBP done/VBN a/DT quilt/NN for/IN our/PRP$ baby/NN","{E let's see, } I've done a quilt for our baby /"
sd,A,"and/CC I/PRP 've/VBP done/VBN a/DT quilt/NN for/IN our/PRP$ bed/NN ,/,","{C and } I've done a quilt for our bed, /"
%,A,"but/CC I/PRP mean/VBP ,/,","{C but } {E I mean, } -/"
qy,B,"Did/VBD you/PRP embroidery/VB the/DT pattern/NN and/CC then/RB quilt/VB it/PRP yourself/PRP ,/,","Did you embroidery the pattern and then quilt it yourself, /"
qw,B,or/CC --/:,{C or } --
%,A,Um/UH ./.,{F Um. } /
+,B,--/: how/WRB did/VBD you/PRP make/VB a/DT quilt/NN ?/.,-- how did you make a quilt? /
sd,A,"Um/UH ,/, our/PRP$ baby/NN 's/POS quilt/NN ,/, it/PRP was/VBD a/DT pre/JJ ,/, like/IN the/DT design/NN ,/,","{F Um, } our baby's quilt, it was [ a pre, + ] like the design, /"
sd,A,I/PRP just/RB went/VBD around/IN the/DT design/NN --/:,I just went around the design --
b,B,Uh-huh/UH ./.,Uh-huh. /
+,A,--/: in/IN the/DT quilt/NN ./.,-- in the quilt. /
sd,A,I/PRP did/VBD n't/RB piece/VB it/PRP or/CC anything/NN like/IN that/DT,I didn't piece it or anything like that /
%,A,"but/IN ,/, uh/UH ,/,","{C but, } {F uh, } -/"
qy,B,But/CC you/PRP actually/RB hand/GW quilted/^VBD it/PRP yourself/PRP ?/.,{C But } you actually hand quilted it yourself? /
ny,A,"Uh-huh/UH ,/,","Uh-huh, /"
%,A,"and/CC ,/,","{C and, } -/"
qy,B,"Did/VBD ,/, did/VBD you/PRP need/VB a/DT loom/NN ,/,","[ Did, + did ] you need a loom, /"
qrr,B,"or/CC were/VBD you/PRP a/JJ ,/,","{C or } were you a-, - /"
qy,B,was/VBD it/PRP small/JJ enough/RB that/IN you/PRP could/MD just/RB hold/VB it/PRP ?/.,was it small enough that you could just hold it? /
sd,A,"Um/UH ,/, I/PRP put/VBD it/PRP on/IN the/DT frame/NN ,/, the/DT quilting/NN frame/NN ./.","{F Um, } I put it on [ the frame, + the quilting frame. ] /"
qy,A,"Have/VBP you/PRP ,/, are/VBP you/PRP familiar/JJ with/IN that/DT ?/.","[ Have you, + are you ] familiar with that? /"
ny,B,Uh-huh/UH ./.,Uh-huh. /
b,A,"Yeah/UH ,/,","Yeah, /"
b,A,okay/UH ./.,okay <laughter>. /
sd,B,"But/CC ,/, um/UH ,/, my/PRP$ ,/, again/RB ,/, my/PRP$ mother/NN back/RB in/IN Indiana/NNP ,/,","{C But, } {F um, } [ my, + again, my ] mother back in Indiana, - /"
sd,B,"we/PRP had/VBD a/DT quilting/NN frame/NN in/IN our/PRP$ basement/NN ,/,","we had a quilting frame in our basement, /"
sd,B,"and/CC she/PRP would/MD ,/, she/PRP would/MD quilt/VB whole/JJ quilts/NNS by/IN herself/PRP ./.","{C and } [ she would, + she would ] quilt whole quilts by herself. /"
ba,A,"Oh/UH ,/, my/PRP$ God/NNP ./.","{F Oh, } my God. /"
aa,B,"Um/UH ,/, yes/UH ,/,","{F Um, } yes, /"
%,B,"which/WDT ,/,","which, - /"
sd,B,I/PRP was/VBD always/RB amazed/JJ ./.,I was always amazed. /
sd,B,"I/PRP have/VBP one/CD of/IN them/PRP ./. Um/UH ,/,","I have one of them. {F Um, } /"
sd,B,"but/CC ,/, uh/UH ,/, you/PRP know/VBP ,/, to/TO have/VB the/DT quilting/NN frame/NN and/CC then/RB to/TO actually/RB do/VB that/DT ,/, it/PRP 's/BES a/DT tremendous/JJ amount/NN of/IN work/NN ./.","{C but, } {F uh, } {D you know, } to have the quilting frame and then to actually do that, it's a tremendous amount of work. /"
sd,A,"Well/UH ,/, I/PRP have/VBP n't/RB done/VBN tons/NNS of/IN them/PRP ./.","{D Well, } I haven't done tons of them <laughter>. /"
sd,A,"But/CC ,/, um/UH ,/, I/PRP used/VBD to/TO do/VB more/RBR before/IN ,/, um/UH ,/, before/IN I/PRP had/VBD ,/, before/IN we/PRP got/VBD our/PRP$ baby/NN ,/,","{C But, } {F um, } I used to do more [ [ before, + {F um, } before I had, ] + before we got ] our baby, /"
%,A,but/CC ./.,{C but. } -/
bf,B,"Oh/UH ,/, you/PRP think/VBP ,/, children/NNS ,/,","{F Oh, } you think, children, - /"
sv,B,"you/PRP can/MD ,/, um/UH ,/, use/VB crafts/NNS to/TO make/VB wonderful/JJ things/NNS for/IN children/NNS ./.","you can, {F um, } use crafts to make wonderful things for children. /"
b,A,Uh-huh/UH ./.,Uh-huh. /
sv,B,"I/PRP think/VBP when/WRB babies/NNS ,/,","I think when babies, - /"
sv,B,"I/PRP think/VBP afghans/NNS and/CC ,/, and/CC the/DT crocheted/JJ little/JJ sweaters/NNS ,/, and/CC ,/, are/VBP ,/, are/VBP wonderful/JJ ./.","I think afghans [ and, + and ] the crocheted little sweaters, [ and, + ] [ are, + are ] wonderful. /"
sd,B,"And/CC ,/, and/CC they/PRP 'll/MD wear/VB them/PRP ./.","[ {C And, } + {C and } ] they'll wear them <laughter>. /"
aa,A,"Yes/UH ,/,","Yes, /"
aa,A,exactly/UH ./.,exactly. /
sv,B,Once/RB they/PRP get/VBP old/JJ enough/RB to/TO talk/VB then/RB they/PRP no/RB longer/RB will/MD wear/VB them/PRP ./.,<Laughter> Once they get old enough to talk then they no longer will wear them <laughter>. /
sd,A,"Well/UH ,/, one/CD thing/NN that/WDT I/PRP like/VBP about/IN this/DT fabric/NN painting/NN thing/NN is/VBZ I/PRP can/MD just/RB make/VB a/DT T/NN shirt/NN and/CC put/VB a/DT little/JJ ruffle/NN around/IN it/PRP and/CC then/RB ,/, um/UH ,/, cut/VB out/RP a/DT little/JJ pattern/NN from/IN the/DT material/NN ,/, from/IN some/DT material/NN ,/, like/IN flowers/NNS or/CC something/NN ,/, and/CC make/VB ,/, um/UH ,/, a/DT design/NN or/CC ,/, you/PRP know/VBP ,/, a/DT little/JJ arrangement/NN or/CC something/NN on/IN the/DT shirt/NN and/CC ,/, you/PRP know/VBP ,/, fuse/VB it/PRP on/RP with/IN Heat/NNP and/CC Bond/NNP ,/, or/CC whatever/WP and/CC then/RB paint/VB around/IN it/PRP ./.","<Laughter> {D Well, } one thing that I like about this fabric painting thing is I can just make a T shirt and put a little ruffle around it and then, {F um, } cut out a little pattern [ from the material, + from some material, ] like flowers or something, and make, {F um, } a design or, {D you know, } a little arrangement or something on the shirt and, {D you know, } fuse it on with Heat and Bond, or whatever and then paint around it. /"
sd,A,"And/CC I/PRP usually/RB sew/VBP ,/, sew/VBP around/IN the/DT flower/NN ,/, whatever/WP first/RB ,/,","{C And } I usually [ sew, + sew ] around the flower, whatever first, /"
sd,A,and/CC then/RB I/PRP paint/VBP around/IN it/PRP,{C and then } I paint around it /
sd,A,so/IN you/PRP ca/MD n't/RB see/VB the/DT stitching/NN as/RB much/RB ./.,{C so } you can't see the stitching as much. /
qy,A,"Does/VBZ ,/, does/VBZ that/DT make/VB sense/NN to/IN you/PRP ?/.","[ Does, + does ] that make sense to you? /"
%,A,So/UH ./.,{C So. } -/
ny,B,"Oh/UH ,/, yes/UH ,/,","{F Oh, } yes, /"
sv,B,I/PRP think/VBP it/PRP 's/BES very/RB clever/JJ ./.,I think it's very clever. /
sv,B,"It/PRP 's/BES ,/, uh/UH ,/, funny/JJ that/IN you/PRP said/VBD ./.","It's, {F uh, } funny that you said. - /"
sd,B,"For/IN Christmas/NNP ,/, my/PRP$ daughter/NN and/CC I/PRP received/VBD matching/VBG sweat/NN shirts/NNS --/:","For Christmas, my daughter and I received matching sweat shirts --"
b,A,Oh/UH ./.,{F Oh. } /
+,B,"--/: that/IN a/DT friend/NN had/VBD made/VBN for/IN us/PRP ./. A/DT beautiful/JJ Christmas/NNP design/NN ,/,","-- that a friend had made for us. A beautiful Christmas design, /"
sd,B,and/CC they/PRP were/VBD matching/JJ,{C and } they were matching /
sd,B,"and/CC they/PRP were/VBD lovely/JJ ,/,","{C and } they were lovely, /"
sd,B,"but/CC when/WRB I/PRP washed/VBD them/PRP ,/, although/IN I/PRP took/VBD the/DT precaution/NN of/IN turning/VBG them/PRP inside/RB out/RB --/:","{C but } when I washed them, although I took the precaution of turning them inside out --"
b,A,"Oh/UH ,/, sure/UH ./.","{F Oh, } sure. /"
+,B,--/: I/PRP really/RB did/VBD n't/RB do/VB anything/NN else/RB ./.,-- {A I really didn't do anything else. }
b,A,Uh-huh/UH ./.,Uh-huh. /
+,B,"And/CC truly/RB ,/, everything/NN fell/VBD off/RP ,/, or/CC --/:","{C And } truly, everything fell off, or --"
b,A,"Oh/UH ,/, really/RB ./.","{F Oh, } really. /"
+,B,--/: most/RBS of/IN it/PRP ./.,-- most of it. /
sd,B,"So/RB I/PRP had/VBD ,/, I/PRP went/VBD and/CC bought/VBD just/RB some/DT cloth/NN glue/NN and/CC glued/VBD it/PRP all/DT back/RB","{C So } [ I had, + I went ] and bought just some cloth glue and glued it all back /"
sd,B,and/CC I/PRP bought/VBD the/DT paint/NN and/CC redid/VBD most/JJS of/IN the/DT edges/NNS --/:,{C and } I bought the paint and redid most of the edges -- /
b,A,Oh/UH ./.,Oh. /
sd,B,"--/: and/CC ,/, and/CC it/PRP was/VBD salvageable/JJ ,/,","-- [ {C and, } + {C and } ] it was salvageable <laughter>, /"
%,B,"and/CC I/PRP ,/,","{C and } I, - /"
%,B,"but/CC it/PRP 's/BES ,/,","{C but } it's, - /"
sd,B,"so/UH I/PRP 'm/VBP familiar/JJ with/IN that/DT ,/,","{C so } I'm familiar with that, /"
sv,B,"but/CC I/PRP think/VBP you/PRP 're/VBP very/RB clever/JJ to/TO ,/, um/UH ,/, sew/VB around/IN the/DT edges/NNS ./.","{C but } I think you're very clever to, {F um, } sew around the edges. /"
sv,B,"I/PRP think/VBP gluing/NN alone/JJ ,/, certainly/RB if/IN you/PRP wash/VBP it/PRP any/DT amount/NN of/IN time/NN ,/, it/PRP --/:","I think gluing alone, certainly if you wash it any amount of time, it --"
%,A,Well/UH ./.,{D Well. } -/
+,B,--/: tends/VBZ to/TO kind/RB of/RB come/VB loose/JJ at/IN the/DT edges/NNS ./.,-- tends to kind of come loose at the edges. /
aa,A,"Yeah/UH ,/,","Yeah, /"
sd,A,"someone/NN told/VBD me/PRP that/IN ,/, that/IN it/PRP ,/, that/IN they/PRP had/VBD done/VBN it/PRP both/DT ways/NNS ,/,","someone told me [ [ that, + that it, ] + that they ] had done it both ways, /"
sd,A,"and/CC I/PRP 've/VBP always/RB ,/, after/IN hearing/VBG that/DT ,/, I/PRP always/RB sewed/VBD it/PRP on/RP ,/, even/RB ,/, even/RB with/IN the/DT ,/, uh/UH ,/, a/DT loose/JJ zigzag/NN even/RB helps/VBZ ./.","{C and } [ I've always, + after hearing that, I always ] sewed it on, [ even, + even ] with [ the, + {F uh, } a ] loose zigzag even helps <laughter>. /"
%,A,"And/CC ,/, um/UH ,/,","{C And, } {F um, } -/"
