act_tag,speaker,pos,text
"fo_o_fw_""_by_bc",B,Okay/UH ./.,<Noise> Okay. /
qo,A,"Uh/UH ,/, so/UH ,/, what/WP do/VBP you/PRP think/VB ,/, uh/UH ,/, about/IN putting/VBG the/DT elderly/JJ in/IN a/DT nursing/NN home/NN ?/.","{F Uh, } {D so, } what do you think, {F uh, } about putting the elderly in a nursing home? /"
sv,B,"Well/UH ,/, I/PRP think/VBP that/IN it/PRP ,/, it/PRP varies/VBZ on/IN on/IN the/DT individual/JJ basis/NN ./.","{D Well, } I think that [ it, + it ] varies [ on + on ] the individual basis. /"
%,A,Huh/UH ./.,{F Huh. } /
sv,B,"Uh/UH ,/, sometimes/RB it/PRP is/VBZ ,/, there/EX is/VBZ no/DT alternative/NN ./.","{F Uh, } sometimes [ it is, + there is ] no alternative. /"
b,A,Uh-huh/UH ./.,Uh-huh <<very faint>>. /
sd,B,"Uh/UH ,/, you/PRP do/VBP not/RB have/VB ,/, uh/UH ,/, uh/UH ,/, family/NN available/JJ or/CC family/NN that/WDT 's/BES ,/, uh/UH ,/,","{F Uh, } you do not have, {F uh, } {F uh, } family available or family that's, {F uh, } - /"
sd,B,"you/PRP may/MD not/RB even/RB have/VB family/NN that/WDT is/VBZ ,/, uh/UH ,/, uh/UH ,/, in/IN ,/, you/PRP know/VBP ,/, who/WP are/VBP around/RB ./.","you may not even have family [ that is, {F uh, } {F uh, } in, + {D you know, } who are around. ] /"
sv,A,That/DT 's/BES true/JJ ./.,That's true. /
aa,A,Yeah/UH ./.,Yeah. /
sv,B,"So/UH ,/, sometimes/RB it/PRP 's/BES not/RB an/DT alternative/NN ./.","{C So, } sometimes it's not an alternative. /"
%,A,Huh/UH ./.,{F Huh } <<very faint>>. /
sv,B,"And/CC I/PRP think/VBP ,/, uh/UH ,/, but/CC I/PRP think/VBP also/RB ,/, sometimes/RB it/PRP can/MD be/VB ,/, uh/UH ,/, a/DT benefit/NN if/IN it/PRP 's/BES for/IN a/DT short/JJ time/NN ./.","[ {C And } I think, + {F uh, } {C but } I think ] also, sometimes it can be, {F uh, } a benefit if it's for a short time. /"
%,B,Sometimes/RB in/IN a/DT nursing/NN home/NN --/:,Sometimes in a nursing home -- -/
b,A,Uh-huh/UH ./.,Uh-huh. /
sv,B,"--/: uh/UH ,/, especially/RB if/IN ,/, if/IN it/PRP 's/BES after/IN an/DT acute/JJ illness/NN ./.","-- {F uh, } especially [ if, + if ] it's after an acute illness. /"
%,B,"To/TO get/VB over/RP a/DT ,/,","To get over a, - /"
sv,B,"or/CC to/TO rehab/VB after/IN ,/, uh/UH ,/, an/DT illness/NN ./.","{C or } to rehab after, {F uh, } an illness. /"
aa,A,That/DT 's/BES true/JJ ./.,That's true. /
sd,A,I/PRP never/RB thought/VBD of/IN that/DT ./.,I never thought of that. /
%,A,Yeah/UH ./.,Yeah. /
sv,B,"Sometimes/RB you/PRP know/VBP ,/, sometimes/RB the/DT nursing/NN homes/NNS are/VBP good/JJ for/IN ,/, uh/UH ,/, just/RB short/JJ periods/NNS of/IN time/NN ./.","[ Sometimes + {D you know, } sometimes ] the nursing homes are good for, {F uh, } just short periods of time. /"
aa,A,"That/DT 's/BES true/JJ ,/,","That's true, /"
bf,A,until/IN they/PRP get/VBP over/IN that/DT hump/NN --/:,until they get over that hump --
aa,B,Uh-huh/UH ./.,Uh-huh. /
+,A,--/: of/IN whatever/WDT it/PRP is/VBZ they/PRP 're/VBP dealing/VBG with/IN ./.,-- of whatever it is they're dealing with. /
sv,B,"Because/IN too/RB often/RB the/DT acute/JJ hospitals/NNS will/MD ,/, are/VBP sending/VBG them/PRP out/RB much/RB faster/JJR than/IN what/WP they/PRP 're/VBP --/:","{C Because } too often the acute hospitals [ will, + are sending ] them out much faster than what they're <noise> --"
aa,A,Yes/UH ./.,Yes. /
+,B,--/: really/RB able/JJ to/TO ./.,-- really able to. /
sv,A,They/PRP really/RB are/VBP ./.,They really are. /
sv,A,They/PRP do/VBP n't/RB like/VB to/TO keep/VB them/PRP --/:,They don't like to keep them --
sv,B,So/RB --/:,[ {C So } + --
+,A,--/: longer/JJR than/IN a/DT week/NN ./.,-- longer than a week. /
+,B,--/: so/RB there/EX is/VBZ some/DT good/JJ to/IN it/PRP ./.,-- {C so } ] there is some good to it. /
b,A,Yeah/UH ./.,Yeah. /
sv,B,"Uh/UH ,/, sometimes/RB too/RB ,/, it/PRP 's/BES used/VBN as/IN a/DT dumb/JJ job/NN ./.","{F Uh, } sometimes too, it's used as a dumb job. /"
sv,B,"You/PRP know/VBP the/DT fam-/NN ,/, --/:","{D You know } [ the fam-, + --"
br,A,What/WP do/VBP you/PRP mean/VB ?/.,What do you mean? /
+,B,"--/: well/UH the/DT families/NNS do/VBP not/RB necessarily/RB ,/, uh/UH ,/, know/VB what/WP to/TO do/VB with/IN them/PRP","-- {D well } the families ] do not necessarily <inhaling>, {F uh, } know what to do with them /"
sv,B,and/CC they/PRP do/VBP n't/RB want/VB to/TO take/VB the/DT responsibility/NN,{C and } they don't want to take the responsibility /
sv,B,so/RB they/PRP will/MD put/VB them/PRP in/IN a/DT nursing/NN home/NN ./.,{C so } they will put them in a nursing home. /
aa,A,"Yeah/UH ,/,","Yeah, /"
sv,A,that/DT 's/BES true/JJ ./.,that's true. /
"fo_o_fw_""_by_bc",B,"So/RB you/PRP see/VBP ,/, uh/UH ,/,","{C So } you see, {F uh, } - /"
sv,B,there/EX 's/BES both/DT sides/NNS to/IN it/PRP too/RB ./.,there's both sides to it too. /
qo,B,What/WP do/VBP you/PRP think/VB ?/.,What do you think? /
b,A,Yeah/UH,Yeah /
sv,A,"and/CC it/PRP depends/VBZ on/IN how/WRB ,/, how/WRB sick/JJ the/DT person/NN is/VBZ too/RB ./. What/WP you/PRP 're/VBP capable/JJ of/IN ,/, like/IN if/IN you/PRP have/VBP a/DT family/NN to/TO take/VB care/VB of/IN ,/, you/PRP know/VBP ,/, of/IN your/PRP$ own/JJ ./.","{C and } it depends on [ how, + how ] sick the person is too. What you're capable of, {D like } if you have a family to take care of, {D you know, } of your own <noise>. /"
b,B,Yeah/UH ./.,Yeah. /
b^m,A,"Yeah/UH ,/,","Yeah, /"
sd,A,"uh/UH ,/, I/PRP would/MD personally/RB like/VB it/PRP","{F uh, } <smack> I would personally like it /"
sd,A,"if/IN my/PRP$ parents/NNS were/VBD to/TO get/VB ill/JJ ,/, I/PRP would/MD like/VB to/TO take/VB care/NN of/IN them/PRP at/IN home/NN and/CC if/IN I/PRP had/VBD the/DT money/NN with/IN some/DT help/NN ./.","if my parents were to get ill, I would like to take care of them at home and if I had the money with some help. /"
sv,A,That/DT 's/BES not/RB always/RB possible/JJ ./.,That's not always possible. /
aa,B,That/DT 's/BES true/JJ ./.,That's true. /
sd,A,"But/CC ,/, uh/UH ,/, to/IN the/DT best/JJS of/IN my/PRP$ ability/NN ,/, I/PRP 'd/MD like/VB to/TO do/VB it/PRP until/IN it/PRP gets/VBZ impossible/JJ ./.","{C But, } {F uh, } to the best of my ability, I'd like to do it until it gets impossible <inhaling>. /"
sv,B,"I/PRP think/VBP that/DT 's/BES also/RB where/WRB you/PRP 're/VBP going/VBG to/TO have/VB a/DT lot/NN of/IN people/NNS who/WP are/VBP going/VBG to/TO ,/,","I think that's also where you're going to have a lot of people who are going to, - /"
sv,B,"it/PRP 's/BES there/EX 's/BES not/RB a/DT choice/NN ,/, it/PRP 's/BES --/:","[ it's + there's ] not a choice, [ it's -- +"
b,A,Right/UH ./.,Right. /
+,B,"--/: because/IN ,/, it/PRP 's/BES not/RB economically/RB feasible/JJ even/RB to/TO --/:","-- because, it's ] not economically feasible even to --"
b,A,Uh-huh/UH ./.,Uh-huh <<very faint>>. /
+,B,--/: put/VB them/PRP in/IN a/DT nursing/NN home/NN ./.,-- put them in a nursing home. /
b,A,Yeah/UH ./.,<Inhaling> Yeah. /
sd,B,"So/RB that/DT ,/, that/DT option/NN sometimes/RB is/VBZ not/RB available/JJ if/IN they/PRP do/VBP not/RB have/VB the/DT ,/, uh/UH ,/, either/CC Medicare/NN or/CC insurance/NN to/TO cover/VB it/PRP ./.","<Inhaling> {C So } [ that, + that ] option sometimes is not available if they do not have [ the, + ] {F uh, } <noise> either Medicare or insurance to cover it. /"
sv,A,That/DT 's/BES true/JJ ./.,That's true. /
aa,A,Yeah/UH ./.,Yeah. /
%,B,"So/UH ,/,","{D So, } -/"
sv,A,But/CC I/PRP think/VBP nursing/NN homes/NNS can/MD be/VB good/JJ ./.,{C But } I think nursing homes can be good. /
sd,A,It/PRP just/RB depends/VBZ on/IN what/WDT kind/NN they/PRP are/VBP ./.,It just depends on what kind they are. /
sv,A,"You/PRP know/VBP ,/, you/PRP need/VBP to/TO check/VB them/PRP out/RP ahead/RB of/IN time/NN ./.","{D You know, } you need to check them out ahead of time. /"
b,B,"Yeah/UH ,/,","Yeah, /"
sd,B,and/CC then/RB there/EX 's/BES also/RB some/DT that/WDT are/VBP set/VBN up/RP for/IN specialties/NNS --/:,{C and then } there's also some that are set up for specialties -- /
b,A,Uh-huh/UH ./.,Uh-huh. /
sd,B,"--/: uh/UH ,/, I/PRP know/VBP some/JJ ./.","-- {F uh, } I know some. /"
sd,B,"Unfortunately/RB ,/, some/DT elderly/JJ have/VBP to/TO go/VB to/IN or/CC have/VBP ,/, I/PRP guess/VBP it/PRP 's/BES Alzheimer/NNP 's/POS or/CC where/WRB --/:","Unfortunately, some elderly [ have to go to + {E or } have, ] I guess it's Alzheimer's or where --"
b,A,Uh-huh/UH ./.,Uh-huh. /
+,B,"--/: they/PRP wonder/VBP or/CC ,/, or/CC ,/, uh/UH ,/, confused/JJ or/CC have/VBP some/DT mental/JJ problem/NN ./.","-- they wonder [ or, + or, ] {F uh, } <noise> confused or have some mental problem <noise>. /"
b,A,"Yeah/UH ,/,","<Smack> Yeah, /"
%,A,"that/IN they/PRP 're/VBP ,/,","that they're <noise>, -/"
sv,B,And/CC you/PRP need/VBP a/DT special/JJ nursing/NN home/NN for/IN that/DT ./.,{C And } you need a special nursing home for that. /
sv,B,You/PRP need/VBP one/NN that/WDT has/VBZ a/DT unit/NN that/WDT 's/BES locked/VBN where/WRB they/PRP are/VBP not/RB able/JJ to/TO get/VB out/RB and/CC roam/VB around/RB --/:,You need one that has a unit that's locked where they are not able to get out and roam around -- /
b,A,Yeah/UH ./.,Yeah. /
sv,B,--/: and/CC you/PRP need/VBP people/NNS who/WP are/VBP trained/VBN for/IN that/DT type/NN --/:,-- {C and } you need people who are trained for that type --
aa,A,Right/UH ./.,Right. /
+,B,--/: of/IN problem/NN ./.,-- of problem. /
bf,A,Who/WP know/VBP what/WP they/PRP 're/VBP doing/VBG with/IN that/DT ./.,Who know what they're doing with that. /
aa,B,Yeah/UH,Yeah /
sv,B,"so/RB ,/, so/RB there/EX 's/BES different/JJ types/NNS of/IN nursing/NN homes/NNS I/PRP think/VBP ./.","[ {C so, } + {C so } ] there's different types of nursing homes I think. /"
b,A,Yeah/UH,Yeah /
sd,A,"well/UH ,/, my/PRP$ ,/, uh/UH ,/, grandmother/NN 's/BES not/RB really/RB in/IN a/DT nursing/NN home/NN ,/, but/CC a/DT retirement/NN home/NN that/WDT also/RB has/VBZ a/DT nursing/NN home/NN sort/RB of/RB attached/VBN to/IN it/PRP ./.","{D well, } my, {F uh, } grandmother's not really in a nursing home, but a retirement home that also has a nursing home sort of attached to it. /"
sd,A,"And/CC she/PRP really/RB liked/VBD the/DT idea/NN of/IN ,/, of/IN moving/VBG there/RB ./.","<inhaling> {C And } she really liked the idea [ of, + of ] moving there. /"
sd,A,She/PRP 's/BES not/RB ill/JJ yet/RB --/:,She's not ill yet -- /
b,B,Uh-huh/UH ./.,Uh-huh. /
sd,A,"--/: but/CC ,/, uh/UH ,/, she/PRP worked/VBD there/RB as/IN a/DT volunteer/NN for/IN about/RB ten/CD years/NNS","-- <Inhaling> {C but, } {F uh, } she worked there as a volunteer for about ten years /"
sd,A,"and/CC then/RB she/PRP decided/VBD that/IN ,/, uh/UH ,/, she/PRP 's/BES eighty/CD five/CD years/NNS old/JJ ,/, that/IN eventually/RB ,/, you/PRP know/VBP ,/, she/PRP she/PRP does/VBZ n't/RB want/VB her/PRP$ family/NN taking/VBG care/NN of/IN her/PRP and/CC being/VBG a/DT burden/NN ./.","{C and then } she decided [ that, + {F uh, } {A she's eighty five years old, } that ] eventually, {D you know, } [ she + she ] doesn't want her family taking care of her and being a burden. /"
sd,A,She/PRP 's/BES very/RB independent/JJ ./.,She's very independent. /
sd,A,So/RB she/PRP 's/BES in/IN this/DT nursing/NN home/NN ./.,<inhaling> {C So } she's in this nursing home. /
sd,A,It/PRP 's/BES out/IN in/IN the/DT country/NN,It's out in the country /
sd,A,"and/CC ,/, uh/UH ,/, she/PRP really/RB enjoys/VBZ it/PRP right/RB now/RB because/IN she/PRP does/VBZ n't/RB have/VB to/TO wash/VB dishes/NNS or/CC cook/VB ./.","{C and, } {F uh, } she really enjoys it right now <smack> because she doesn't have to wash dishes or cook <laughter>. /"
bf,B,Gives/VBZ her/PRP a/DT little/JJ bit/NN of/IN her/PRP$ own/JJ independence/NN --/:,Gives her a little bit of her own independence -- /
aa,A,Uh-huh/UH ./.,Uh-huh. /
bf,B,"--/: but/CC she/PRP still/RB has/VBZ ,/, uh/UH ,/, a/DT security/NN there/RB ./.","-- {C but } she still has, {F uh, } a security there. /"
aa,A,Right/UH ./.,Right. /
bf,A,Some/DT support/NN ./.,Some support. /
sd,A,"And/CC then/RB there/EX 's/BES also/RB ,/, uh/UH ,/, sort/RB of/RB a/DT wing/NN for/IN those/DT people/NNS that/WDT do/VBP get/VB sick/JJ","{C And then } there's also, {F uh, } sort of a wing for those people that do get sick /"
sd,A,"and/CC ,/, what/WP I/PRP like/VBP about/IN it/PRP and/CC I/PRP think/VBP she/PRP likes/VBZ about/IN it/PRP is/VBZ that/IN she/PRP knows/VBZ everybody/NN there/RB now/RB","{C and, } what I like about it and I think she likes about it is that she knows everybody there now /"
sd,A,"and/CC then/RB ,/, so/RB if/IN she/PRP ever/RB does/VBZ become/VB ill/JJ ,/, uh/UH ,/, it/PRP will/MD be/VB like/IN family/NN around/IN her/PRP ./.","{C and then, } {C so } if she ever does become ill, {F uh, } it will be like family around her. /"
ba,B,That/DT 's/BES right/JJ,That's right /
sd,B,and/CC I/PRP --/:,{C and } [ I -- +
b,A,Yeah/UH ./.,Yeah. /
+,B,--/: I/PRP 've/VBP seen/VBN some/DT of/IN them/PRP like/IN that/DT too/RB,-- I've ] seen some of them like that too /
sd,B,"and/CC also/RB they/PRP have/VBP a/DT lot/NN of/IN ,/, uh/UH ,/, activities/NNS going/VBG on/RP for/IN the/DT ones/NNS --/:","{C and } also they have a lot of, {F uh, } activities going on for the ones --"
b,A,Uh-huh/UH ./.,Uh-huh <<very faint>>. /
+,B,--/: who/WP are/VBP more/RBR active/JJ ./.,-- who are more active. /
b,A,Yeah/UH ./.,Yeah. /
%,A,"Sh-/PRP ,/,","Sh-, -/"
sv,B,"So/RB it/PRP 's/BES not/RB sort/RB of/RB like/IN ,/, uh/UH ,/, uh/UH --/:","{C So } it's not sort of like, {F uh, } {F uh } --"
b,A,Uh-huh/UH ./.,Uh-huh <<very faint>>. /
+,B,--/: a/DT sick/JJ place/NN ./.,-- a sick place. /
aa,A,"No/UH ,/,","No, /"
sd,A,she/PRP loves/VBZ it/PRP ./.,she loves it. /
sd,A,She/PRP has/VBZ a/DT great/JJ social/JJ life/NN,She has a great social life /
sd,A,and/CC she/PRP travels/VBZ,{C and } she travels /
sd,A,"and/CC ,/, uh/UH ,/, it/PRP 's/BES in/IN ,/, in/IN the/DT very/JJ in/IN the/DT mountains/NNS","{C and, } {F uh, } it's [ [ in, + in the ((very)) ] + in the ] mountains /"
sv,A,and/CC it/PRP 's/BES beautiful/JJ,{C and } it's beautiful /
sd,A,"and/CC ,/, uh/UH ,/, I/PRP ,/, I/PRP hope/VBP that/IN I/PRP have/VBP something/NN like/IN that/DT when/WRB I/PRP get/VBP older/JJR ./.","{C and, } {F uh, } <noise> [ I, + I ] hope that I have something like that when I get older <<very faint>>. /"
b,B,Yeah/UH,Yeah /
sv,B,"I/PRP ,/, I/PRP think/VBP ,/, I/PRP think/VBP the/DT ,/, uh/UH --/:","[ [ [ I, + I think, ] + I think the, ] + {F uh } --"
b,A,Uh-huh/UH ./.,Uh-huh <<Very faint>>. /
+,B,"--/: I/PRP think/VBP that/IN the/DT decision/NN that/WDT needs/VBZ to/TO be/VB made/VBN though/RB on/IN nursing/NN home/NN has/VBZ to/TO be/VB a/DT joint/JJ one/NN between/IN the/DT ,/, uh/UH ,/, elderly/JJ --/:","-- I think that ] the decision that needs to be made though on nursing home has to be a joint one between the, {F uh, } elderly --"
b,A,Uh-huh/UH ./.,Uh-huh. /
+,B,"--/: uh/UH ,/, person/NN who/WP 's/BES going/VBG in/RB and/CC the/DT family/NN that/WDT 's/BES going/VBG to/TO be/VB ,/, uh/UH ,/, effec/JJ ,/, effected/JJ by/IN it/PRP --/:","-- {F uh, } person who's <noise> going in and the family that's going to be, {F uh, } [ effec-, + effected ] by it -- /"
aa,A,"Oh/UH definitely/RB it/PRP 's/BES ,/,","{F Oh } definitely it's, -/"
sd,B,"--/: and/CC ,/, uh/UH ,/, you/PRP know/VBP ,/, sometimes/RB it/PRP can/MD ,/, those/DT choi-/NNS ,/, those/DT choices/NNS can/MD be/VB made/VBN in/IN advance/NN","-- {C and, } {F uh, } {D you know, } sometimes [ it can, + [ those choi-, + those choices ] can ] be made in advance /"
sv,B,and/CC sometimes/RB --/:,{C and } sometimes --
b,A,Right/UH ./.,Right. /
+,B,"--/: the/DT choices/NNS because/IN of/IN the/DT nature/NN of/IN the/DT illness/NN when/WRB they/PRP 're/VBP ,/,","-- the choices because of the nature of the illness when they're, -/"
