act_tag,speaker,pos,text
"fo_o_fw_""_by_bc",A,Okay/UH ./.,Okay. /
qy,A,"Have/VBP you/PRP faced/VBN ,/, uh/UH ,/, elderly/JJ care/NN yet/RB ,/, uh/UH ,/, nursing/NN home/NN care/NN for/IN any/DT of/IN your/PRP$ parents/NNS ?/.","Have you faced, {F uh, } elderly care yet, {F uh, } nursing home care for any of your parents? /"
ny,B,"Unfortunately/RB ,/, yes/UH ./.","Unfortunately, yes. /"
sd,B,"Uh/UH ,/, in/IN fact/NN ,/, tonight/RB I/PRP had/VBD the/DT dinner/NN with/IN ,/, uh/UH ,/, my/PRP$ three/CD brothers/NNS and/CC our/PRP$ wives/NNS","{F Uh, } in fact, tonight I had the dinner with, {F uh, } my three brothers and our wives /"
sd,B,"and/CC we/PRP were/VBD talking/VBG ,/, uh/UH ,/,","{C and } we were talking, {F uh, } /"
sd,B,we/PRP had/VBD a/DT review/NN with/IN the/DT nursing/NN home/NN staff/NN ./.,we had a <breathing> review with the nursing home staff. /
sd,B,My/PRP$ mother/NN 's/BES in/IN a/DT nursing/NN home/NN ./.,My mother's in a nursing home. /
b,A,Uh-huh/UH ./.,Uh-huh. /
sd,B,"And/CC ,/, uh/UH ,/, we/PRP had/VBD a/DT review/NN today/NN","{C And, } {F uh, } we had a review today /"
sd,B,"and/CC a/DT few/JJ things/NNS we/PRP had/VBD to/TO do/VB that/WDT ,/, are/VBP part/NN of/IN it/PRP that/WDT you/PRP do/VBP n't/RB really/RB like/VB ,/, like/UH ,/, uh/UH ,/, making/VBG decisions/NNS on/IN living/NN wills/NNS and/CC --/:","{C and } a few things we had to do that <breathing>, are part of it that you don't really like, {D like, } {F uh } <breathing>, making decisions on living wills and --"
b,A,Yes/UH ./.,Yes. /
+,B,"--/: extended/JJ care/NN ,/, that/DT type/NN of/IN thing/NN ,/,","-- extended care, that type of thing, /"
ny,B,"so/RB ,/, yes/UH ,/,","{C so, } yes, /"
sd,B,I/PRP 'm/VBP very/RB familiar/JJ with/IN it/PRP,I'm very familiar with it /
sv,B,"and/CC it/PRP 's/BES not/RB something/NN that/DT is/VBZ ,/, uh/UH ,/, you/PRP know/VBP ,/,","{C and } it's not <laughter> something that is, {F uh, } {D you know, } /"
sd,B,I/PRP never/RB thought/VBD I/PRP 'd/MD have/VB to/TO go/VB through/IN this/DT kind/NN of/IN experience/NN ./.,I never thought I'd have to go through this kind of experience. /
sv,B,But/CC I/PRP guess/VBP we/PRP all/DT do/VBP ./.,{C But } I guess we all do. /
aa,A,"I/PRP think/VBP sooner/RBR or/CC later/RBR ,/, uh/UH ,/,","I think sooner or later, {F uh, } /"
sd,A,"both/DT my/PRP$ mother/NN and/CC my/PRP$ husband/NN 's/POS mother/NN ,/, we/PRP had/VBD to/TO end/VB up/RP putting/VBG in/IN nursing/NN homes/NNS","both my mother and my husband's mother, we had to end up putting in nursing homes /"
sd,A,"and/CC they/PRP were/VBD to/IN the/DT point/NN that/WDT they/PRP only/RB lived/VBD ,/, both/DT of/IN them/PRP ,/, about/RB six/CD weeks/NNS once/RB they/PRP got/VBD in/RB ./.","{C and } they were to the point that they only lived, both of them, about six weeks once they got in. /"
bh,B,"Oh/UH ,/, really/UH ?/.","{F Oh, } really? /"
ny,A,"And/CC ,/, uh-huh/UH ./.","{C And, } uh-huh. /"
sd,A,"And/CC it/PRP 's/BES absolutely/RB ,/, I/PRP believe/VBP that/DT was/VBD one/CD of/IN the/DT hardest/JJS things/NNS I/PRP ever/RB did/VBD ./.","{C And } [ it's absolutely, + I ] believe that was one of the hardest things I ever did."
b,B,Uh-huh/UH ./.,Uh-huh. /
+,A,In/IN my/PRP$ life/NN ./.,In my life. /
sv,A,"I/PRP ,/, that/DT ,/, it/PRP just/RB ,/, you/PRP know/VBP ,/, it/PRP 's/BES absolutely/RB devastating/JJ ./.","[ [ [ I, + that, ] + it just, ] + {D you know, } it's ] absolutely devastating. /"
b,B,Right/UH ./.,Right. /
qw,A,What/WP have/VBP you/PRP found/VBN in/IN dealing/VBG with/IN the/DT nursing/NN homes/NNS ?/.,What have you found in dealing with the nursing homes? /
sv,B,"Well/UH ,/, they/PRP 're/VBP not/RB ,/, every/DT ,/, all/PDT the/DT horror/NN stories/NNS you/PRP hear/VBP about/IN them/PRP I/PRP think/VBP are/VBP true/JJ ./.","{D Well, } <breathing> [ they're not, + ] [ every, + all ] the horror stories you hear about them I think are true. /"
aa,A,Yes/UH ./.,Yes <laughter>. /
sd,B,"Uh/UH ,/, we/PRP 've/VBP ,/, you/PRP know/VBP ,/, we/PRP 've/VBP looked/VBN around/RP","{F Uh, } [ we've, + {D you know, } we've ] looked around /"
sd,B,"and/CC ,/, my/PRP$ wife/NN has/VBZ looked/VBN at/IN ,/, extensively/RB at/IN all/PDT the/DT ones/NNS in/IN the/DT area/NN ./.","{C and, } my wife has looked [ at, + extensively at ] all the ones in the area <breathing>. /"
sd,B,"And/CC the/DT one/CD she/PRP is/VBZ in/IN now/RB ,/, uh/UH ,/, there/EX 's/BES a/DT lot/NN of/IN drawbacks/NNS ,/, a/DT lot/NN of/IN things/NNS we/PRP do/VBP n't/RB like/VB ./.","{C And } the one she is in now, {F uh, } there's a lot of drawbacks, a lot of things we don't like. /"
sv,B,"But/CC ,/, again/UH ,/, it/PRP 's/BES no/DT different/JJ than/IN every/DT one/CD ./.","{C But, } {D again, } it's no different than every one. /"
sd,B,"And/CC ,/, you/PRP know/VBP ,/, the/DT cost/NN of/IN it/PRP ,/, the/DT ,/, three/CD thousand/CD dollars/NNS a/DT month/NN --/:","And, {D you know, } the cost of it, the, three thousand dollars a month -- /"
b,A,"Um/UH ,/, uh-huh/UH ./.","{F Um, } uh-huh. /"
sv,B,"--/: when/WRB you/PRP think/VBP about/IN it/PRP ,/, for/IN what/WP you/PRP 're/VBP paying/VBG a/DT hospital/NN for/IN --/:","-- when you think about it, for what you're paying a hospital for --"
aa,A,Yes/UH ./.,Yes. /
+,B,"--/: almost/RB the/DT same/JJ ,/, well/UH ,/, even/RB not/RB as/RB much/JJ care/NN ./.","-- [ almost the same, + {D well, } even not as much ] care. /"
aa,A,Yes/UH ./.,Yes. /
sv,B,"It/PRP 's/BES not/RB that/RB expensive/JJ ,/, really/RB ./.","It's not that expensive, really. /"
aa,A,"No/UH ,/,","No, /"
sd,A,"uh/UH ,/, there/EX ,/, well/UH ,/, there/EX 's/BES a/DT little/JJ bit/NN of/IN difference/NN in/IN ,/, in/IN the/DT two/CD between/IN my/PRP$ mother/NN and/CC my/PRP$ mother-in-law/NN ./.","{F uh, } [ there, + {D well, } there's ] a little bit of difference [ in, + in ] the two between my mother and my mother-in-law. /"
b,B,Uh-huh/UH ./.,Uh-huh. /
%,A,"And/CC ,/, uh/UH ,/, theirs/PRP both/DT ran/VBD ,/,","{C And, } {F uh, } theirs both ran, - /"
sd,A,"oh/UH ,/, I/PRP think/VBP my/PRP$ mother-in-law/NN 's/POS was/VBD like/UH fifteen/CD hundred/CD","{F oh, } I think my mother-in-law's was {D like } fifteen hundred /"
sd,A,and/CC my/PRP$ mother/NN 's/POS was/VBD two/CD thousand/CD ./.,{C and } my mother's was two thousand. /
sd,A,"Then/RB ,/, this/DT has/VBZ been/VBN five/CD years/NNS ago/RB ./.","[ Then, + ] this has been five years ago. /"
sd,A,"And/CC ,/, uh/UH --/:","{C And, } {F uh } --"
b,B,Uh-huh/UH ./.,Uh-huh. /
+,A,"--/: uh/UH ,/, one/CD of/IN the/DT things/NNS that/WDT ,/, you/PRP know/VBP ,/, I/PRP had/VBD discovered/VBN is/VBZ that/IN if/IN they/PRP knew/VBD that/IN I/PRP came/VBD in/IN there/RB at/IN all/DT different/JJ hours/NNS ,/, they/PRP got/VBD much/RB better/JJR care/NN than/IN if/IN ,/,","-- {F uh, } one of the things that, {D you know, } I had discovered is that if they knew that I came in there at all different hours, they got much better care than if, - /"
sd,A,"when/WRB I/PRP started/VBD out/RP with/IN my/PRP$ mother-in-law/NN ,/, because/IN she/PRP was/VBD in/IN there/RB first/RB ,/, I/PRP --/:","when I started out with my mother-in-law, because she was in there first, I --"
b,B,Uh-huh/UH ./.,Uh-huh. /
+,A,--/: would/MD go/VB certain/JJ hours/NNS,-- would go certain hours /
sd,A,and/CC they/PRP knew/VBD ./.,{C and } they knew. /
sd,A,"And/CC if/IN I/PRP 'd/MD pop/VB in/RB unexpectedly/RB ,/, I/PRP discovered/VBD ,/, you/PRP know/VBP ,/, they/PRP did/VBD a/DT little/JJ bit/NN ,/, they/PRP did/VBD better/RBR ./.","{C And } if I'd pop in unexpectedly, I discovered, {D you know, } [ they did a little bit, + they did better. ] /"
bh,B,"Oh/UH ,/, really/UH ?/.","{F Oh, } really? /"
ny,A,"You/PRP know/VBP ,/, uh-huh/UH ./.","{D You know, } uh-huh. /"
sd,A,"And/CC ,/, you/PRP know/VBP ,/, a/DT couple/NN of/IN times/NNS with/IN my/PRP$ mother-in-law/NN ,/, I/PRP would/MD catch/VB something/NN not/RB being/VBG taken/VBN care/NN of/IN ./.","{C And, } {D you know, } a couple of times with my mother-in-law, I would catch something not being taken care of."
b,B,Uh-huh/UH ./.,Uh-huh. /
+,A,"And/CC ,/, you/PRP know/VBP ,/, would/MD have/VB to/TO rate/VB ,/,","And, {D you know, } would have to rate, /"
sd,A,"so/RB I/PRP got/VBD to/IN where/WRB ,/, I/PRP knew/VBD then/RB when/WRB my/PRP$ mother/NN was/VBD in/IN that/DT ,/, you/PRP know/VBP ,/, not/RB to/TO go/VB the/DT same/JJ time/NN all/PDT the/DT time/NN ./.","{C so } I got to where, I knew then when my mother was in [ that, + {D you know, } not to go ] the same time all the time."
b,B,Yeah/UH ./.,Yeah. /
+,A,"Because/IN they/PRP would/MD ,/,","Because they would, - /"
sd,A,"and/CC when/WRB I/PRP was/VBD looking/VBG for/IN the/DT nursing/NN homes/NNS ,/, another/DT thing/NN that/WDT I/PRP learned/VBD ,/, uh/UH ,/,","{C and } when I was looking for the nursing homes, another thing that I learned, {F uh, } - /"
sd,A,we/PRP had/VBD my/PRP$ mother/NN all/DT set/VBN to/TO go/VB into/IN one/CD,we had my mother all set to go into one /
sd,A,"and/CC for/IN some/DT reason/NN I/PRP just/RB went/VBD back/RB ,/, and/CC on/IN my/PRP$ own/JJ went/VBD around/IN the/DT different/JJ floors/NNS ./.","{C and } for some reason I just went back, and on my own went around the different floors. /"
b,B,Uh-huh/UH ./.,Uh-huh. /
sd,A,"And/CC ,/, I/PRP saw/VBD areas/NNS that/WDT they/PRP had/VBD not/RB shown/VBN me/PRP","{C And, } I saw areas that they had not shown me /"
sd,A,and/CC they/PRP did/VBD not/RB come/VB across/RP as/RB well/RB --/:,{C and } they did not come across as well --
ba,B,"Well/UH ,/, I/PRP 'll/MD be/VB darned/VBN ./.","{D Well, } I'll be darned. /"
+,A,"--/: as/IN ,/, you/PRP know/VBP ,/, what/WP they/PRP had/VBD originally/RB shown/VBN me/PRP ,/,","-- as, {D you know, } what they had originally shown me, /"
sd,A,"so/RB ,/, uh/UH ,/, we/PRP did/VBD not/RB put/VB her/PRP in/IN that/DT one/CD ./.","{C so, } {F uh, } we did not put her in that one. /"
sd,A,"We/PRP put/VBD her/PRP in/IN another/DT one/CD that/WDT I/PRP ,/, I/PRP went/VBD a/DT couple/NN of/IN times/NNS --/:","We put her in another one that [ I, + I ] went a couple of times --"
b,B,Uh-huh/UH ./.,Uh-huh. /
+,A,"--/: when/WRB they/PRP were/VBD n't/RB expecting/VBG me/PRP and/CC saw/VBD ,/, and/CC ,/, you/PRP know/VBP ,/, was/VBD much/RB ,/, uh/UH ,/, better/RBR pleased/VBN --/:","-- when they weren't expecting me and saw, and, {D you know, } was much, {F uh, } better pleased --"
b,B,Yeah/UH ./.,Yeah. /
+,A,--/: with/IN the/DT situation/NN ./.,-- with the situation. /
b,B,"Yeah/UH ,/,","Yeah, /"
sv,B,"you/PRP ,/, you/PRP know/VBP ,/, this/DT is/VBZ the/DT whole/JJ point/NN ./.","[ you, + {D you know, } this ] is the whole point. /"
sv,B,"You/PRP 've/VBP got/VBN ,/, you/PRP 've/VBP got/VBN to/TO shop/VB them/PRP ./.","You've got, you've got to shop them. /"
aa,A,"Yes/UH ,/,","Yes, /"
aa,A,you/PRP do/VBP ./.,you do. /
sd,B,"I/PRP know/VBP my/PRP$ mother/NN 's/BES in/IN now/RB ,/, in/IN a/DT unit/NN that/WDT 's/BES mainly/RB Alzheimer/NNP 's/POS --/:","I know my mother's [ in now, + in ] a unit that's mainly Alzheimer's -- /"
b,A,Uh-huh/UH ./.,Uh-huh. /
sd,B,"--/: and/CC ,/, uh/UH ,/, we/PRP 're/VBP convinced/JJ that/IN she/PRP probably/RB would/MD be/VB better/JJR off/RP in/IN a/DT geriatric/JJ ./.","-- {C and, } {F uh, } we're convinced that she probably would be better off in a geriatric. /"
b,A,Uh-huh/UH ./.,Uh-huh. /
sd,B,"Uh/UH ,/, the/DT fact/NN that/IN these/DT people/NNS are/VBP ,/, they/PRP 're/VBP up/RB and/CC around/RB ,/,","{F Uh, } the fact that these people [ are + <breathing>, they're ] up and around, /"
sd,B,"but/CC they/PRP 're/VBP ,/, they/PRP 're/VBP ,/, it/PRP 's/BES reminds/VBZ me/PRP too/RB much/RB of/IN an/DT asylum/NN type/NN s-/NN ,/, --/:","{C but } [ [ they're, + they're, ] + it's ] reminds me too much of an asylum type [ s-, -- +"
b,A,Uh-huh/UH ./.,Uh-huh. /
+,B,--/: situation/NN ./.,-- situation. ] /
b,A,Uh-huh/UH ./.,Uh-huh. /
%,B,"And/CC it/PRP 's/BES very/RB ,/, very/RB ,/,","{C And } it's very, very, -/"
qy,A,Does/VBZ your/PRP$ mother/NN have/VB Alzheimer/NNP 's/POS ?/.,Does your mother have Alzheimer's? /
%,B,"She/PRP ,/,","<Lipsmack> <breathing> She, - /"
no,B,"well/UH ,/, who/WP knows/VBZ ./.","{D well, } who knows. /"
sd,B,"They/PRP call/VBP it/PRP ,/, uh/UH ,/, dementia/NN ./.","They call it, {F uh, } dementia. /"
b,A,Uh-huh/UH ./.,Uh-huh. /
no,B,"And/CC ,/, uh/UH ,/, we/PRP do/VBP n't/RB know/VB ./.","{C And, } {F uh, } we don't know. /"
sd,B,"I/PRP ,/, I/PRP mean/VBP she/PRP does/VBZ not/RB know/VB us/PRP anymore/RB --/:","[ I, + I ] mean she does not know us anymore -- /"
b,A,Uh-huh/UH ./.,Uh-huh. /
sd,B,--/: and/CC whether/IN it/PRP 's/BES Alzheimer/NNP 's/POS or/CC what/WP it/PRP is/VBZ --/:,-- {C and } whether it's Alzheimer's or what it is --
b,A,Uh-huh/UH ./.,Uh-huh. /
+,B,"--/: nobody/NN really/RB knows/VBZ ,/,","-- nobody really knows, /"
sd,B,"but/CC it/PRP 's/BES ,/, basically/RB the/DT same/JJ ./.","{C but } it's, basically the same. /"
sd,B,And/CC her/PRP$ health/NN is/VBZ not/RB that/RB bad/JJ ./.,{C And } her health is not that bad. /
sd,B,"Although/IN she/PRP has/VBZ gone/VBN down/RB ,/, downhill/RB drastically/RB since/IN this/DT ,/, this/DT last/JJ ,/,","Although she has gone [ down, + downhill ] drastically since [ this, + this ] last, - /"
sd,B,"well/UH ,/, she/PRP had/VBD been/VBN in/IN a/DT retirement/NN community/NN","{D well, } she had been in a retirement community /"
sd,B,and/CC somewhere/RB in/IN the/DT back/NN of/IN her/PRP$ mind/NN she/PRP had/VBD it/PRP that/IN she/PRP would/MD live/VB with/IN her/PRP$ children/NNS ./.,{C and } somewhere in the back of her mind she had it that she would live with her children. /
sd,B,Well/UH --/:,{D Well } --
b,A,Uh-huh/UH ./.,Uh-huh. /
+,B,"--/: she/PRP ,/, we/PRP ,/, we/PRP just/RB did/VBD not/RB have/VB the/DT capabilities/NNS to/TO ,/, to/TO take/VB care/NN of/IN her/PRP$ ./.","-- [ [ she, + we, ] + we ] just did not have the capabilities [ to, + to ] take care of her. /"
sd,B,"And/CC ,/, uh/UH ,/, but/CC she/PRP ,/, she/PRP has/VBZ gone/VBN down/RB steadily/RB since/IN she/PRP has/VBZ been/VBN in/IN ,/,","[ {C And, } + {F uh, } {C but } ] [ she, + she ] has gone down steadily since she has been in, /"
sd,B,"and/CC she/PRP 's/HVS been/VBN in/IN the/DT nursing/NN home/NN now/RB for/IN ,/, oh/UH ,/, I/PRP would/MD say/VB about/RB three/CD months/NNS ./.","{C and } she's been in the nursing home now for, <breathing> {F oh, } I would say about three months. /"
b,A,Uh-huh/UH ./.,Uh-huh. /
%,B,"And/CC ,/,","{C And, } -/"
qy,A,Did/VBD she/PRP know/VB that/IN she/PRP was/VBD going/VBG to/IN a/DT nursing/NN home/NN ?/.,Did she know that she was going to a nursing home? /
br,B,I/PRP 'm/VBP sorry/JJ ?/.,I'm sorry? /
qy,A,Did/VBD she/PRP know/VB that/IN she/PRP was/VBD going/VBG to/IN a/DT nursing/NN home/NN ?/.,Did she know that she was going to a nursing home? /
%,B,"She/PRP ,/,","She, - /"
nn,B,"no/UH ,/,","no, /"
sd,B,"as/RB far/RB as/IN she/PRP knew/VBD ,/, she/PRP was/VBD going/VBG to/IN a/DT hospital/NN ./.","as far as she knew, she was going to a hospital."
b,A,Uh-huh/UH ./.,Uh-huh. /
+,B,"And/CC that/IN she/PRP could/MD ,/, she/PRP could/MD handle/VB a/DT hospital/NN","And that [ she could, + she could ] handle a hospital /"
sd,B,"and/CC we/PRP says/VBZ ,/, you/PRP know/VBP ,/, mom/NN ,/, if/IN you/PRP ,/, you/PRP know/VBP ,/, if/IN you/PRP get/VBP a/DT ,/, you/PRP get/VBP better/JJR ,/, you/PRP 've/VBP got/VBN to/TO have/VB the/DT care/NN ,/, the/DT doctor/NN insisted/VBD on/IN it/PRP ,/, you/PRP know/VBP ,/, if/IN you/PRP get/VBP better/JJR that/IN you/PRP could/MD come/VB out/RB ./.","{C and } we says, you know, mom, [ [ if you, + {D you know, } if [ you get a, + you get ] better, ] + {A you've got to have the care, the doctor insisted on it, } {D you know, } if you get better ] that you could come out. /"
