act_tag,speaker,pos,text
qy,A,Do/VBP you/PRP want/VBP to/TO tell/VB me/PRP about/IN your/PRP$ budgeting/NN plan/NN ?/.,Do you want to tell me about your budgeting plan? /
ny,B,"Yeah/UH ,/,","Yeah, /"
sd,B,our/PRP$ budgeting/NN plan/NN includes/VBZ me/PRP getting/VBG a/DT job/NN ./.,our budgeting plan includes me getting a job <laughter>. /
x,A,,<Laughter>.
sd,B,"We/PRP 're/VBP ,/, we/PRP 're/VBP at/IN the/DT point/NN now/RB ,/,","[ We're, + we're ] at the point now, /"
sd,B,"I/PRP go-/XX ,/, I/PRP quit/VBD working/VBG about/RB six/CD months/NNS ago/RB to/TO start/VB this/DT house/NN --/:","[ I go-, + I quit ] working about six months ago to start this house -- /"
b,A,Uh-huh/UH ./.,Uh-huh. /
sd,B,--/: and/CC I/PRP 'm/VBP out/IN of/IN cash/NN,-- {C and } I'm out of cash /
sd,B,and/CC I/PRP 'm/VBP not/RB out/IN of/IN project/NN yet/RB ./.,{C and } I'm not out of project yet. /
ba,A,"Oh/UH ,/, no/UH ./.","{F Oh, } no. /"
sd,B,"So/RB ,/, uh/UH ,/, I/PRP 'm/VBP going/VBG to/TO go/VB back/RB and/CC do/VBP some/DT consulting/NN work/NN ./.","{C So, } {F uh, } I'm going to go back and do some consulting work. /"
sd,B,"As/RB far/RB as/IN budget/NN 's/BES concerned/VBN ,/, I/PRP 'm/VBP ,/, I/PRP 'm/VBP fairly/RB fortunate/JJ ./.","As far as budget's concerned, [ I'm, + I'm ] fairly fortunate. /"
sd,B,"Uh/UH ,/, we/PRP 've/VBP ,/, we/PRP 're/VBP right/RB now/RB where/WRB if/IN we/PRP do/VBP n't/RB buy/VB anything/NN extra/JJ ,/, we/PRP can/MD make/VB it/PRP on/IN what/WP my/PRP$ wife/NN makes/VBZ ./.","{F Uh, } [ we've, + we're ] [ right now where if we don't buy anything extra, we can make it on what my wife makes. /"
sd,B,"So/RB ,/, you/PRP know/VBP ,/, the/DT project/NN 's/BES kind/RB of/RB halted/VBN until/IN then/RB ./.","{C So, } {D you know, } the project's kind of halted until then. /"
sd,B,"But/CC as/RB far/RB as/IN budgeting/NN is/VBZ concerned/VBN ,/, you/PRP know/VBP ,/, we/PRP have/VBP ,/, uh/UH ,/, some/DT pretty/RB strict/JJ guidelines/NNS that/WDT we/PRP go/VBP for/IN ,/, you/PRP know/VBP ,/,","{C But } as far as budgeting is concerned, {D you know, } we have, {F uh, } some pretty strict guidelines that we go for, {D you know, /"
sd,B,"we/PRP always/RB put/VBP ten/CD percent/NN back/RB ,/,","} we always put ten percent back, /"
sd,B,and/CC that/DT 's/BES a/DT never/RB touch/NN ./.,{C and } that's a never touch. /
bf,A,"Uh/UH ,/, into/IN savings/NNS ./.","{F Uh, } into savings. /"
aa,B,Yeah/UH ./.,Yeah. /
b,A,Oh/UH ./.,Oh. /
sd,B,"Either/CC savings/NNS or/CC investment/NN ,/, one/CD of/IN the/DT two/CD ,/,","Either savings or investment, one of the two, /"
sd,B,but/CC we/PRP do/VBP n't/RB ever/RB put/VB it/PRP in/IN a/DT high/JJ risk/NN ./.,{C but } we don't ever put it in a high risk. /
sd,B,It/PRP 's/BES just/RB always/RB going/VBG to/TO be/VB there/RB ./.,It's just always going to be there. /
ba,A,"Well/UH ,/, that/DT 's/BES pretty/RB good/JJ ./.","{D Well, } that's pretty good. /"
sv,B,"And/CC as/RB far/RB as/IN the/DT rest/NN of/IN it/PRP 's/BES concerned/VBN ,/, we/PRP do/VBP n't/RB have/VB any/DT kind/NN of/IN ,/, uh/UH ,/, what/WP I/PRP would/MD call/VB extravagant/JJ expenses/NNS ,/, you/PRP know/VBP ,/,","{C And } as far as the rest of it's concerned, we don't have any kind of, {F uh, } what I would call extravagant expenses, {D you know, } /"
sd,B,"we/PRP ,/, uh/UH ,/, we/PRP pretty/RB much/JJ live/VBP on/IN about/RB eight/CD ,/, nine/CD hundred/CD a/DT month/NN ,/, you/PRP know/VBP ,/, just/RB travel/NN to/IN and/CC from/IN work/NN and/CC clothing/NN and/CC food/NN --/:","[ we, + {F uh, } we ] pretty much live on about eight, nine hundred a month, {D you know, } just travel to and from work and clothing and food -- /"
ba,A,"Boy/UH ,/, that/DT 's/BES pretty/RB good/JJ ./.","Boy, that's pretty good. /"
sd,B,"--/: and/CC the/DT rest/NN of/IN it/PRP ,/, you/PRP know/VBP ,/, we/PRP pile/VBP into/IN the/DT house/NN ./.","-- {C and } the rest of it, {D you know, } we pile into the house. /"
sv,B,"And/CC ,/, uh/UH ,/, you/PRP know/VBP ,/, I/PRP 'm/VBP fairly/RB fortunate/JJ ./.","{C And, } {F uh, } {D you know, } I'm fairly fortunate. /"
sd,B,"I/PRP mean/VBP ,/, our/PRP$ credit/NN cards/NNS are/VBP out/IN to/IN the/DT max/NN right/RB now/RB because/IN I/PRP 'm/VBP --/:","{E I mean, } our credit cards are out to the max right now because I'm --"
b,A,Sure/UH ./.,Sure. /
+,B,"--/: a/DT little/JJ behind/RB on/IN that/DT ,/,","-- a little behind on that, /"
sd,B,"but/CC ,/, uh/UH ,/, we/PRP 're/VBP still/RB making/VBG the/DT payments/NNS on/IN them/PRP ./.","{C but, } {F uh, } we're still making the payments on them. /"
sd,B,"It/PRP 's/BES just/RB ,/, when/WRB you/PRP ,/,","It's just, when you, - /"
sd,B,see/VB in/IN Texas/NNP you/PRP can/MD not/RB borrow/VB the/DT money/NN to/TO build/VB your/PRP$ own/JJ home/NN --/:,{D see } in Texas you cannot borrow the money to build your own home --
b,A,"Yeah/UH ,/, --/:","Yeah, -- /"
+,B,--/: and/CC do/VBP it/PRP yourself/PRP ./.,-- and do it yourself. /
sd,A,"--/: it/PRP 's/BES ,/, it/PRP 's/BES tough/JJ here/RB too/RB ./.","-- [ it's, + it's ] tough here too. /"
sd,A,You/PRP have/VBP to/TO have/VB the/DT contractor/NN sign/NN with/IN you/PRP ./.,You have to have the contractor sign with you. /
aa,B,"Right/UH ,/,","Right, /"
aa,B,exactly/UH ./.,exactly. /
sv,A,But/CC it/PRP 's/BES easy/JJ to/TO find/VB a/DT contractor/NN for/IN a/DT couple/NN of/IN hundred/CD bucks/NNS who/WP 'll/MD sign/VB it/PRP and/CC let/VB you/PRP do/VB it/PRP --/:,{C But } it's easy to find a contractor for a couple of hundred bucks who'll sign it and let you do it -- /
b,B,Yeah/UH ./.,Yeah. /
sd,A,"--/: MUMBLEx/XX ,/, where/WRB I/PRP live/VBP ,/, that/DT is/VBZ ./.","-- (( )) , where I live, that is. -/"
sd,B,"And/CC where/WRB I/PRP live/VBP ,/, it/PRP ,/, it/PRP 's/BES pretty/RB scary/JJ ,/, because/IN Texas/NNP is/VBZ one/CD of/IN those/DT strange/JJ states/NNS where/WRB if/IN you/PRP have/VBP a/DT contractor/NN sign/NN on/IN your/PRP$ note/NN like/IN that/DT --/:","{C And } where I live, [ it, + it's ] pretty scary, because Texas is one of those strange states where if you have a contractor sign on your note like that --"
b,A,Uh-huh/UH ./.,Uh-huh. /
+,B,"--/: and/CC you/PRP screw/VBP up/RP ,/, you/PRP do/VBP n't/RB get/VB it/PRP finished/VBN ,/,","-- and you screw up, you don't get it finished, /"
sd,B,the/DT bank/NN can/MD eat/VB the/DT contractor/NN ./.,the bank can eat the contractor. /
bf,A,"Oh/UH ,/, bad/JJ for/IN him/PRP ,/, huh/UH ./.","{F Oh, } bad for him, {F huh. } /"
aa,B,"Yeah/UH ,/,","Yeah, /"
sd,B,bad/JJ for/IN him/PRP ./.,bad for him. /
sd,B,"But/CC ,/, the/DT homeowner/NN ca/MD n't/RB be/VB touched/VBN ./.","{C But, } the homeowner can't be touched. /"
%,A,Um/UH ./.,{F Um. } /
sd,B,It/PRP 's/BES a/DT homestead/NN state/NN ./.,It's a homestead state. /
qy,A,Is/VBZ that/DT right/JJ ?/.,Is that right? /
ny,B,"Yeah/UH ,/,","Yeah, /"
sd,B,"see/UH right/RB now/RB if/IN I/PRP quit/VBP paying/VBG any/DT of/IN my/PRP$ bills/NNS ,/,","{D see } right now if I quit paying any of my bills, /"
sd,B,the/DT only/JJ thing/NN they/PRP could/MD do/VB is/VBZ cut/VB off/RP electricity/NN ./.,the only thing they could do is cut off electricity. /
sd,B,They/PRP ca/MD n't/RB take/VB your/PRP$ land/NN unless/IN you/PRP do/VBP n't/RB pay/VB your/PRP$ land/NN taxes/NNS ./. Period/NN ./.,They can't take your land unless you don't pay your land taxes. Period. /
ba,A,Wow/UH ./.,Wow. /
sd,B,"You/PRP know/VBP ./. They/PRP can/MD take/VB your/PRP$ car/NN and/CC your/PRP$ clothes/NNS and/CC your/PRP$ ,/, anything/NN","{D You know. } They can take your car and your clothes and your, anything /"
sd,B,"that/WDT 's/BES not/RB the/DT tools/NNS of/IN your/PRP$ trade/NN ,/,","that's not the tools of your trade, /"
sv,B,"but/CC as/RB far/RB as/IN ,/, uh/UH ,/, you/PRP know/VBP ,/, you/PRP 're/VBP pretty/RB much/JJ bullet/NN proof/JJ in/IN this/DT state/NN ./.","{C but } as far as, {F uh, } you know <laughter>, you're pretty much bullet proof in this state. /"
sv,A,"Well/UH ,/, that/DT 's/BES kind/RB of/RB handy/JJ ./.","{D Well, } that's kind of handy. /"
b,B,Yeah/UH ./.,Yeah. /
sd,A,I/PRP just/RB finished/VBD James/NNP Michener/NNP 's/POS TEXAS/NNP book/NN ./.,I just finished James Michener's TEXAS book. /
b,B,Uh-huh/UH ./.,Uh-huh. /
sv,A,Pretty/RB interesting/JJ ./.,Pretty interesting. /
b,B,Uh-huh/UH ./.,Uh-huh. /
sv,A,Texas/NNP has/VBZ quite/PDT the/DT history/NN ./.,Texas has quite the history. /
sd,B,"Well/UH ,/, you/PRP know/VBP ,/, we/PRP 're/VBP ,/, we/PRP 're/VBP not/RB ones/PRP to/TO budget/VB much/JJ ,/, you/PRP know/VBP ./.","{D Well, } {D you know, } [ we're, + we're ] not ones to budget much, {D you know } <laughter>. /"
x,A,,<Laughter>.
sd,B,We/PRP just/RB going/VBG to/TO spend/VB it/PRP all/DT ./.,We just going to spend it all. /
sd,A,That/DT 's/BES kind/RB of/RB what/WP we/PRP do/VBP ./.,<Laughter> That's kind of what we do. /
sd,A,"We/PRP ,/, uh/UH ,/, we/PRP 're/VBP L/NNP D/NNP S/NNP","[ We, + {F uh, } we're ] L D S /"
sd,A,and/CC so/RB we/PRP pay/VBP ten/CD percent/NN --/:,{C and so } we pay ten percent --
b,B,Uh-huh/UH ./.,Uh-huh. /
+,A,--/: tithing/NN --/:,-- tithing -- /
b,B,Uh-huh/UH ./.,Uh-huh. /
sd,A,"--/: and/CC then/RB ,/, you/PRP know/VBP ,/, we/PRP put/VBP I/PRP guess/VBP it/PRP 's/BES like/IN fifteen/CD to/IN twenty/CD percent/NN into/IN a/DT savings/NNS account/NN ./.","-- {C and then, } {D you know, } we put I guess it's {D like } fifteen to twenty percent into a savings account. /"
b,B,Uh-huh/UH ./.,Uh-huh. /
sd,A,But/CC that/DT sometimes/RB we/PRP use/VBP for/IN emergency/NN type/NN things/NNS ./.,{C But } that sometimes we use for emergency type things. /
b,B,Yeah/UH ./.,Yeah. /
sd,A,"But/CC ,/, uh/UH ,/, and/CC my/PRP$ wife/NN does/VBZ n't/RB work/VB ./.","[ {C But, } + {F uh, } {C and } ] my wife doesn't work. /"
sv,A,"We/PRP 're/VBP fortunate/JJ that/DT way/NN ,/, that/IN I/PRP make/VBP enough/RB to/TO do/VB what/WP we/PRP want/VBP to/TO do/VB ./.","We're fortunate that way, that I make enough to do what we want to do. /"
b,B,"Yeah/UH ,/,","Yeah, /"
b,B,"yeah/UH ,/,","yeah, /"
sv,B,"we/PRP 're/VBP pretty/RB ,/, pretty/RB fortunate/JJ as/RB far/RB as/IN the/DT ,/, uh/UH ,/, the/DT budgeting/NN is/VBZ concerned/VBN ,/, because/IN ,/, you/PRP know/VBP ,/, we/PRP do/VBP n't/RB have/VB any/DT long/JJ term/NN debt/NN ./.","we're pretty, pretty fortunate as far as [ the, + {F uh, } the ] budgeting is concerned, because, {D you know, } we don't have any long term debt. /"
sd,B,"You/PRP know/VBP ,/, uh/UH ,/, we/PRP paid/VBD cash/NN for/IN car/NN ./.","{D You know, } {F uh, } we paid cash for car. /"
sd,B,"Well/UH ,/, we/PRP bought/VBD the/DT car/NN on/IN time/NN ,/, one/CD of/IN them/PRP ,/,","{D Well, } we bought the car on time, one of them, /"
sd,B,"but/CC we/PRP ,/, you/PRP know/VBP ,/, we/PRP since/IN paid/VBN it/PRP off/RP ./.","{C but } [ we, + {D you know, } we ] since paid it off. /"
ba,A,Well/UH that/DT 's/BES pretty/JJ ./.,{D Well } that's pretty. /
sd,B,"The/DT land/NN is/VBZ paid/VBN for/IN cash/NN ,/,","The land is paid for cash, /"
sd,B,so/RB we/PRP do/VBP n't/RB have/VB to/TO worry/VB about/IN that/DT ./.,{C so } we don't have to worry about that. /
ba,A,That/DT 's/BES a/DT great/JJ position/NN to/TO be/VB in/IN ./.,That's a great position to be in. /
sd,B,"Well/UH ,/, it/PRP 's/BES fraught/JJ with/IN other/JJ problems/NNS ./.","{D Well, } it's fraught with other problems <laughter>. /"
qy,A,Is/VBZ that/DT right/JJ ?/.,Is that right? /
ny,B,"Yeah/UH ,/,","Yeah, /"
sd,B,I/PRP 'm/VBP not/RB very/RB motivated/VBN ./.,I'm not very motivated <laughter>. /
b,A,Oh/UH ./.,Oh <laughter>. /
qw,A,What/WP kind/NN of/IN consulting/NN do/VBP you/PRP do/VB ?/.,What kind of consulting do you do? /
sd,B,"Uh/UH ,/, systems/NNS consulting/NN ./. Computerization/NNS for/IN construction/NN firms/NNS ./.","{F Uh, } systems consulting. Computerization for construction firms. /"
bh,A,Is/VBZ that/DT right/JJ ?/.,Is that right? /
ny,B,Yeah/UH ./.,Yeah. /
sd,A,"I/PRP 'm/VBP into/IN computers/NNS ,/, too/RB ./.","I'm into computers, too. /"
sd,A,I/PRP --/:,[ I -- +
b,B,Right/UH ./.,Right. /
+,A,--/: I/PRP 'm/VBP a/DT E/NN D/NN P/NN auditor/NN ./.,-- I'm ] a E D P auditor. /
b,B,Oh/UH ./.,Oh. /
%,A,And/CC ./.,{C And. } -/
qy,B,You/PRP into/IN mainframes/NNS ?/.,You into mainframes? /
ny,A,"Ye-/UH ,/,","Ye-, /"
sd,A,and/CC P/NN C/NN s/NNS ./.,and P C s. /
bh,B,"An-/XX ,/, oh/UH really/UH ?/.","[ An-, + ] {F oh } really? /"
ny,A,Yeah/UH ./.,Yeah. /
sd,A,"I/PRP 'm/VBP just/RB brushing/VBG up/IN on/IN ,/, well/UH ,/, C/SYM plus/NN plus/NN ./.","I'm just brushing up on, {D well, } C plus plus. /"
bh,B,Are/VBP you/PRP really/JJ ?/.,Are you really? /
ny,A,Uh-huh/UH ./.,Uh-huh. /
%,A,"And/CC ,/,","{C And, } -/"
sd,B,I/PRP just/RB got/VBD that/DT a/DT few/JJ days/NNS ago/RB ./.,I just got that a few days ago. /
qy,A,Three/CD oh/UH ?/.,Three {F oh? } /
ba,B,"Oh/UH ,/, gees/UH ,/,","{F Oh, } gees, /"
ad,B,do/VBP n't/RB get/VB me/PRP to/IN lying/NN ./.,don't get me to lying. /
x,A,,<Laughter>.
sd,B,I/PRP bought/VBD it/PRP at/IN a/DT fire/NN sale/NN ./.,I bought it at a fire sale. /
b,A,Oh/UH ./.,Oh. /
sd,B,"This/DT guy/NN 's/HVS place/NN burned/VBN down/RP ,/,","This guy's place burned down, /"
sd,B,"and/CC he/PRP had/VBD a/DT bunch/NN of/IN computer/NN stuff/NN ,/,","{C and } he had a bunch of computer stuff, /"
sd,B,"and/CC ,/, you/PRP know/VBP ,/, I/PRP bought/VBD it/PRP all/DT ./.","{C and, } {D you know, } I bought it all. /"
sd,B,It/PRP was/VBD two/CD hundred/CD bucks/NNS for/IN everything/NN he/PRP had/VBD ./.,It was two hundred bucks for everything he had. /
ba,A,You/PRP got/VBD a/DT buy/NN ./.,You got a buy. /
sd,B,"Well/UH ,/, some/DT of/IN it/PRP was/VBD n't/RB worth/JJ anything/NN ,/, you/PRP know/VBP ./.","{D Well, } some of it wasn't worth anything, {D you know. } /"
b,A,Sure/UH ./.,Sure. /
sd,B,"You/PRP know/VBP ,/, a/DT lot/NN of/IN the/DT ,/, uh/UH ,/, diskettes/NNS were/VBD just/RB totally/RB unusable/JJ ./.","{D You know, } a lot of the, {F uh, } diskettes were just totally unusable. /"
bf,A,"Melted/JJ ,/, or/CC Just/RB wet/JJ","Melted, or Just wet /"
%,A,"or/CC ,/,","{C or, } -/"
aa,B,"Well/UH ,/, yeah/UH","{D Well, } yeah /"
sd,B,",/, or/CC wet/JJ ./.",", or wet <laughter>. /"
b,A,Okay/UH ./.,Okay. /
sd,B,"But/CC I/PRP did/VBD get/VB out/IN of/IN there/RB with/IN ,/, uh/UH ,/, Vermont/NNP Views/NNS ,/, which/WDT is/VBZ a/DT huge/JJ ,/,","{C But } I did get out of there with, {F uh, } Vermont Views, which is a huge, -/"
