act_tag,speaker,pos,text
"fo_o_fw_""_by_bc",A,Okay/UH ./.,Okay <laughter>. /
ad,B,"If/IN you/PRP want/VBP to/TO go/VB first/RB ,/, go/VB ahead/RB ./.","If you want to go first, go ahead. /"
sd,A,"Oh/UH ,/, I/PRP think/VBP ,/, I/PRP think/VBP that/IN a/DT woman/NN 's/POS role/NN has/VBZ come/VBN a/DT long/JJ way/NN ./.","{F Oh, } [ I think, + I think ] that a woman's role has come a long way. /"
sv,A,"We/PRP have/VBP gone/VBN more/RBR into/IN the/DT business/NN aspect/NN of/IN ,/, like/IN I/PRP say/VBP ,/, of/IN ,/, I/PRP do/VBP n't/RB know/VB ,/, working/VBG more/RBR ,/,","We have gone more into the business aspect [ of, + like I say, of, ] I don't know, working more, /"
sv,A,"and/CC we/PRP ,/, I/PRP think/VBP we/PRP 've/VBP even/RB gone/VBN into/IN more/RBR the/DT labor/NN aspect/NN of/IN it/PRP also/RB ./.","{C and } [ we, + I think we've ] even gone into more the labor aspect of it also."
aa,B,"Yeah/UH ,/,","Yeah, /"
aa,B,definitely/UH ./.,definitely. /
+,A,"With/IN the/DT pay/NN and/CC everything/NN ,/, you/PRP know/VBP ./.","With the pay and everything, {D you know. } /"
sv,B,"I/PRP feel/VBP that/IN ,/, uh/UH ,/, we/PRP 've/VBP missed/VBN as/RB far/RB as/IN the/DT top/JJ jobs/NNS go/VBP ./.","I feel that, {F uh, } we've missed as far as the top jobs go."
b,A,Yeah/UH ./.,Yeah. /
+,B,"You/PRP know/VBP ,/, the/DT higher/JJR echelon/NN ./.","{D You know, } the higher echelon. /"
b,A,Uh-huh/UH ./.,Uh-huh. /
sv,B,"Because/IN if/IN you/PRP look/VBP at/IN most/JJS corporations/NNS ,/, there/EX is/VBZ n't/RB a/DT woman/NN ,/, you/PRP know/VBP ,/, that/WDT 's/BES on/IN the/DT board/NN of/IN directors/NNS ,/, or/CC that/DT type/NN of/IN thing/NN ,/,","{C Because } if you look at most corporations, there isn't a woman, {D you know, } that's on the board of directors, or that type of thing, /"
sv,B,they/PRP are/VBP mostly/RB all/DT men/NNS ./.,they are mostly all men. /
b,A,Uh-huh/UH ./.,Uh-huh. /
sv,B,"There/EX may/MD be/VB a/DT few/NN ,/, but/CC very/RB incidental/JJ ./.","There may be a few, but very incidental. /"
b,A,Yeah/UH ./.,Yeah. /
sd,B,"And/CC I/PRP really/RB think/VBP that/IN it/PRP will/MD be/VB a/DT long/JJ time/NN ,/, probably/RB ,/, before/IN we/PRP see/VBP that/DT ./.","<Laughter> {C And } I really think that it will be a long time, probably, before we see that. /"
sd,B,"In/IN one/CD sense/NN ,/, I/PRP 'm/VBP an/DT older/JJR person/NN ,/, in/IN my/PRP$ fifties/NNS ,/, so/RB I/PRP feel/VBP that/IN we/PRP 've/VBP lost/VBN some/DT things/NNS in/IN the/DT sense/NN that/IN women/NNS have/VBP to/TO work/VB today/RB ./.","In one sense, I'm an older person, in my fifties, so I feel that we've lost some things in the sense that women have to work today."
b,A,Uh-huh/UH ./.,Uh-huh. /
+,B,"You/PRP know/VBP ,/, that/IN they/PRP are/VBP not/RB in/IN the/DT home/NN by/IN choice/NN anymore/RB ./.","{D You know, } that they are not in the home by choice anymore. /"
b,A,Uh-huh/UH ./.,Uh-huh. /
sv,B,"It/PRP 's/BES mostly/RB ,/, you/PRP know/VBP ,/,","It's mostly, {D you know, } - /"
sv,B,"even/RB if/IN you/PRP want/VBP to/TO say/VB home/RB ,/, you/PRP really/RB ca/MD n't/RB ./.","even if you want to say home, you really can't. /"
ba,A,"And/CC a/DT lot/NN of/IN times/NNS you/PRP ca/MD n't/RB ,/,","<Laughter> {C And } a lot of times you can't, /"
aa,A,yeah/UH ./.,yeah. /
sv,B,"You/PRP know/VBP ,/, it/PRP 's/HVS gotten/VBN to/TO be/VB a/DT two/CD income/NN family/NN to/TO just/RB survive/VB today/RB between/IN taxes/NNS and/CC the/DT cost/NN of/IN living/NN ,/,","{D You know, } it's gotten to be a two income family to just survive today between taxes and the cost of living, /"
sv,B,"and/CC I/PRP do/VBP n't/RB think/VB raises/NNS have/VBP kept/VBN up/IN with/IN ,/, you/PRP know/VBP ,/, a/DT lot/NN of/IN the/DT stuff/NN ,/, you/PRP know/VBP ,/, as/RB far/RB as/IN your/PRP$ medical/JJ insurance/NN and/CC just/RB groceries/NNS and/CC gasoline/NN and/CC all/DT ,/, you/PRP know/VBP ./.","{C and } I don't think raises have kept up with, {D you know, } a lot of the stuff, {D you know, } as far as your medical insurance and just groceries and gasoline and all, {D you know. } /"
b,A,Uh-huh/UH ./.,Uh-huh. /
sd,B,"So/RB I/PRP think/VBP that/IN we/PRP did/VBD come/VB a/DT long/JJ way/NN in/IN the/DT sense/NN that/IN we/PRP are/VBP allowed/VBN to/TO vote/VB in/IN ,/, you/PRP know/VBP ,/, like/IN you/PRP say/VBP ,/, we/PRP 're/VBP out/IN in/IN the/DT labor/NN force/NN ,/, but/CC I/PRP think/VBP we/PRP 've/VBP lost/VBN something/NN too/RB ./.","{C So } I think that we did come a long way in the sense that [ we are allowed to vote in, + {D you know, } like you say, we're ] out in the labor force, but I think we've lost something too. /"
b,A,"Yeah/UH ,/,","Yeah, /"
sd,A,"my/PRP$ mom/NN ,/, she/PRP 's/BES a/DT housewife/NN ,/,","my mom, she's a housewife, /"
sd,A,"and/CC ,/, well/UH ,/, there/EX is/VBZ twelve/CD kids/NNS in/IN my/PRP$ family/NN ,/,","{C and, } {D well, } there is twelve kids in my family, /"
sd,A,"so/RB my/PRP$ mom/NN never/RB could/MD really/RB work/VB ,/, you/PRP know/VBP ,/, because/IN she/PRP was/VBD kind/RB of/RB pregnant/JJ from/IN day/NN one/CD ./.","{C so } my mom never could really work, {D you know, } because she was kind of pregnant from day one. /"
sd,A,She/PRP never/RB really/RB had/VBD a/DT chance/NN to/TO work/VB ./.,She never really had a chance to work. /
b,B,Yeah/UH ./.,Yeah. /
sd,A,"She/PRP worked/VBD before/IN she/PRP got/VBD married/JJ ,/,","She worked before she got married, /"
sd,A,"but/CC ,/, uh/UH ,/, she/PRP ,/, uh/UH ,/, she/PRP does/VBZ n't/RB believe/VB in/IN ,/,","{C but, } {F uh, } [ she, + {F uh, } she ] doesn't believe in, - /"
sd,A,she/PRP 's/BES very/RB old/GW fashioned/^JJ ./.,she's very old fashioned. /
sd,A,She/PRP does/VBZ n't/RB believe/VB in/IN the/DT woman/NN working/VBG unless/IN she/PRP has/VBZ to/TO ./.,She doesn't believe in the woman working unless she has to. /
sd,B,"That/DT 's/BES what/WP I/PRP mean/VBP ,/,","That's what I mean, /"
sv,B,and/CC --/:,{C and } --
b,A,Yeah/UH ./.,Yeah. /
+,B,"--/: you/PRP know/VBP ,/, there/EX 's/BES a/DT lot/NN of/IN truth/NN to/IN that/DT ./.","-- {D you know, } there's a lot of truth to that. /"
sv,B,"If/IN you/PRP are/VBP not/RB going/VBG to/TO have/VB a/DT family/NN ,/, then/RB that/DT 's/BES fine/JJ ,/,","If you are not going to have a family, then that's fine, /"
sv,B,"then/RB ,/, you/PRP know/VBP ,/, a/DT career/NN is/VBZ a/DT smart/JJ choice/NN ./.","then, {D you know, } a career is a smart choice. /"
b,A,Uh-huh/UH ./.,Uh-huh. /
sd,B,"And/CC I/PRP think/VBP it/PRP 's/BES great/JJ ,/, but/CC if/IN you/PRP ,/, you/PRP have/VBP a/DT family/NN ,/, I/PRP think/VBP you/PRP owe/VBP the/DT family/NN a/DT responsibility/NN ./.","{C And } I think it's great, but if [ you, + you ] have a family, I think you owe the family a responsibility. /"
b,A,Uh-huh/UH ./.,Uh-huh. /
sv,B,"And/CC to/TO have/VB children/NNS and/CC just/RB get/VB a/DT day/NN care/NN or/CC someone/NN to/TO take/VB care/NN of/IN it/PRP ,/, and/CC not/RB really/RB have/VB the/DT bonding/NN process/NN that/WDT takes/VBZ place/NN with/IN babies/NNS and/CC stuff/NN ,/, you/PRP know/VBP --/:","{C And } to have children and just get a day care or someone to take care of it, and not really have the bonding process that takes place with babies and stuff, {D you know } --"
b,A,Uh-huh/UH ./.,Uh-huh. /
+,B,"--/: I/PRP ,/, I/PRP think/VBP that/IN the/DT mother/NN and/CC the/DT child/NN lose/VBP ,/,","-- [ I, + I ] think that the mother and the child lose, /"
sv,B,and/CC I/PRP think/VBP that/DT 's/BES why/WRB there/EX is/VBZ so/RB many/JJ problems/NNS --/:,{C and } I think that's why there is so many problems --
b,A,Yeah/UH ./.,Yeah. /
+,B,"--/: you/PRP know/VBP ,/, with/IN kids/NNS today/RB ,/,","-- {D you know, } with kids today, /"
sv,B,because/IN they/PRP do/VBP n't/RB have/VB the/DT family/NN roots/NNS anymore/RB ./.,{C because } they don't have the family roots anymore. /
sd,B,"You/PRP know/VBP ,/, I/PRP 'm/VBP not/RB saying/VBG that/IN ,/, that/IN it/PRP 's/BES totally/RB gone/VBN ,/, but/CC it/PRP 's/BES nothing/NN like/IN what/WP it/PRP used/VBD to/TO be/VB ./.","{D You know, } I'm not saying [ that, + that ] it's totally gone, but it's nothing like what it used to be."
b,A,"Yeah/UH ,/,","Yeah, /"
b,A,uh-huh/UH ./.,uh-huh. /
+,B,"You/PRP know/VBP ,/, in/IN that/DT sense/NN ./.","{D You know, } in that sense. /"
b,A,"Yeah/UH ,/,","Yeah, /"
sd,A,"and/CC also/RB like/UH my/PRP$ mom/NN ,/, my/PRP$ mom/NN thinks/VBZ ,/,","{C and } also {D like } [ my mom, + my mom ] thinks, - /"
sd,A,"I/PRP mean/VBP she/PRP 's/BES kind/RB of/RB right/RB with/IN it/PRP ,/,","{E I mean } she's kind of right with it, /"
sd,A,"when/WRB both/DT partners/NNS of/IN the/DT marriage/NN work/VBP ,/, she/PRP feels/VBZ that/IN that/DT 's/BES taking/VBG more/RBR away/RB ,/,","when both partners of the marriage work, she feels that that's taking more away, /"
sd,A,that/DT 's/BES increasing/VBG more/JJR unemployment/NN for/IN people/NNS that/WDT need/VBP to/TO work/VB ./.,that's increasing more unemployment for people that need to work.
aa,B,"Oh/UH ,/, definitely/UH ./.","{F Oh, } definitely. /"
+,A,"You/PRP know/VBP ,/, like/IN for/IN ,/, for/IN the/DT men/NNS that/WDT do/VBP n't/RB have/VB jobs/NNS ,/,","{D You know, } like [ for, + for ] the men that don't have jobs, /"
sd,A,"if/IN ,/, you/PRP know/VBP ,/, she/PRP feels/VBZ if/IN there/EX is/VBZ women/NNS out/IN there/RB just/RB because/IN they/PRP want/VBP to/TO do/VB it/PRP ,/, she/PRP said/VBD ,/, you/PRP know/VBP ,/, they/PRP could/MD stay/VB at/IN home/NN ,/,","[ if, + {D you know, } she feels if ] there is women out there just because they want to do it, she said, {D you know, } they could stay at home, /"
aa,B,"That/DT 's/BES right/JJ ,/,","That's right, /"
sv,B,they/PRP do/VBP n't/RB want/VB to/TO take/VB care/NN of/IN the/DT kids/NNS ./.,they don't want to take care of the kids.
b,A,Yeah/UH ./.,Yeah. /
+,B,And/CC the/DT house/NN and/CC that/DT kind/NN of/IN thing/NN ./.,And the house and that kind of thing. /
sv,B,"That/DT 's/BES very/RB true/JJ ,/, but/CC then/RB they/PRP should/MD n't/RB have/VB a/DT family/NN ./.","That's very true, but then they shouldn't have a family. /"
b,A,Yeah/UH ./.,Yeah. /
sd,B,"That/DT 's/BES what/WP I/PRP 'm/VBP saying/VBG ,/, you/PRP know/VBP ,/,","That's what I'm saying, {D you know, } /"
sd,B,I/PRP think/VBP it/PRP 's/BES great/JJ that/IN women/NNS have/VBP a/DT choice/NN today/RB ./.,I think it's great that women have a choice today.
b,A,Uh-huh/UH ./.,Uh-huh. /
+,B,"That/IN there/EX are/VBP ways/NNS to/TO prevent/VB families/NNS ,/, you/PRP know/VBP ,/,","That there are ways to prevent families, {D you know, } /"
sd,B,like/IN basically/RB there/EX 's/BES contraceptives/NNS and/CC --/:,{D like } basically there's contraceptives and --
b,A,Yeah/UH ./.,Yeah. /
+,B,--/: all/DT kinds/NNS of/IN ways/NNS to/TO prevent/VB pregnancies/NNS ./.,-- all kinds of ways to prevent pregnancies. /
sv,B,There/EX is/VBZ no/DT need/NN to/TO have/VB children/NNS if/IN you/PRP do/VBP n't/RB want/VB them/PRP ./.,There is no need to have children if you don't want them. /
qo,A,"What/WP do/VBP you/PRP think/VB about/IN that/DT ,/,","What do you think about that, /"
qy,A,"do/VBP you/PRP think/VB that/IN ,/, uh/UH ,/,","do you think that, {F uh, - /"
qo,A,what/WP do/VBP you/PRP think/VB about/IN the/DT women/NNS that/WDT are/VBP not/RB having/VBG families/NNS because/IN they/PRP want/VBP to/TO continue/VB their/PRP$ business/NN ?/.,} what do you think about the women that are not having families because they want to continue their business? /
sv,B,"That/DT 's/BES fine/JJ ,/,","That's fine, /"
sv,B,"that/DT 's/BES ,/, that/DT 's/BES the/DT freedom/NN of/IN choice/NN ./.","[ that's, + that's ] the freedom of choice. /"
b,A,Uh-huh/UH ./.,Uh-huh. /
sd,B,"And/CC I/PRP agree/VBP with/IN that/DT ,/,","{C And } I agree with that, /"
sv,B,because/IN anyone/NN who/WP has/VBZ children/NNS that/WDT does/VBZ n't/RB really/RB want/VB them/PRP is/VBZ n't/RB going/VBG to/TO be/VB a/DT good/JJ parent/NN ./.,{C because } anyone who has children that doesn't really want them isn't going to be a good parent. /
b,A,Uh-huh/UH ./.,Uh-huh. /
h,B,"Well/UH ,/, I/PRP should/MD n't/RB say/VB they/PRP are/VBP not/RB going/VBG to/TO be/VB a/DT good/JJ parent/NN ./.","{D Well, } I shouldn't say they are not going to be a good parent. /"
sv,B,They/PRP wo/MD n't/RB be/VB a/DT caring/JJ parent/NN ./.,They won't be a caring parent. /
b,A,Uh-huh/UH ./.,Uh-huh. /
sv,B,"Like/UH they/PRP wo/MD n't/RB have/VB that/DT ,/,","{D Like } they won't have that, -/"
sv,A,Or/CC they/PRP wo/MD n't/RB be/VB as/RB good/JJ as/IN they/PRP could/MD be/VB ./.,{C Or } they won't be as good as they could be. /
aa,B,"Right/UH ,/,","Right, /"
aa,B,"that/DT 's/BES what/WP I/PRP mean/VBP ,/,","that's what I mean, /"
sv,B,they/PRP 'll/MD feel/VB like/IN it/PRP 's/BES a/DT job/NN ./.,they'll feel like it's a job. /
b,A,Uh-huh/UH ./.,Uh-huh. /
sv,B,It/PRP 's/BES not/RB like/UH something/NN that/WDT they/PRP really/RB wanted/VBD ./.,It's not {D like } something that they really wanted. /
sd,B,"Like/UH I/PRP had/VBD three/CD children/NNS ,/,","{D Like } I had three children, /"
sd,B,"and/CC I/PRP mean/VBP I/PRP ,/, I/PRP wanted/VBD every/DT one/CD of/IN them/PRP ./.","{C and } {E I mean } [ I, + I ] wanted every one of them. /"
b,A,Uh-huh/UH ./.,Uh-huh. /
sd,B,"I/PRP 'm/VBP not/RB sorry/JJ I/PRP had/VBD any/DT of/IN them/PRP ,/,","I'm not sorry I had any of them, /"
sd,B,and/CC I/PRP worked/VBD third/JJ shift/NN for/IN a/DT good/JJ part/NN of/IN my/PRP$ life/NN just/RB so/IN I/PRP would/MD be/VB home/RB with/IN them/PRP ./.,{C and } I worked third shift for a good part of my life just so I would be home with them. /
b,A,Yeah/UH ./.,Yeah. /
sd,B,"You/PRP know/VBP ,/, I/PRP had/VBD to/TO work/VB ,/, but/CC I/PRP tried/VBD to/TO make/VB it/PRP as/RB painless/JJ as/IN possible/JJ ./.","{D You know, } I had to work, but I tried to make it as painless as possible. /"
b,A,Uh-huh/UH ./.,Uh-huh. /
sd,B,"In/IN fact/NN ,/, at/IN one/CD time/NN I/PRP worked/VBD as/IN a/DT second/JJ shift/NN ,/,","In fact, at one time I worked as a second shift, /"
sd,B,"and/CC one/CD Saturday/NNP morning/NN we/PRP were/VBD all/DT sitting/NN at/IN the/DT breakfast/NN table/NN ,/,","{C and } one Saturday morning we were all sitting at the breakfast table, /"
sd,B,"and/CC the/DT kids/NNS were/VBD talking/VBG ,/, daddy/NNP this/DT ,/, daddy/NNP that/DT ,/, daddy/NNP this/DT ,/, daddy/NNP that/DT ,/,","{C and } the kids were talking, daddy this, daddy that, daddy this, daddy that, /"
sd,B,and/CC I/PRP was/VBD sitting/VBG there/RB ./.,{C and } I was sitting there. /
sd,B,It/PRP was/VBD like/IN I/PRP did/VBD n't/RB belong/VB anymore/RB ./.,It was like I didn't belong anymore. /
x,A,,<Laughter>.
sd,B,"And/CC it/PRP was/VBD because/IN I/PRP had/VBD worked/VBN for/IN about/RB nine/CD months/NNS ,/,","{C And } it was because I had worked for about nine months, /"
sd,B,and/CC when/WRB they/PRP were/VBD coming/VBG home/RB I/PRP was/VBD going/VBG to/IN work/NN ./.,{C and } when they were coming home I was going to work. /
b,A,Uh-huh/UH ./.,Uh-huh. /
sd,B,"And/CC I/PRP was/VBD n't/RB there/RB at/IN supper/NN time/NN or/CC bed/NN time/NN ,/,","{C And } I wasn't there at supper time or bed time, /"
sd,B,"or/CC they/PRP could/MD n't/RB tell/VB me/PRP what/WP went/VBD on/RP at/IN school/NN because/IN they/PRP would/MD be/VB coming/VBG in/IN the/DT door/NN ,/,","{C or } they couldn't tell me what went on at school because they would be coming in the door, /"
sd,B,I/PRP would/MD be/VB going/VBG out/RB ./.,I would be going out. /
aa,A,Exactly/UH ./.,Exactly. /
sd,B,"So/RB we/PRP were/VBD ,/,","{C So } we were, /"
sd,B,I/PRP felt/VBD I/PRP was/VBD losing/VBG my/PRP$ family/NN ./.,I felt I was losing my family. /
b,A,Uh-huh/UH ./.,Uh-huh. /
sd,B,"And/CC that/DT 's/BES why/WRB I/PRP said/VBD that/DT 's/BES it/PRP ,/,","{C And } that's why I said that's it, /"
sd,B,"I/PRP either/DT have/VBP to/TO quit/VB or/CC ,/, you/PRP know/VBP ,/, try/VB something/NN else/RB ,/,","I either have to quit or, {D you know, } try something else, /"
sd,B,so/RB I/PRP went/VBD on/IN third/JJ shift/NN ./.,{C so } I went on third shift. /
b,A,Uh-huh/UH ./.,Uh-huh. /
sd,B,And/CC I/PRP worked/VBD that/DT shift/NN for/IN eleven/CD years/NNS ./.,{C And } I worked that shift for eleven years. /
ba,A,"Oh/UH ,/, my/PRP$ ./.","{F Oh, } my. /"
b,B,Yeah/UH ./.,Yeah. /
"fo_o_fw_""_by_bc",A,Bless/VB you/PRP ./.,<Laughter> Bless you <laughter>. /
sd,B,Just/RB so/IN that/IN my/PRP$ kids/NNS would/MD have/VB me/PRP at/IN home/NN ./.,Just so that my kids would have me at home. /
b,A,Uh-huh/UH ./.,Uh-huh. /
sv,B,"You/PRP know/VBP ,/, and/CC I/PRP feel/VBP that/DT 's/BES very/RB important/JJ ,/,","{D You know, } {C and } I feel that's very important, /"
sv,B,"it/PRP really/RB is/VBZ ,/,","it really is, /"
sv,B,and/CC it/PRP 's/BES too/RB bad/JJ because/IN mothers/NNS miss/VBP out/RP on/IN so/RB much/JJ too/RB ./.,{C and } it's too bad because mothers miss out on so much too. /
b,A,Uh-huh/UH ./.,Uh-huh. /
sv,B,"So/RB I/PRP mean/VBP in/IN the/DT sense/NN that/IN we/PRP 've/VBP come/VBN a/DT long/JJ way/NN ,/,","{C So } {E I mean } in the sense that we've come a long way, /"
b,B,"yes/UH ,/,","yes, /"
sv,B,but/CC we/PRP 've/VBP sacrificed/VBN a/DT lot/NN to/TO get/VB there/RB ./.,{C but } we've sacrificed a lot to get there. /
aa,A,"Yeah/UH ,/,","Yeah, /"
aa,A,"I/PRP ,/, I/PRP agree/VBP ./.","[ I, + I ] agree. /"
sv,B,"And/CC ,/, uh/UH ,/, I/PRP really/RB think/VBP that/IN if/IN ,/, uh/UH ,/, like/UH after/IN the/DT second/NNP World/NNP War/NNP when/WRB women/NNS went/VBD to/TO work/VB in/IN factories/NNS and/CC all/PDT that/DT ,/, that/DT was/VBD like/IN out/IN of/IN necessity/NN ,/, because/IN the/DT men/NNS were/VBD n't/RB here/RB anymore/RB ./.","{C And, } {F uh, } I really think that [ if, + ] {F uh, } like after the second World War when women went to work in factories and all that, that was {D like } out of necessity, because the men weren't here anymore. /"
b,A,Uh-huh/UH ./.,Uh-huh. /
sv,B,But/CC then/RB it/PRP got/VBD to/TO be/VB a/DT point/NN where/WRB they/PRP got/VBD some/DT independence/NN ./.,{C But } then it got to be a point where they got some independence. /
sv,A,"And/CC they/PRP just/RB enjoyed/VBD the/DT income/NN ,/, the/DT extra/NN ./.","{C And } they just enjoyed the income, the extra. -/"
aa,B,Exactly/RB ./.,Exactly. /
sv,B,"A/DT man/NN can/MD afford/VB the/DT necessities/NNS ,/, a/DT woman/NN affords/VBZ the/DT luxuries/NNS ./.","A man can afford the necessities, a woman affords the luxuries. /"
b,A,Uh-huh/UH ./.,Uh-huh. /
sd,B,"And/CC I/PRP notice/VBP today/RB kids/NNS ,/, you/PRP know/VBP ,/,","{C And } I notice today kids, {D you know, } /"
sd,B,like/UH we/PRP had/VBD apartments/NNS before/IN we/PRP had/VBD homes/NNS ./.,{D like } we had apartments before we had homes. /
b,A,Uh-huh/UH ./.,Uh-huh. /
sd,B,And/CC we/PRP had/VBD to/TO walk/VB before/IN we/PRP had/VBD a/DT car/NN ./.,{C And } we had to walk before we had a car. /
aa,A,Exactly/UH ./.,Exactly. /
sv,B,"And/CC now/RB kids/NNS at/IN sixteen/CD years/NNS old/JJ ,/, they/PRP have/VBP their/PRP$ birthday/NN ,/,","{C And } now kids at sixteen years old, they have their birthday, /"
qh,B,"what/WP do/VBP they/PRP get/VB ,/,","what do they get, /"
sv,B,they/PRP get/VBP a/DT car/NN ./.,they get a car. /
ba,A,"Oh/UH ,/, I/PRP know/VBP ./.","{F Oh, } I know <laughter>. /"
sd,B,"And/CC to/IN me/PRP ,/, it/PRP 's/BES like/IN we/PRP 've/VBP lost/VBN our/PRP$ values/NNS in/IN this/DT country/NN ./.","{C And } to me, it's like we've lost our values in this country. /"
b,A,Uh-huh/UH ./.,Uh-huh. /
sv,B,"We/PRP really/RB have/VBP ,/,","We really have, - /"
sd,B,"and/CC I/PRP ,/, I/PRP 'm/VBP not/RB trying/VBG to/TO be/VB ,/, uh/UH ,/, you/PRP know/VBP ,/, a/DT prude/NN or/CC old/GW fashioned/^JJ or/CC anything/NN ,/, but/CC I/PRP ,/, I/PRP do/VBP n't/RB think/VB if/IN you/PRP ,/, unless/IN you/PRP earn/VBP something/NN and/CC you/PRP 've/VBP worked/VBN for/IN it/PRP ,/, and/CC you/PRP have/VBP a/DT sense/NN of/IN pride/NN about/IN it/PRP ,/,","{C and } [ I, + I'm ] not trying to be, {F uh, } {D you know, } a prude or old fashioned or anything, but [ I, + I ] don't think [ if you, + ] unless you earn something and you've worked for it, and you have a sense of pride about it, - /"
sd,B,"because/IN while/IN I/PRP did/VBD this/DT in/NN ,/, you/PRP know/VBP ,/, no/DT one/PRP gave/VBD it/PRP to/IN me/PRP ./.","{C because } while I did this [ in, + ] {D you know, } no one gave it to me. /"
b,A,Uh-huh/UH ./.,Uh-huh. /
sv,B,"You/PRP will/MD take/VB better/JJR care/NN of/IN that/DT ,/,","You will take better care of that, /"
sv,B,and/CC you/PRP will/MD prize/VB that/DT possession/NN ./.,{C and } you will prize that possession.
aa,A,Exactly/UH ./.,Exactly. /
+,B,More/RBR than/IN someone/NN handing/VBG something/NN to/IN you/PRP ./.,More than someone handing something to you. /
b,A,Uh-huh/UH ./.,Uh-huh. /
sv,B,"And/CC it/PRP 's/BES just/RB like/IN college/NN too/RB ,/,","{C And } it's just like college too, /"
sv,B,"I/PRP think/VBP that/IN if/IN a/DT kid/NN goes/VBZ to/IN college/NN ,/, and/CC you/PRP can/MD help/VB them/PRP ,/, fine/JJ ,/, but/CC I/PRP do/VBP n't/RB think/VB you/PRP should/MD pay/VB the/DT whole/JJ way/NN ./.","I think that if a kid goes to college, and you can help them, fine, but I don't think you should pay the whole way. /"
b,A,"See/UH ,/, yeah/UH ,/,","{D See, } yeah, /"
sd,A,"see/UH ,/, now/UH ,/, my/PRP$ parents/NNS ,/, there/EX is/VBZ no/DT way/NN they/PRP could/MD afford/VB to/TO send/VB twelve/CD kids/NNS to/IN college/NN ./.","{D see, } {D now, } my parents, there is no way they could afford to send twelve kids to college. /"
aa,B,Of/IN course/NN ./.,Of course. /
sd,A,"And/CC so/RB far/RB there/EX is/VBZ only/RB two/CD of/IN us/PRP that/WDT have/VBP gone/VBN ,/,","{C And } so far there is only two of us that have gone, /"
sd,A,"and/CC my/PRP$ older/JJR brother/NN has/VBZ paid/VBN his/PRP$ entire/JJ way/NN ,/,","{C and } my older brother has paid his entire way, /"
sd,A,"and/CC I/PRP 'm/VBP on/IN my/PRP$ ,/,","{C and } I'm on my, - /"
sd,A,I/PRP have/VBP six/CD weeks/NNS left/VBN,I have six weeks left /
sd,A,"and/CC I/PRP 'll/MD ,/, you/PRP know/VBP ,/, I/PRP 'll/MD graduate/VB ,/,","{C and } [ I'll, + {D you know, } I'll ] graduate, /"
sd,A,"and/CC I/PRP paid/VBD my/PRP$ entire/JJ way/NN ,/,","{C and } I paid my entire way, /"
sd,A,"and/CC that/DT 's/BES the/DT way/NN it/PRP 'll/MD go/VB down/IN the/DT line/NN ,/,","{C and } that's the way it'll go down the line, /"
sd,A,"and/CC like/UH I/PRP do/VBP n't/RB have/VB a/DT car/NN because/IN I/PRP 'm/VBP paying/VBG for/IN college/NN ,/,","{C and } {D like } I don't have a car because I'm paying for college, /"
sd,A,"and/CC if/IN I/PRP want/VBP a/DT car/NN ,/,","{C and } if I want a car, - /"
sd,A,"my/PRP$ parents/NNS always/RB said/VBD if/IN we/PRP wanted/VBD a/DT car/NN ,/, we/PRP paid/VBD for/IN the/DT car/NN ,/, and/CC we/PRP paid/VBD for/IN our/PRP$ own/JJ insurance/NN ,/,","my parents always said if we wanted a car, we paid for the car, and we paid for our own insurance, /"
sd,A,and/CC I/PRP think/VBP that/DT 's/BES right/JJ,{C and } I think that's right /
%,A,"because/IN ,/,","{C because, } -/"
b,B,"Sure/UH ,/,","Sure, /"
sv,B,"but/CC I/PRP 'll/MD bet/VB your/PRP$ values/NNS are/VBP a/DT lot/NN higher/JJR ,/, you/PRP know/VBP ,/, and/CC your/PRP$ self/NN esteem/NN and/CC the/DT ,/, the/DT way/NN you/PRP ,/, uh/UH ,/, you/PRP know/VBP ,/, think/VBP about/IN things/NNS is/VBZ probably/RB --/:","{C but } I'll bet your values are a lot higher, {D you know, } and your self esteem and [ the, + the ] way you, {F uh, } {D you know, } think about things is probably --"
b,A,Uh-huh/UH ./.,Uh-huh. /
+,B,--/: a/DT lot/NN more/RBR common/JJ sense/NN --/:,-- a lot more common sense --
b,A,Yeah/UH ./.,Yeah. /
+,B,--/: than/IN these/DT kids/NNS that/WDT do/VBP n't/RB have/VB that/DT responsibility/NN ./.,-- than these kids that don't have that responsibility. /
b,A,Uh-huh/UH ./.,Uh-huh. /
sd,A,"Like/UH I/PRP 've/VBP had/VBN my/PRP$ ,/, you/PRP know/VBP ,/,","{D Like } I've had my, {D you know, } - /"
sd,A,like/UH I/PRP know/VBP kids/NNS up/IN here/RB that/WDT have/VBP their/PRP$ own/JJ cars/NNS,{D like } I know kids up here that have their own cars /
sd,A,"and/CC money/NN is/VBZ just/RB given/VBN to/IN them/PRP ,/,","{C and } money is just given to them, /"
sd,A,"like/IN they/PRP still/RB get/VBP their/PRP$ allowance/NN ,/,","{D like } they still get their allowance, /"
sd,A,they/PRP are/VBP twenty/CD years/NNS old/JJ and/CC they/PRP still/RB get/VBP an/DT allowance/NN ./.,they are twenty years old and they still get an allowance. /
sd,A,"Well/UH ,/, I/PRP have/VBP held/VBN a/DT summer/NN job/NN ,/, you/PRP know/VBP ,/, since/IN I/PRP ,/, you/PRP know/VBP ,/, I/PRP was/VBD in/IN the/DT eleventh/JJ grade/NN ,/,","{D Well, } I have held a summer job, {D you know, } since [ I, + {D you know, } I ] was in the eleventh grade, /"
sd,A,"and/CC I/PRP have/VBP had/VBN to/TO take/VB care/NN of/IN my/PRP$ own/JJ money/NN ,/,","{C and } I have had to take care of my own money, /"
sd,A,"I/PRP have/VBP my/PRP$ own/JJ checking/NN account/NN ,/,","[ I + ] have my own checking account, /"
sd,A,"I/PRP pay/VBP for/IN my/PRP$ own/JJ life/NN insurance/NN ,/,","I pay for my own life insurance, /"
sd,A,"and/CC I/PRP know/VBP a/DT lot/NN of/IN kids/NNS that/WDT do/VBP n't/RB even/RB know/VB ,/,","{C and } I know a lot of kids that don't even know, - /"
sd,A,"I/PRP mean/VBP I/PRP tell/VBP them/PRP I/PRP pay/VBP for/IN my/PRP$ own/JJ life/NN insurance/NN and/CC their/PRP$ mouths/NNS just/RB drop/VBP to/IN the/DT floor/NN ,/, you/PRP know/VBP ./.","{E I mean } I tell them I pay for my own life insurance and their mouths just drop to the floor, {D you know. } /"
b,B,"Sure/UH ,/,","Sure, /"
sv,B,they/PRP probably/RB do/VBP n't/RB even/RB have/VB any/DT ./.,they probably don't even have any. /
sv,A,"Well/UH ,/, if/IN they/PRP do/VBP ,/, they/PRP do/VBP n't/RB know/VB it/PRP ,/, you/PRP know/VBP ./.","{D Well, } if they do, they don't know it, {D you know } <laughter>. /"
aa,B,"Yeah/UH ,/,","Yeah, /"
aa,B,"exactly/UH ,/,","exactly, /"
sd,B,"and/CC that/DT 's/BES what/WP I/PRP say/VBP ,/, you/PRP 'll/MD ,/, you/PRP 'll/MD be/VB so/RB much/RB better/JJR off/RP for/IN it/PRP as/IN you/PRP get/VBP older/JJR ,/,","{C and } that's what I say, [ you'll, + you'll ] be so much better off for it as you get older, /"
sv,B,"because/IN ,/, you/PRP know/VBP ,/, a/DT lot/NN of/IN kids/NNS resent/VBP things/NNS that/WDT parents/NNS tell/VBP them/PRP and/CC stuff/NN ,/,","{C because, } {D you know, } a lot of kids resent things that parents tell them and stuff, /"
sv,B,but/CC it/PRP 's/BES because/IN you/PRP 've/VBP been/VBN there/RB ./.,{C but } it's because you've been there.
b,A,Uh-huh/UH ./.,Uh-huh. /
+,B,And/CC no/DT one/PRP can/MD tell/VB anyone/NN anything/NN --/:,And no one can tell anyone anything -- /
ba,A,"Oh/UH ,/, I/PRP know/VBP ./.","{F Oh, } I know. /"
sv,B,"--/: you/PRP know/VBP ,/, you/PRP are/VBP going/VBG to/TO find/VB out/IN for/IN yourself/PRP ,/,","-- {D you know, } you are going to find out for yourself, /"
sv,B,"but/CC I/PRP mean/VBP I/PRP do/VBP n't/RB think/VB you/PRP should/MD just/RB not/RB listen/VB to/IN advice/NN ,/, even/RB if/IN you/PRP do/VBP n't/RB take/VB it/PRP ,/, just/RB listen/VB ./.","{C but } {E I mean } I don't think you should just not listen to advice, even if you don't take it, just listen. /"
b,A,Uh-huh/UH ./.,Uh-huh. /
sv,B,"You/PRP know/VBP ,/, there/EX is/VBZ no/DT harm/NN in/IN that/DT ,/, whereas/IN sometimes/RB you/PRP ca/MD n't/RB even/RB get/VB that/DT from/IN a/DT kid/NN ,/, you/PRP know/VBP ./.","{D You know, } there is no harm in that, whereas sometimes you can't even get that from a kid, {D you know. }"
x,A,,<Laughter>.
+,B,"Just/RB attention/NN ,/, you/PRP know/VBP ./.","<Laughter> Just attention, {D you know. } /"
b,A,Uh-huh/UH ./.,Uh-huh. /
sd,B,"But/CC really/RB ,/, uh/UH ,/,","{C But } really, {F uh, } /"
qo,B,"what/WP do/VBP you/PRP feel/VB the/DT changes/NNS in/IN the/DT future/NN ,/, like/IN with/IN the/DT abortions/NNS and/CC that/DT type/NN of/IN thing/NN ,/, women/NNS in/IN politics/NNS and/CC --/:","what do you feel the changes in the future, {D like } with the abortions and that type of thing, women in politics and --"
%,A,Uh/UH ./.,{F Uh. } /
+,B,"--/: president/NN someday/RB ,/, maybe/RB ./.","-- president someday, maybe <laughter>. -/"
sv,A,"Actually/RB I/PRP think/VBP abortion/NN is/VBZ going/VBG to/TO take/VB a/DT turn/NN where/WRB there/EX is/VBZ not/RB going/VBG to/TO be/VB as/IN many/JJ ,/,","Actually I think abortion is going to take a turn where there is not going to be as many, /"
sv,A,because/IN I/PRP think/VBP contraceptives/NNS are/VBP going/VBG to/TO be/VB more/RBR popular/JJ ./.,{C because } I think contraceptives are going to be more popular. /
sv,A,"I/PRP mean/VBP I/PRP realize/VBP that/IN they/PRP are/VBP popular/JJ now/RB ,/,","{E I mean } I realize that they are popular now, /"
sv,A,"but/CC I/PRP think/VBP ,/, I/PRP really/RB think/VBP people/NNS are/VBP going/VBG to/TO start/VB using/VBG more/JJR contraceptives/NNS","{C but } I think, I really think people are going to start using more contraceptives /"
sv,A,"and/CC with/IN the/DT abortion/NN ,/, I/PRP do/VBP n't/RB think/VB there/EX is/VBZ going/VBG to/TO be/VB as/IN many/JJ abortions/NNS ,/, but/CC I/PRP do/VBP n't/RB know/VB what/WP women/NNS will/MD do/VB when/WRB they/PRP get/VBP into/IN politics/NNS ,/, you/PRP know/VBP ,/, about/IN abortion/NN ./.","{C and } with the abortion, I don't think there is going to be as many abortions, but I don't know what women will do when they get into politics, {D you know, } about abortion. /"
b,B,"Yeah/UH ,/,","Yeah, /"
b,B,yeah/UH ./.,yeah. /
sv,A,I/PRP think/VBP it/PRP will/MD be/VB freedom/NN of/IN choice/NN ./.,I think it will be freedom of choice. /
sv,B,"Well/UH ,/, I/PRP still/RB think/VBP people/NNS have/VBP a/DT choice/NN ./.","{D Well, } I still think people have a choice. /"
sv,B,"You/PRP know/VBP ,/, if/IN you/PRP can/MD live/VB with/IN it/PRP ,/, and/CC it/PRP 's/BES ,/, you/PRP know/VBP ,/, your/PRP$ conscience/NN is/VBZ clear/JJ --/:","{D You know, } if you can live with it, and [ it's, + ] {D you know, } your conscience is clear --"
b,A,Uh-huh/UH ./.,Uh-huh. /
+,B,"--/: then/RB I/PRP mean/VBP all/DT of/IN us/PRP are/VBP going/VBG to/TO answer/VB to/IN it/PRP one/CD day/NN ,/, maybe/RB ./.","-- then {E I mean } all of us are going to answer to it one day, maybe."
aa,A,"Exactly/RB ,/, yeah/UH ./.","Exactly, yeah. /"
+,B,Or/CC maybe/RB not/RB ./.,Or maybe not. /
h,B,I/PRP do/VBP n't/RB know/VB ./.,I don't know. /
b,A,Uh-huh/UH ./.,Uh-huh. /
sv,B,"I/PRP mean/VBP no/DT one/PRP has/VBZ said/VBN for/IN sure/JJ ,/, you/PRP know/VBP ./.","{E I mean } no one has said for sure, {D you know. } /"
b,A,Yeah/UH ./.,Yeah. /
%,B,"But/CC ,/,","{C But, } -/"
b,B,"Yes/UH ,/,","Yes, /"
b,B,yes/UH ./.,yes. /
sd,B,Which/WDT I/PRP mean/VBP I/PRP think/VBP it/PRP should/MD be/VB anyway/RB ./.,Which I mean I think it should be anyway. /
sd,A,"I/PRP ,/, I/PRP do/VBP ./.","[ I, + I ] do. /"
sd,A,"I/PRP 'm/VBP Catholic/NNP ,/,","I'm Catholic, /"
sd,A,"and/CC we/PRP ,/, we/PRP are/VBP not/RB supposed/VBN to/TO ,/, you/PRP know/VBP ,/, say/VB that/IN that/DT 's/BES okay/JJ ,/, but/CC I/PRP really/RB feel/VBP that/IN it/PRP 's/BES freedom/NN of/IN choice/NN ./.","{C and } [ we, + we ] are not supposed to, {D you know, } say that that's okay, but I really feel that it's freedom of choice. /"
b,B,Yeah/UH ./.,Yeah. /
sd,A,I/PRP do/VBP ./.,I do. /
sd,B,"Because/IN I/PRP mean/VBP you/PRP as/IN an/DT individual/NN ,/, what/WP you/PRP do/VBP ,/, that/DT to/IN me/PRP is/VBZ your/PRP$ business/NN ./.","{C Because } {E I mean } you as an individual, what you do, that to me is your business. /"
b,A,Uh-huh/UH ./.,Uh-huh. /
%,B,"And/CC ,/, uh/UH ,/,","{C And, } {F uh, } -/"
sv,A,And/CC different/JJ circumstances/NNS call/VBP for/IN different/JJ things/NNS ./.,{C And } different circumstances call for different things. /
aa,B,"Exactly/UH ,/,","Exactly, /"
aa,B,"exactly/UH ,/,","exactly, /"
%,B,that/DT 's/BES .../:,that's ... -/
