act_tag,speaker,pos,text
qw,A,"So/UH ,/, what/WP do/VBP you/PRP think/VB of/IN our/PRP$ trial/NN system/NN ?/. ./.","{C So, } what do you think of our trial system? <noise>. /"
h,B,"Huh/UH ,/, I/PRP do/VBP n't/RB really/RB know/VB what/WP to/TO think/VB about/IN it/PRP ,/,","{F Huh, } I don't really know what to think about it, /"
%,B,"but/CC I/PRP do/VBP know/VB that/IN they/PRP 're/VBP not/RB ,/, you/PRP know/VBP ,/,","{C but } I do know that they're not, {D you know, } - /"
sv,B,"they/PRP 'll/MD give/VB somebody/NN twenty-five/CD years/NNS and/CC they/PRP 'll/MD serve/VB what/WP ,/, eight/CD months/NNS ./.","they'll give somebody twenty-five years and they'll serve what, eight months. /"
b,A,Yeah/UH ./.,Yeah. /
qy,B,Have/VBP you/PRP noticed/VBN that/DT ?/.,Have you noticed that? /
ny,A,"Yeah/UH ,/,","Yeah, /"
sv,A,"I/PRP have/VBP noticed/VBN that/DT ,/, that/DT ,/, that/DT kind/NN of/IN stuff/NN does/VBZ seem/VB to/TO happen/VB quite/RB a/DT bit/NN ,/, um/UH ,/,","I have noticed [ that, + that, ] that kind of stuff does seem to happen quite a bit, {F um, } /"
ny,A,yeah/UH ./.,yeah. /
b,B,"Uh-huh/UH ,/,","Uh-huh, /"
%,B,"and/CC ,/, uh/UH ./.","{C and, } {F uh. } -/"
sd,A,"I/PRP do/VBP n't/RB ,/, I/PRP do/VBP n't/RB ,/, I/PRP do/VBP n't/RB even/RB know/VB what/WP to/TO do/VB about/IN that/DT sort/NN of/IN thing/NN ./.","[ [ I don't, + I don't, ] + I don't ] even know what to do about that sort of thing. /"
sv,B,"But/CC I/PRP think/VBP trial/NN by/IN jury/NN is/VBZ ,/, it/PRP 's/BES a/DT lot/NN better/JJR than/IN leaving/VBG it/PRP up/RP to/IN one/CD person/NN ./.","{C But } I think trial by jury [ is, + it's ] a lot better than leaving it up to one person. /"
b,A,"Yeah/UH ,/,","Yeah, /"
sv,A,I/PRP think/VBP trial/NN by/IN jury/NN is/VBZ very/RB good/JJ ./.,I think trial by jury is very good. /
%,A,"I/PRP actually/UH ,/,","I actually, - /"
sv,A,"they/PRP said/VBD ,/, I/PRP think/VBP the/DT tape/NN said/VBD something/NN about/IN changing/VBG ,/, uh/UH ,/, changing/VBG it/PRP such/JJ that/DT the/DT ,/,","[ they said, + I think the tape said ] something about [ changing, + {F uh, } changing ] it such that the, -/"
sv,A,or/CC leaving/VBG sentencing/NN up/RP to/IN the/DT judge/NN only/RB ./.,{C or } leaving sentencing up to the judge only. - /
sv,A,I/PRP think/VBP that/DT 's/BES actually/RB good/JJ idea/NN ./.,I think that's actually good idea. /
qy^d,B,Leaving/VBG it/PRP up/RP to/IN the/DT judge/NN ?/.,Leaving it up to the judge? /
na,A,"We-/XX ,/, just/RB ,/, just/RB sentencing/NN ,/, not/RB the/DT trial/NN itself/PRP ./.","{D We-, } [ just, + just ] sentencing, not the trial itself. /"
bk,B,"Oh/UH ,/, okay/UH ./.","{F Oh, } okay. /"
sv,A,"Um/UH ,/, because/IN I/PRP think/VBP that/IN th-/XX ,/, that/IN ,/, that/IN judges/NNS are/VBP probably/RB more/RBR informed/JJ as/IN to/IN what/WP is/VBZ ,/,","{F Um, } {C because } I think [ [ [ that + th-, ] + that, ] + that ] judges are probably more informed as to [ what is, + ]"
b,B,"Yeah/UH ,/,","Yeah, /"
+,A,"how/WRB serious/JJ the/DT nature/NN of/IN the/DT crime/NN is/VBZ ,/,","how serious the nature of the crime is,"
b,B,well/UH right/UH,{D well } right /
sv,B,"because/IN ,/,","{C because, }"
+,A,and/CC stuff/NN like/IN that/DT,and stuff like that /
%,A,"an/DT ,/,","{C an, } -/"
+,B,"the/DT general/JJ public/NN does/VBZ n't/RB know/VB that/IN if/IN ,/, i-/XX ,/, if/IN they/PRP 're/VBP sentenced/VBN to/IN life/NN that/IN they/PRP wo/MD n't/RB serve/VB life/NN ./.","the general public doesn't know that [ [ if, + i-, ] + if ] they're sentenced to life that they won't serve life. /"
b,A,Right/UH ./.,Right. /
sv,B,Course/IN the/DT judge/NN will/MD know/VB when/WRB he/PRP 'll/MD be/VB up/RP for/IN parole/NN and/CC all/DT that/DT ./.,Course the judge will know when he'll be up for parole and all that. /
b,B,"So/RB yeah/UH ,/,","{C So } yeah, /"
b,A,"Right/UH ,/,","Right, /"
sv,A,"so/RB he/PRP 'll/MD be/VB able/JJ to/TO give/VB them/PRP the/DT maximum/JJ sentence/NN ,/, in/IN some/DT cases/NNS there/RB ./.","{C so } he'll be able to give them the maximum sentence, in some cases there. /"
b,B,"Okay/UH ,/,","Okay, /"
sd,B,I/PRP must/MD not/RB have/VB understood/VBN the/DT whole/JJ thing/NN,I must not have understood the whole thing /
sd,B,"because/IN I/PRP did/VBD n't/RB hear/VB them/PRP say/VB that/DT ,/,","{C because } I didn't hear them say that, /"
%,B,but/CC yeah/UH ./.,{C but } yeah. /
b,A,"Oh/UH yeah/UH ,/,","{F Oh } yeah, /"
%,A,"the/DT ,/, the/DT ,/,","[ the, + the, ] - /"
sd,A,"they/PRP give/VBP that/DT as/IN ,/, as/IN an/DT example/NN of/IN something/NN that/WDT ,/,","they give that [ as, + as ] an example of something [ that, +"
b,B,Uh-huh/UH ./.,Uh-huh. /
+,A,"that/WDT might/MD happen/VB ye-/XX ,/,","that ] might happen ye-, -/"
sd,B,But/CC I/PRP think/VBP if/IN the/DT entire/JJ trial/NN was/VBD left/VBN to/IN one/CD person/NN,{C But } I think if the entire trial was left to one person <child_crying> - /
sd,B,"I/PRP 've/VBP got/VBN a/DT four/CD year/NN old/JJ ,/,","<laughter> I've got a four year old, /"
sv,B,you/PRP can/MD hear/VB ./.,you can hear. /
aa,A,Oh/UH yes/UH ./.,{F Oh } yes. /
sd,B,"But/CC ,/, uh/UH ,/, I/PRP do/VBP n't/RB know/VB ,/,","{C But, } {F uh, } I don't know, /"
%,B,"you/PRP ,/,","you, - /"
sv,B,"pe-/XX ,/, too/RB many/JJ people/NNS can/MD take/VB vendettas/NNS out/RP on/IN people/NNS ,/,","[ pe-, + too many people ] can take vendettas out on people,"
b,A,Right/UH ./.,Right. /
+,B,and/CC everything/NN ./.,and everything. /
%,A,"Or/CC just/RB ,/, you/PRP know/VBP ,/,","Or just, {D you know, } - /"
sv,A,"there/EX are/VBP two/CD people/NNS who/WP say/VBP well/UH he/PRP just/RB looks/VBZ guilty/JJ ,/, um/UH ./.","there are two people who say well he just looks guilty, {F um. } /"
b,B,"Right/UH ,/,","<Laughter> Right, /"
ba,B,but/CC that/DT 's/BES true/JJ ./.,{C but } that's true. /
sv,A,"That/DT 's/BES actually/UH ,/, that/DT 's/BES a/DT wonderful/JJ way/NN to/TO get/VB off/IN jury/NN duty/NN ,/, you/PRP know/VBP ./.","[ That's actually, + that's ] a wonderful way to get off jury duty, {D you know. } /"
%,A,"Someone/NN says/VBZ to/IN you/PRP ,/, you/PRP know/VBP ,/,","Someone says to you, {D you know, } - /"
sd,A,"when/WRB they/PRP ask/VBP you/PRP if/IN you/PRP ,/, uh/UH ,/, if/IN you/PRP want/VBP to/TO be/VB on/IN ,/, you/PRP know/VBP ,/,","when they ask you [ if you, + {F uh, } if you ] want to be on, {D you know, } - /"
sd,A,"when/WRB you/PRP 're/VBP called/VBN for/IN duty/NN say/VBP oh/UH yeah/UH ,/, I/PRP want/VBP to/TO be/VB on/IN jury/NN duty/NN because/IN I/PRP can/MD spot/VB a/DT guilty/JJ person/NN a/DT mile/NN a/DT way/NN ./.","when you're called for duty say oh yeah, I want to be on jury duty because I can spot a guilty person a mile a way. /"
b,B,Yeah/UH ./.,Yeah. /
sv,A,"They/PRP quickly/RB let/VBP you/PRP off/IN jury/NN duty/NN I/PRP hear/VBP ,/, um/UH ./.","They quickly let you off jury duty I hear, {F um. } /"
b,B,Right/UH,Right /
sv,B,"because/IN they/PRP ,/, they/PRP know/VBP that/IN you/PRP 're/VBP biased/JJ ./.","{C because } [ they, + they ] know that you're biased. /"
b,A,"Oh/UH ,/, yeah/UH ,/,","{F Oh, } yeah, /"
sv,A,"that/DT ,/, that/DT ,/, that/DT ,/, that/DT ,/, that/DT 's/BES ,/, that/DT 's/BES the/DT way/NN it/PRP works/VBZ there/RB ,/, um/UH ./.","[ [ [ [ that, + that, ] + that, ] + that, ] + [ that's, + that's ] ] the way it works there, {F um. } /"
%,A,"Anyway/UH ,/, I/PRP think/VBP that/IN probably/RB for/IN ,/, for/IN having/VBG it/PRP ,/,","Anyway, I think that probably [ for, + for ] having it, - /"
qh,A,"what/WP about/IN ,/, you/PRP know/VBP ,/, about/IN being/VBG unanimous/JJ ./.","what [ about, + {D you know, } about ] being unanimous. /"
sv,A,"I/PRP mean/VBP ,/, that/DT 's/BES sort/RB of/RB a/DT strange/JJ case/NN because/IN I/PRP wonder/VBP what/WP happens/VBZ when/WRB eleven/CD people/NNS thinks/VBZ someone/NN 's/BES guilty/JJ and/CC one/CD person/NN does/VBZ n't/RB ,/,","{E I mean, } that's sort of a strange case because I wonder what happens when eleven people thinks someone's guilty and one person doesn't, /"
sd,A,"one/CD person/NN thinks/VBZ that/IN ,/, that/IN they/PRP 're/VBP not/RB guilty/JJ","one person thinks [ that, + that ] they're not guilty /"
sv,A,"and/CC they/PRP ca/MD n't/RB decide/VB for/IN hours/NNS ,/, unless/IN they/PRP convince/VBP that/DT one/CD person/NN ,/, you/PRP know/VBP ./.","{C and } they can't decide for hours, unless they convince that one person, {D you know. } /"
qy,B,Does/VBZ it/PRP have/VB to/TO be/VB unanimous/JJ ?/.,Does it have to be unanimous? /
na,A,"I/PRP believe/VBP it/PRP does/VBZ have/VBP to/TO be/VB unanimous/JJ ,/, actually/UH ./.","I believe it does have to be unanimous, actually. /"
sv,B,"Well/UH then/RB they/PRP consider/VBP it/PRP a/DT hung/VBN jury/NN ,/, I/PRP g-/XX ,/, I/PRP think/VBP","{D Well } then they consider it a hung jury, [ I g-, + I think ] /"
sv,B,"and/CC then/RB they/PRP ,/, uh/UH ,/, have/VBP a/DT retrial/NN ,/,","{C and then } they, {F uh, } have a retrial, /"
qy,B,or/CC do/VBP they/PRP ./.,or do they. /
ny,A,"Yeah/UH ,/,","Yeah, /"
sv,A,"I/PRP think/VBP they/PRP either/DT have/VBP a/DT retrial/NN eventually/RB or/CC ,/, or/CC they/PRP call/VBP it/PRP a/DT mistrial/NN or/CC something/NN ./.","I think they either have a retrial eventually [ or, + or ] they call it a mistrial or something. /"
b,B,Uh-huh/UH ./.,Uh-huh. /
sd,A,I/PRP have/VBP n't/RB been/VBN to/IN law/NN school/NN ./.,I haven't been to law school. /
b,B,"No/UH ,/,","No, /"
sd,B,me/PRP neither/RB ./.,me neither. /
sd,A,"So/RB ,/, I/PRP do/VBP n't/RB know/VB much/JJ about/IN that/DT ,/,","{D So, } I don't know much about that, /"
x,B,,<Throat_clearing>.
sd,A,"I/PRP just/RB know/VBP that/IN ,/, um/UH ./.","I just know that, {F um. } - /"
%,A,I/PRP wonder/VBP,I wonder /
sd,A,"'cause/IN sometimes/RB I/PRP think/VBP about/IN it/PRP actually/UH ,/,","{C 'cause } sometimes I think about it actually, /"
sd,A,"I/PRP think/VBP well/UH ,/, what/WP if/IN I/PRP were/VBD that/DT one/CD person/NN and/CC I/PRP was/VBD completely/RB convinced/JJ that/IN ,/, that/IN ,/, that/IN ,/, that/IN this/DT person/NN was/VBD n't/RB guilty/JJ ,/, you/PRP know/VBP ./.","I think {D well, } what if I were that one person and I was completely convinced [ [ [ that, + that, ] + that, ] + that ] this person wasn't guilty, {D you know. } /"
sv,B,"Well/UH you/PRP do/VBP n't/RB have/VB to/TO be/VB really/RB convinced/JJ that/IN he/PRP 's/BES guilty/JJ ,/,","{D Well } you don't have to be really convinced that he's guilty, /"
sv,B,it/PRP 's/BES just/RB if/IN they/PRP ca/MD n't/RB prove/VB he/PRP 's/BES guilty/JJ,[ it's + ] just if they can't prove he's guilty /
%,B,"because/IN ,/,","{C because } <clicking>, -/"
b,A,"Right/UH ,/, uh/UH ,/,","Right, {F uh, } /"
sd,A,"but/CC ,/, I/PRP mean/VBP what/WP if/IN eleven/CD other/JJ people/NNS are/VBP saying/VBG one/CD thing/NN ,/, you/PRP know/VBP ,/, and/CC you/PRP 're/VBP ,/,","{C but, } {E I mean } what if eleven other people are saying one thing, {D you know, } and [ you're, +"
b,B,Yeah/UH ./.,Yeah. /
+,A,you/PRP 're/VBP the/DT one/CD person/NN saying/VBG the/DT other/JJ thing/NN ./.,you're ] the one person saying the other thing. /
sv,A,"You/PRP know/VBP ,/, would/MD you/PRP give/VB in/RP ./.","{D You know, } would you give in. /"
b,A,Yeah/UH,Yeah /
^2,A,saying/VBG ./.,(( saying )) . -/
b,A,"Yeah/UH ,/,","Yeah, /"
b,A,yeah/UH ./.,yeah. /
sd,A,"I/PRP wonder/VBP about/IN those/DT things/NNS ,/, you/PRP know/VBP ,/, or/CC even/RB if/IN it/PRP 's/BES ,/, you/PRP know/VBP ,/,","I wonder about those things, {D you know, } or even if it's, {D you know, } - /"
sv,A,"I/PRP ,/, I/PRP guess/VBP if/IN they/PRP were/VBD to/TO say/VB ,/, well/UH it/PRP does/VBZ n't/RB have/VB to/TO be/VB unanimous/JJ ,/,","[ I, + I ] guess if they were to say, {D well } it doesn't have to be unanimous, /"
sv,A,"what/WP 's/BES the/DT cut/GW off/^NN number/NN ,/, seven/CD ,/, five/CD ,/, you/PRP know/VBP ,/, six/CD ,/, six/CD ,/,","what's the cut off number, seven, five, {D you know, } six, six, /"
b,B,Uh-huh/UH ./.,Uh-huh. /
qh,A,"you/PRP know/VBP ,/, how/WRB do/VBP you/PRP decide/VB ./.","{D you know, } how do you decide. /"
%,A,"Is/VBZ it/PRP ,/, you/PRP know/VBP ,/,","Is it, {D you know, } - /"
qh,A,how/WRB do/VBP you/PRP decide/VB what/WP number/NN of/IN people/NNS have/VBP to/TO say/VB that/DT ./.,how do you decide what number of people have to say that. -/
aa,B,"Yeah/UH ,/,","Yeah, /"
sd,B,"I/PRP know/VBP ,/,","I know, /"
sv,B,"it/PRP 's/BES too/RB bad/JJ one/CD of/IN us/PRP do/VBP n't/RB have/VB some/DT knowledge/NN on/IN this/DT ,/,","it's too bad one of us don't have some knowledge on this, /"
h,B,huh/UH ./.,huh.
x,A,,<Laughter>.
+,B,"But/CC ,/, but/CC ,/, um/UH ,/, I/PRP do/VBP n't/RB know/VB ,/,","[ {C But, } + {C but, } ] {F um, } <throat_clearing> I don't know, /"
sd,B,"I/PRP just/RB hope/VBP if/IN I/PRP ever/RB go/VBP to/IN court/NN that/IN they/PRP all/DT ,/, unanimous/JJ on/IN not/RB guilty/JJ ./.","I just hope if I ever go to court that they all, unanimous on not guilty <laughter>. /"
x,A,,<Laughter>.
qy^d,B,"Well/UH you/PRP 've/VBP seen/VBN like/IN these/DT T/NN V/NN movies/NNS ,/,","{D Well } you've seen like these T V movies, /"
ny,A,Yeah/UH ./.,Yeah. /
t3,B,"Kyle/NNP ,/, I/PRP 'm/VBP talking/VBG ,/,","<<Talking to child in room>> Kyle, I'm talking, /"
t3,B,hush/UH ./.,hush. /
%,B,"But/CC ,/, uh/UH ,/, well/UH how/WRB they/PRP 'll/MD ,/, you/PRP know/VB ,/,","<<Resumes talking to Speaker B>> {C But, } {F uh, } {D well } how they'll, {D you know, } - /"
%,B,"the/DT ,/,","the, - /"
sv,B,"through/IN the/DT whole/JJ movie/NN ,/, you/PRP think/VBP this/DT person/NN 's/BES ,/,","through the whole movie, you think this person's, - /"
sd,B,"I/PRP do/VBP n't/RB know/VB ,/,","I don't know, /"
sd,B,"but/CC one/CD thing/NN that/WDT I/PRP thought/VBD was/VBD pretty/RB weird/JJ is/VBZ how/WRB somebody/NN ca/MD n't/RB be/VB trialed/VBN ,/, tried/VBN ,/, tri-/XX ,/, uh/UH ,/, excuse/VB me/PRP ,/, twice/RB for/IN the/DT same/JJ crime/NN ./.","{C but } one thing that I thought was pretty weird is how somebody can't be [ trialed, + tried, ] [ tri-, + {F uh, } {E excuse me, } twice ] for the same crime. /"
b,A,"Yeah/UH ,/,","Yeah, /"
sd,A,I/PRP 've/VBP never/RB quite/RB understood/VBN that/DT ./. Um/UH ./.,I've never quite understood that. {F Um. } /
sd,B,"Well/UH I/PRP just/RB think/VBP it/PRP 's/BES ,/, it/PRP 's/BES weird/JJ because/IN I/PRP 've/VBP saw/VBD ,/, well/UH ,/, of/IN course/NN ,/, soap/NN operas/NNS ,/,","{D Well } I just think [ it's, + it's ] weird because I've saw, {D well, } of course, soap operas, /"
sd,B,I/PRP 'm/VBP an/DT soap/NN opera/NN fanatic/NN ./.,I'm an soap opera fanatic. /
b,A,Okay/UH ./.,Okay. /
sd,B,"This/DT one/CD guy/NN had/VBD ,/, uh/UH ,/, framed/VBN himself/PRP to/TO make/VB it/PRP ,/,","This one guy had, {F uh, } framed himself to make it, - /"
%,B,"we-/XX ,/,","we-, - /"
%,B,which/WDT,which - /
sd,B,"he/PRP really/RB did/VBD kill/VB the/DT person/NN ,/,","he really did kill the person, /"
sd,B,but/CC then/RB he/PRP set/VBD it/PRP up/RP where/WRB it/PRP looked/VBD like/IN somebody/NN was/VBD trying/VBG to/TO frame/VB him/PRP,{C but } then he set it up where it looked like somebody was trying to frame him /
sd,B,"and/CC he/PRP was/VBD on/IN trial/NN for/IN it/PRP ,/,","{C and } he was on trial for it, /"
sd,B,"and/CC then/RB ,/, you/PRP know/VBP ,/, it/PRP came/VBD out/RP that/IN he/PRP was/VBD being/VBG framed/VBN ,/,","{C and then, } {D you know, } it came out that he was being framed, /"
sd,B,"so/RB then/RB he/PRP was/VBD found/VBN not/RB guilty/JJ ,/,","{C so } then he was found not guilty, /"
%,B,"and/CC then/RB ,/, th-/XX ,/,","{C and then, } th-, - /"
sd,B,directly/RB after/IN the/DT trial/NN they/PRP found/VBD out/RP he/PRP really/RB was/VBD guilty/JJ,directly after the trial they found out he really was guilty /
sd,B,and/CC he/PRP could/MD n't/RB be/VB tried/VBN again/RB ./.,{C and } he couldn't be tried again. /
b,A,"Right/UH ,/,","Right, /"
sd,A,and/CC they/PRP ca/MD n't/RB do/VB anything/NN about/IN it/PRP ./.,{C and } they can't do anything about it. /
b,B,"Yeah/UH ,/,","Yeah, /"
%,B,"beca-/IN ,/,","{C beca-, } -/"
b,A,"Yeah/UH ,/,","Yeah, /"
sd,A,"I/PRP often/RB wonder/VBP about/IN that/DT ,/,","I often wonder about that, /"
sd,A,"I/PRP wonder/VBP if/IN ,/, if/IN maybe/RB ,/, you/PRP know/VBP ,/,","I wonder [ if, + if ] maybe, {D you know, } - /"
sd,A,"I/PRP ,/, I/PRP ,/, I/PRP do/VBP n't/RB ,/, I/PRP do/VBP n't/RB ,/, I/PRP do/VBP n't/RB know/VB the/DT law/NN on/IN that/DT","[ [ [ [ I, + I, ] + I ] don't, + I don't, ] + I don't ] know the law on that /"
qy,A,"but/CC if/IN they/PRP have/VBP new/JJ evidence/NN ,/, can/MD they/PRP ,/, can/MD they/PRP retry/VB ,/,","{C but } if they have new evidence, [ can they, + can they ] retry, /"
qy,A,"or/CC can/MD they/PRP ,/, you/PRP know/VBP ,/, bring/VB you/PRP back/RB ./.","{C or } can they, {D you know, } bring you back. /"
nn,B,"No/UH ,/,","No, /"
sd,B,I/PRP do/VBP n't/RB think/VB they/PRP can/MD ./.,I don't think they can. /
ba,A,"Oh/UH ,/, actually/UH ,/, that/DT 's/BES true/JJ ,/,","{F Oh, } {D actually, } that's true, /"
sd,A,I/PRP 've/VBP seen/VBN the/DT same/JJ thing/NN on/IN L/NNP A/NNP LAW/NNP as/IN well/RB ./.,I've seen the same thing on L A LAW as well. /
qy^d,B,about/IN that/DT woman/NN ./.,about that woman. /
ny,A,Yeah/UH ./.,Yeah. /
%,A,"W-/XX ,/,","W-, - /"
%,A,"so/RB I/PRP wond/VBP ,/, and/CC then/RB I/PRP wonder/VBP why/WRB that/IN ,/, you/PRP know/VBP ,/,","{C so } [ I wond-, + {C and then } I wonder ] why that, {D you know, } - /"
sv,A,"there/EX ,/, there/EX must/MD be/VB some/DT sort/NN of/IN deep/JJ seeded/VBN reason/NN for/IN that/DT ,/,","[ there, + there ] must be some sort of deep seeded reason for that, /"
sv,A,"yo-/XX ,/, you/PRP know/VBP ,/, something/NN like/IN ,/, something/NN like/IN ,/, well/UH you/PRP ca/MD n't/RB be/VB tried/VBN for/IN the/DT same/JJ trial/NN because/IN that/DT would/MD bias/VB the/DT ,/, the/DT ,/, the/DT ,/, the/DT jury/NN or/CC something/NN ,/,","{D [ yo-, + you ] know, } [ something like, + something like, ] {D well } you can't be tried for the same trial because that would bias [ [ [ the, + the, ] + the, ] + the ] jury or something, /"
%,A,"or/CC ,/, you/PRP know/VBP ./.","{C or, } {D you know. } -/"
b,B,"Right/UH ,/,","Right, /"
sv,B,"and/CC I/PRP 'm/VBP sure/JJ that/IN ,/, you/PRP know/VBP ,/, it/PRP 's/BES the/DT lawyers/NNS ,/,","{C and } I'm sure that, {D you know, } it's the lawyers,"
b,A,"Yeah/UH ,/,","Yeah, /"
b,A,uh-huh/UH ./.,uh-huh. /
+,B,"uh/UH ,/, after/IN the/DT ,/, uh/UH ,/, defendant/NN ,/, defending/VBG ,/, oh/UH ,/, the/DT defendant/NN 's/POS lawyer/NN and/CC the/DT prosecuting/VBG attorney/NN ./.","{F uh, } after the, {F uh, } defendant, defending, {F oh, } the defendant's lawyer and the prosecuting attorney. - /"
sv,B,"I/PRP 'm/VBP sure/JJ the/DT prosecuting/VBG attorney/NN could/MD make/VB a/DT real/RB good/JJ case/NN if/IN he/PRP ,/, you/PRP know/VBP ,/, knew/VBD all/PDT the/DT details/NNS of/IN the/DT defendant/NN 's/POS ,/, you/PRP know/VBP ,/, case/NN ./.","I'm sure the prosecuting attorney could make a real good case if he, {D you know, } knew all the details of the defendant's, {D you know, } case. /"
%,A,"In/IN ,/, in/IN ,/, of/IN the/DT defense/NN MUMBLEx/XX ./.","[ [ In, + in, ] + of ] the defense (( )) . /"
b,B,Right/UH ./.,Right <clicking>. /
b,A,"Yeah/UH ,/,","Yeah, /"
sd,A,"well/UH ,/, well/UH there/EX 's/BES also/RB the/DT issue/NN of/IN ,/, for/IN instance/NN ,/, you/PRP ca/MD n't/RB ,/, um/UH ,/, you/PRP ca/MD n't/RB ,/, very/RB often/RB you/PRP ca/MD n't/RB ,/, um/UH ,/,","{D well, } {D well } there's also the issue of, for instance, [ [ you can't, + {F um, } you can't, ] + very often you can't, ] {F um, } - /"
sv,A,"when/WRB someone/NN is/VBZ ,/, is/VBZ on/IN trial/NN for/IN something/NN ,/, you/PRP ca/MD n't/RB bring/VB up/RP prior/JJ convictions/NNS ./.","when someone [ is, + is ] on trial for something, you can't bring up prior convictions. /"
b,B,Right/UH ./.,Right. /
%,A,"Which/WDT ,/,","Which, -/"
sv,B,"like/IN if/IN they/PRP 're/VBP on/IN tr-/NN ,/, uh/UH ,/, trial/NN for/IN rape/NN ,/, you/PRP ca/MD n't/RB have/VB any/DT ,/, you/PRP ca/MD n't/RB bring/VB up/RP the/DT sexual/JJ assaults/NNS and/CC stuff/NN ,/, or/CC whatever/WDT ./.","{D like } if they're on [ tr-, + {F uh, } trial ] for rape, [ you can't have any, + you can't ] bring up the sexual assaults and stuff, or whatever. /"
b,A,"Right/UH ,/,","Right, /"
sd,A,"that/DT 's/BES completely/RB beyond/IN me/PRP ,/,","that's completely beyond me, /"
%,A,"I/PRP mean/VBP that/DT 's/BES jus-/RB ,/,","I mean that's jus-, -/"
b,B,"Yeah/UH ,/,","Yeah, /"
ba,B,"I/PRP know/VBP ,/, if/IN it/PRP 's/BES related/JJ ,/,","I know, if it's related, /"
%,A,"I/PRP wonder/VBP ,/,","I wonder, -/"
sv,B,"if/IN it/PRP 's/BES related/JJ to/IN the/DT crime/NN ,/, they/PRP should/MD be/VB able/JJ to/TO ./.","if it's related to the crime, they should be able to. /"
b,A,"Yeah/UH ,/,","Yeah, /"
sv,A,"I/PRP mean/VBP if/IN this/DT man/NN is/VBZ ,/, is/VBZ accused/VBN of/IN raping/VBG someone/NN ,/, then/RB I/PRP think/VBP that/DT something/NN like/IN sex/NN ,/, you/PRP know/VBP ,/,","{E I mean } if this man [ is, + is ] accused of raping someone, then I think that something like [ sex, {D you know, } +"
b,B,Yeah/UH ./.,Yeah. /
+,A,"the/DT fact/NN that/IN he/PRP se-/XX ,/, sexually/RB assaulted/VBD someone/NN is/VBZ a/DT crucial/JJ bit/NN of/IN evidence/NN ,/,","the fact that he [ se-, + sexually ] ] assaulted someone is a crucial bit of evidence,"
b,B,"Right/UH ,/,","Right, /"
b,B,yeah/UH ./.,yeah. /
+,A,"that/WDT adds/VBZ to/IN the/DT fact/NN ,/,","that adds to the fact, /"
%,A,"and/CC I/PRP ,/, I/PRP ,/, I/PRP ,/,","{C and } [ [ I, + I, ] + I, ]"
sv,B,But/CC they/PRP 're/VBP not/RB allowed/VBN to/TO do/VB that/DT ./.,{C But } they're not allowed to do that. /
+,A,"I/PRP ,/, I/PRP often/RB ,/,","[ I, + I ] often, - /"
sd,A,"I/PRP never/RB understand/VBP ,/, you/PRP know/VBP ,/,","I never understand, {D you know, } - /"
%,A,"havin/VBG ,/, again/RB ,/, having/VBG ,/,","[ havin-, + again, having, ] - /"
sv,A,"I/PRP 'm/VBP sure/JJ there/EX are/VBP some/DT deep/JJ seated/VBN reasons/NNS ,/, you/PRP know/VBP ,/, to/TO ,/,","I'm sure there are some deep seated reasons, {D you know, } to, - /"
sd,A,"I/PRP mean/VBP ,/, often/RB times/NNS I/PRP wonder/VBP about/IN rules/NNS like/IN this/DT","{E I mean, } often times I wonder about rules like this /"
sv,A,"and/CC I/PRP 'm/VBP sure/JJ that/IN ,/, that/IN ,/, that/IN there/EX are/VBP some/DT reasons/NNS for/IN good/JJ ./.","{C and } I'm sure [ [ that, + that, ] + that ] there are some reasons for good. /"
sv,B,"Well/UH that/DT one/CD does/VBZ seem/VB ,/, that/DT one/CD does/VBZ seem/VB out/IN of/IN it/PRP ,/, though/RB ,/, because/IN it/PRP 's/BES ,/, it/PRP ,/, we-/XX ,/, you/PRP 're/VBP allowed/VBN to/TO show/VB their/PRP$ character/NN ,/,","{D Well } [ that one does seem, + that one does seem ] out of it, though, because [ [ it's, + it, ] we-, + ] you're allowed to show their character, /"
qh,B,do/VBP you/PRP know/VB what/WP I/PRP mean/VBP ./.,do you know what I mean. /
b,A,Right/UH ./.,Right. /
sv,B,"And/CC if/IN it/PRP shows/VBZ that/IN their/PRP$ character/NN 's/BES ,/, you/PRP know/VBP ,/, capable/JJ of/IN lesser/JJR thoughts/NNS like/IN that/DT and/CC stuff/NN ./.","{C And } if it shows that their character's, {D you know, } <<voice changes, gets louder>> capable of lesser thoughts like that and stuff. /"
b,A,"Then/RB right/UH ,/,","Then right, /"
%,A,"then/RB ,/, then/RB ,/,","[ then, + then, ] -/"
b,B,"Right/UH ,/,","Right, /"
sv,B,"th-/XX ,/, that/WDT lea-/XX ,/, led/VBD to/IN that/DT ./.","[ th-, + that ] [ lea-, + led ] to that. /"
sd,A,Then/RB they/PRP should/MD be/VB MUMBLEx/XX,Then they should be (( )) - /
%,A,"yeah/UH ,/,","yeah, /"
sd,A,"I/PRP mean/VBP that/DT 's/BES what/WP I/PRP think/VBP ,/,","{E I mean } that's what I think, /"
sd,A,"but/CC I/PRP do/VBP n't/RB ,/, um/UH ,/, but/CC I/PRP do/VBP n't/RB quite/RB understand/VB ./.","[ {C but } I don't, + {F um, } {C but } I don't ] quite understand. /"
sv,B,"Tell/VB you/PRP what/WP we/PRP need/VBP to/TO do/VB is/VBZ go/VB into/IN law/NN and/CC then/RB we/PRP 'll/MD be/VB able/JJ to/TO ,/,","Tell you what we need to do is go into law and then we'll be able to, - /"
sd,B,or/CC vote/VB ./.,or vote. - /
qy,B,Do/VBP you/PRP vote/VB ?/. ./.,Do you vote? <laughter>. /
br,A,Do/VBP I/PRP vote/VB ?/.,Do I vote? /
ny,B,"Yeah/UH ,/,","Yeah, /"
qy,B,do/VBP you/PRP vote/VB ?/.,do you vote? /
ny,A,"Oh/UH yeah/UH ,/,","Oh yeah, /"
sd,A,"I/PRP vote/VBP ,/,","I vote, /"
ny,A,yes/UH ./.,yes. /
bk,B,"Okay/UH ,/,","Okay, /"
sv,B,"we-/XX ,/, you/PRP 'll/MD help/VB out/RP a/DT little/JJ bit/NN ./.","{D we-, } you'll help out a little bit <laughter>. /"
b,A,Yeah/UH ./.,Yeah. /
sv,B,"Putting/VBG the/DT right/JJ people/NNS in/IN the/DT office/NN ,/, that/DT 's/HVS a/DT lot/NN to/TO do/VB with/IN it/PRP too/RB ./.","Putting the right people in the office, that's a lot to do with it too. /"
b,A,"Oh/UH ,/, yeah/UH ./.","{F Oh, } yeah. /"
sv,B,"A/DT lot/NN ,/, uh/UH ,/, a/DT lot/NN of/IN the/DT politics/NNS will/MD pass/VB laws/NNS and/CC stuff/NN that/WDT the/DT ,/, um/UH ,/, general/JJ public/JJ wants/VBZ ,/,","[ A lot, + {F uh, } a lot ] of the politics will pass laws and stuff that the, {F um, } general public wants, /"
sv,B,so/RB they/PRP 'll/MD be/VB revoted/VBN and/CC all/PDT that/DT ./.,{C so } they'll be revoted and all that. /
ba,A,"Well/UH that/DT 's/BES ,/, that/DT 's/BES ,/, that/IN ,/, that/DT 's/BES very/RB true/JJ ,/,","{D Well } [ [ [ that's, + that's, ] + that, ] + that's ] very true, /"
sv,A,"but/CC then/RB again/RB oft-/RB ,/, often/RB times/NNS they/PRP do/VBP n't/RB ,/, as/IN well/RB ./.","{C but } then again [ oft-, + often ] times they don't, as well. /"
b,B,Right/UH ./.,Right. /
sv,A,"Often/RB times/NNS they/PRP do/VBP n't/RB ,/, uh/UH ,/,","Often times they don't, {F uh, } /"
b,B,Right/UH ./.,Right. /
sv,A,"they/PRP just/RB go/VBP ,/, you/PRP know/VBP ,/,","they just go, {D you know, } - /"
%,A,they/PRP 're/VBP,they're - /
sv,A,"you/PRP 've/VBP got/VBN people/NNS like/IN who/WP are/VBP ,/, who/WP are/VBP ,/, you/PRP know/VBP ,/, lame/JJ ,/, lame/JJ ducks/NNS","you've got people like [ who are, + who are, ] {D you know, } [ lame, + lame ] ducks /"
sv,A,"and/CC they/PRP sort/RB of/RB do/VBP n't/RB care/VB about/IN anything/NN and/CC just/RB want/VBP to/TO go/VB ahead/RB an/DT ,/,","{C and } they sort of don't care about anything and just want to go ahead an, -/"
b,B,Right/UH,Right /
sv,B,"they/PRP ,/, sit/VBP on/IN the/DT fence/NN ,/,","they, sit on the fence, /"
sd,B,"so/RB ./. Well/UH ,/, oh/UH ,/, I/PRP talked/VBD about/IN this/DT the/DT other/JJ day/NN ,/,","{D so. } {D Well, } {F oh, } I talked about this the other day, /"
sv,B,"they/PRP wo/MD n't/RB say/VB yes/UH and/CC they/PRP wo/MD n't/RB say/VB no/UH to/IN just/RB certain/JJ issues/NNS just/RB because/IN they/PRP do/VBP n't/RB know/VB what/WP the/DT public/JJ wants/VBZ ,/, or/CC the/DT public/NN 's/BES split/JJ on/IN it/PRP ./.","they won't say yes and they won't say no to [ just + ] certain issues just because they don't know what the public wants, or the public's split on it. /"
ba,A,"That/DT 's/BES true/JJ ,/,","That's true, /"
ba,A,that/DT 's/BES true/JJ ./.,that's true. /
b,B,Yeah/UH ./.,Yeah. /
sd,A,"I/PRP often/RB ,/,","I often, - /"
%,A,"I/PRP mean/VBP ,/, that/IN ,/, that/IN ,/,","{E I mean, } [ that, + that, ] - /"
sd,A,"like/IN you/PRP say/VBP ,/, that/DT 's/BES another/DT discussion/NN ,/,","like you say, that's another discussion, /"
sd,A,but/CC I/PRP have/VBP had/VBN that/DT discussion/NN before/IN as/IN well/RB ./.,{C but } I have had that discussion before as well. /
%,A,"Where/WRB you/PRP were/VBD n't/RB ,/,","Where you weren't, - /"
sd,A,"I/PRP ,/, I/PRP wonder/VBP about/IN the/DT po-/XX ,/, politics/NNS of/IN it/PRP all/DT ,/,","[ I, + I ] wonder about the [ po-, + politics ] of it all, /"
%,A,so/RB ./.,{C so. } -/
b,B,"Right/UH ,/,","Right, /"
sv,B,"because/IN most/JJS of/IN it/PRP is/VBZ politics/NNS ,/,","{C because } most of it is politics,"
b,A,Yeah/UH ./.,Yeah. /
+,B,even/RB in/IN the/DT courts/NNS ./.,even in the courts. -/
sv,A,"Well/UH even/RB in/IN the/DT courts/NNS yo-/XX ,/, well/UH ,/, well/UH ,/, they/PRP 're/VBP all/DT appointed/VBN ./.","{D Well } even in the courts [ yo-, + ] {D well, } {D well, } they're all appointed. /"
sv,A,"I/PRP mean/VBP ,/,","{E I mean, }"
b,B,Right/UH ./.,Right. /
+,A,"that/DT 's/BES even/RB another/DT issue/NN ,/, you/PRP know/VBP ,/,","that's even another issue, {D you know, } /"
sv,A,"should/MD ,/, should/MD ,/, should/MD judges/NNS be/VB appointed/VBN ,/, you/PRP know/VBP ,/,","[ [ should, + should, ] + should ] judges be appointed, {D you know, } /"
sd,A,"and/CC ,/, or/CC ,/, or/CC ,/, um/UH ,/, often/RB times/NNS I/PRP look/VBP at/IN friends/NNS ,/,","[ {C and, } + [ {C or, } + {C or, } ] ] {F um, } often times I look at friends, /"
sd,A,"we/PRP had/VBD ,/, uh/UH ,/, a/DT serial/JJ killer/NN around/IN here/RB ,/, who/WP killed/VBD eleven/CD women/NNS ./.","we had, {F uh, } a serial killer around here, who killed eleven women. /"
b,B,"Uh-huh/UH ,/,","Uh-huh, /"
qy,B,"now/UH was/VBD that/DT the/DT ,/, um/UH ,/, uh/UH ,/, green/JJ ,/, oh/UH ,/, I/PRP do/VBP n't/RB know/VB ,/, some/DT guy/NN that/WDT was/VBD attacking/VBG women/NNS jogging/VBG ?/.","{D now } was that [ the, {F um, } {F uh, } green, + ] {F oh, } {A I don't know, } some guy that was attacking women jogging? /"
ar,B,No/UH ./.,No. /
^2,A,"Ch-/XX ,/, oh/UH ,/, and/CC ,/, and/CC choking/VBG them/PRP ,/,","[ Ch-, + {F oh, } [ and, + and ] choking ] them, /"
ny,A,"yeah/UH ,/,","yeah, /"
sd,A,"uh/UH ,/, his/PRP$ name/NN is/VBZ Arthur/NNP MUMBLEx/XX ./.","{F uh, } his name is Arthur (( )) . /"
qy,B,Well/UH did/VBD they/PRP have/VB a/DT T/NN V/NN movie/NN about/IN him/PRP ?/.,{D Well } did they have a T V movie about him? /
no,A,"I/PRP 'm/VBP not/RB sure/JJ if/IN they/PRP had/VBD one/CD yet/RB ,/,","I'm not sure if they had one yet, /"
sv,A,"but/CC ,/, I/PRP 'm/VBP sure/JJ they/PRP will/MD ./.","{C but, } I'm sure they will. /"
sd,A,"Um/UH ,/, because/IN he/PRP was/VBD ,/, he/PRP was/VBD on/IN some/DT sort/NN of/IN news/NN special/JJ though/RB ,/,","{F Um, } {C because } [ he was, + he was ] on some sort of news special though, /"
sd,A,"he/PRP was/VBD ,/, he/PRP was/VBD ,/, uh/UH ,/, he/PRP killed/VBD ,/,","[ [ he was, + he was, ] + {F uh, } he killed, ] - /"
sd,A,'cause/IN he/PRP was/VBD just/RB on/IN trial/NN like/UH maybe/RB a/DT year/NN ago/RB ./.,{C 'cause } he was just on trial {D like } maybe a year ago. /
qw,B,"Well/UH ,/, well/UH ,/, how/WRB was/VBD he/PRP killing/VBG the/DT women/NNS ./.","{D Well, } {D well, } how was he killing the women. /"
sd,A,"Um/UH ,/, he/PRP was/VBD strangling/VBG some/DT of/IN them/PRP ./.","{F Um, } he was strangling some of them. /"
qy,B,"Were/VBD they/PRP jogging/VBG on/IN a/DT ,/,","Were they jogging on a, -/"
nn,A,"Oh/UH ,/, no/UH ,/,","{F Oh, } no, /"
sd,A,"usually/RB they/PRP were/VBD prostitutes/NNS ,/, actually/UH ./.","usually they were prostitutes, actually. /"
bk,B,"Oh/UH ,/, okay/UH ./.","{F Oh, } okay. /"
%,A,"Because/IN he/PRP was/VBD ,/, he/PRP was/VBD","Because [ he was, + he was ] - /"
sv,A,actually/RB this/DT is/VBZ a/DT very/RB sad/JJ case/NN ./.,{D actually } this is a very sad case. /
sd,A,"The/DT man/NN was/VBD let/VBN out/RB ,/,","The man was let out, /"
sd,A,"he/PRP was/VBD in/IN prison/NN for/IN ,/, um/UH ,/, sexually/RB assaulting/VBG two/CD children/NNS ./.","he was in prison for, {F um, } sexually assaulting two children. /"
b,B,"Oh/UH ,/,","{F Oh, } /"
sd,B,"see/UH ,/, that/DT 's/BES what/WP I/PRP mean/VBP ,/,","{D see, } that's what I mean, /"
sv,B,then/RB they/PRP let/VBP them/PRP out/RB,then they let them out /
sv,B,and/CC then/RB they/PRP 're/VBP able/JJ to/TO do/VB it/PRP again/RB ./.,{C and then } they're able to do it again. /
b,A,"Right/UH ,/,","Right, /"
%,A,"he/PRP ,/, he/PRP ,/,","[ he, + he, ] - /"
sd,A,they/PRP let/VBP him/PRP out/RB,they let him out /
sd,A,"and/CC then/RB and/CC then/RB ,/, he/PRP wa/VBD ,/, he/PRP was/VBD n't/RB allowed/VBN back/RB in/IN the/DT town/NN where/WRB he/PRP had/VBD done/VBN this/DT","[ {C and then } + {C and then, } ] [ he wa-, + he wasn't ] allowed back in the town where he had done this /"
sd,A,"so/RB he/PRP came/VBD to/IN our/PRP$ ,/, he/PRP came/VBD to/IN Rochester/NNP instead/RB","{C so } [ he came to our, + he came to ] Rochester instead /"
sd,A,"and/CC they/PRP ,/, they/PRP ,/, they/PRP realized/VBD later/RB he/PRP ,/, he/PRP had/VBD killed/VBN about/RB between/IN eleven/CD and/CC twelve/CD women/NNS ,/, at/IN least/JJS","{C and } [ [ they, + they, ] + they ] realized later [ he, + he ] had killed about between eleven and twelve women, at least /"
%,A,"and/CC ,/,","{C and, } -/"
sd,B,I/PRP think/VBP my/PRP$ sister/NN is/VBZ married/VBN to/IN a/DT guy/NN from/IN Rochester/NNP ./.,I think my sister is married to a guy from Rochester. /
b,A,"Oh/UH ,/, really/UH ,/,","{F Oh, } really, /"
b,B,Yeah/UH ./.,Yeah. /
bf,A,"way/RB up/IN north/RB here/RB ,/, huh/UH ./.","way up north here, {F huh. } -/"
aa,B,Yeah/UH,Yeah /
sd,B,"way/RB up/IN nor-/RB ,/,","way up nor-, - /"
sd,B,"well/UH ,/, uh/UH ,/, I/PRP 'm/VBP originally/RB from/IN Kentucky/NNP ./.","{D well, } {F uh, } I'm originally from Kentucky. /"
b,A,"Oh/UH ,/, okay/UH ./.","{F Oh, } okay. /"
sd,A,"Still/JJ way/RB up/IN north/RB ,/, sort/RB of/RB ,/, um/UH ./.","Still way up north, sort of, {F um. } /"
b,B,"Yeah/UH ,/,","Yeah, /"
sd,B,"I/PRP ,/, I/PRP 'm/VBP ,/, I/PRP was/VBD up/IN north/RB too/RB ./.","[ [ I, + I'm, ] + I ] was up north too. /"
sv,B,"But/CC ,/, uh/UH ,/, that/DT 's/BES one/CD of/IN the/DT reasons/NNS I/PRP think/VBP judges/NNS should/MD be/VB the/DT ones/NNS to/TO sentence/VB people/NNS","{C But, } {F uh, } that's one of the reasons I think judges should be the ones to sentence people /"
sv,B,"because/IN they/PRP do/VBP know/VB ,/, you/PRP know/VBP ,/,","{C because } they do know, {D you know, }"
b,A,Yeah/UH ./.,Yeah. /
+,B,"if/IN you/PRP sentence/VBP them/PRP to/IN three/CD life/NN times/NNS ,/, then/RB they/PRP probably/RB wo/MD n't/RB get/VB out/IN on/IN parole/NN ./.","if you sentence them to three life times, then they probably won't get out on parole. /"
^2,A,"Wo/MD n't/RB get/VB out/RB ,/, exactly/UH ,/,","Won't get out, exactly, /"
b,A,"yeah/UH ,/,","yeah, /"
sd,A,"this/DT ,/, this/DT ,/, this/DT man/NN was/VBD sentenced/VBN to/IN ,/, I/PRP think/VBP ,/, like/IN three/CD life/NN times/NNS ./.","[ [ this, + this, ] + this ] man was sentenced to, I think, {D like } three life times. /"
sd,A,"But/CC he/PRP was/VBD ,/, you/PRP know/VBP ,/, it/PRP was/VBD just/RB horrible/JJ ,/,","{C But } [ he was, + {D you know, } it was ] just horrible, /"
sd,A,"because/IN ,/, um/UH ,/, his/PRP$ ,/, his/PRP$ ,/, his/PRP$ trial/NN was/VBD ,/, you/PRP know/VBP ,/, was/VBD ,/, it/PRP wa-/XX ,/, it/PRP was/VBD televised/VBN and/CC this/DT and/CC that/DT ,/,","{C because, } {F um, } [ [ [ his, + his, ] + his ] trial [ was, + {D you know, } was, ] + [ it wa-, + it was ] ] televised and this and that, /"
sd,A,"and/CC what/WP they/PRP were/VBD pleading/VBG was/VBD ,/, um/UH ,/, they/PRP were/VBD pleading/VBG insanity/NN ./.","{C and } what they were pleading was, {F um, } they were pleading insanity. /"
b,B,Uh-huh/UH ./.,Uh-huh. /
sd,A,I/PRP mean/VBP it/PRP 's/BES clear/JJ to/IN me/PRP the/DT man/NN is/VBZ insane/JJ ./.,{E I mean } it's clear to me the man is insane. /
ba,B,Well/UH of/IN course/NN ./.,{D Well } of course. /
sv,A,"And/CC ,/, and/CC he/PRP should/MD be/VB just/RB locked/VBN up/RP for/IN life/NN ./.","[ {C And, } + {C and } ] he should be just locked up for life. /"
sv,B,But/CC they/PRP just/RB need/VBP to/TO do/VB something/NN with/IN him/PRP ./.,{C But } they just need to do something with him. /
sv,B,He/PRP needs/VBZ to/TO be/VB annihilated/VBN ./.,He needs to be annihilated. /
b,A,"Right/UH ,/,","Right, /"
sd,A,"I/PRP mean/VBP ,/, I/PRP do/VBP n't/RB know/VB what/WP you/PRP do/VBP with/IN them/PRP at/IN that/DT point/NN ,/, if/IN you/PRP 're/VBP that/RB crazy/JJ ,/,","{E I mean, } I don't know what you do with them at that point, if you're that crazy, /"
sd,A,"but/CC what/WP ,/, what/WP struck/VBD me/PRP is/VBZ ,/, you/PRP know/VBP ,/, they/PRP had/VBD a/DT psychiatrist/NN testifying/VBG for/IN hours/NNS and/CC hours/NNS","{C but } [ what, + what ] struck me is, {D you know, } they had a psychiatrist testifying for hours and hours /"
sv,A,"and/CC by/IN the/DT end/NN ,/, I/PRP realized/VBD that/IN maybe/RB it/PRP would/MD have/VB been/VBN better/JJR if/IN they/PRP had/VBD ,/, it/PRP would/MD n't/RB have/VB been/VBN a/DT jury/NN of/IN his/PRP$ peers/NNS ,/, but/CC if/IN they/PRP had/VBD a/DT jury/NN of/IN psychiatrists/NNS instead/RB ,/, to/TO sort/RB look/VB at/IN it/PRP ,/, you/PRP know/VBP ./.","{C and } by the end, I realized that maybe it would have been better if [ they had, + ] it wouldn't have been a jury of his peers, but if they had a jury of psychiatrists instead, <breathing> to sort look at it, {D you know. } /"
b,B,Yeah/UH ./.,Yeah. /
sv,A,"I/PRP mean/VBP ,/, I/PRP do/VBP n't/RB think/VB it/PRP 's/BES feasible/JJ ,/,","{E I mean, } I don't think it's feasible, /"
sv,A,"but/CC ,/, it/PRP would/MD be/VB an/DT interesting/JJ thought/NN if/IN you/PRP 're/VBP ,/,","{C but, } it would be an interesting thought if you're, -/"
sv,B,"Well/UH ,/, it/PRP 's/BES supposed/VBN to/TO be/VB a/DT jury/NN of/IN your/PRP$ peers/NNS ,/,","{D Well, } it's supposed to be a jury of your peers, /"
sv,B,"they/PRP could/MD n't/RB have/VB a/DT ,/, a/DT bunch/NN of/IN psychotics/NNS up/IN there/RB ./.","they couldn't have [ a, + a ] bunch of psychotics up there <laughter>. /"
b,A,"No/UH ,/,","No, /"
b,A,"or/CC ,/, right/UH ,/,","{C or, } right, /"
b,A,"right/UH ,/,","right, /"
aa,A,"exactly/UH ,/,","exactly, /"
sv,A,"but/CC give/VB them/PRP a/DT bunch/NN of/IN psychotics/NNS but/CC at/IN least/JJS have/VB a/DT ,/, have/VB a/DT ,/, have/VB a/DT bunch/NN of/IN psychiatrists/NNS ,/,","{C but } give them a bunch of psychotics but at least [ [ have a, + have a, ] + have a ] bunch of psychiatrists,"
b,B,Uh-huh/UH ./.,Uh-huh. /
+,A,"you/PRP know/VBP ,/, just/RB to/TO look/VB at/IN him/PRP and/CC decide/VB from/IN then/RB ./.","{D you know, } just to look at him and decide from then. /"
%,A,"I/PRP mean/VBP ,/, they/PRP would/MD MUMBLEx/XX ,/,","{E I mean, } they would (( )) , -/"
qy,B,Did/VBD they/PRP have/VB a/DT trial/NN by/IN jury/NN for/IN him/PRP ./.,Did they have a trial by jury for him. /
%,A,"What/WP 's/BES th-/XX ,/,","What's th-, - /"
ny,A,yeah/UH,yeah /
sd,A,they/PRP did/VBD ./.,they did. /
%,B,"Huh/UH ,/, well/UH ./.","{F Huh, } {D well. } -/"
sd,A,"They/PRP had/VBD a/DT regular/JJ trial/NN by/IN jury/NN for/IN him/PRP ,/,","They had a regular trial by jury for him, /"
%,A,"and/CC ,/, and/CC ,/,","[ {C and, } + {C and, } ] -/"
