act_tag,speaker,pos,text
qy,B,Are/VBP you/PRP still/RB there/RB ?/.,Are you still there? /
ny,A,Yes/UH ./.,Yes. /
b,B,"Okay/UH ,/,","Okay, /"
sv,B,it/PRP worked/VBD out/RP fine/RB ./.,it worked out fine. /
b,A,Okay/UH ./.,Okay. /
sd,B,"Well/UH ,/, we/PRP just/RB ate/VBD out/RB ,/, um/UH ,/, had/VBD a/DT big/JJ lunch/NN actually/RB because/IN we/PRP both/DT have/VBP been/VBN working/VBG late/JJ","{D Well, } we just ate out, {F um, } had a big lunch {D actually } because we both have been working late /"
sd,B,"and/CC we/PRP had/VBD Italian/JJ ,/, um/UH ,/,","{C and } we had Italian, {F um, } /"
qy,B,have/VBP you/PRP ever/RB been/VBN to/IN the/DT Olive/NNP Garden/NNP ?/.,have you ever been to the Olive Garden? /
nn,A,"No/UH ,/,","No, /"
sd,A,"I/PRP have/VBP n't/RB ,/,","I haven't, /"
qy,A,is/VBZ that/DT good/JJ ?/.,is that good? /
ny,B,Yeah/UH ./.,Yeah. /
qy,B,"Well/UH ,/, do/VBP you/PRP really/RB like/VB Italian/JJ food/NN ?/.","{D Well, } do you really like Italian food? /"
sd,A,"It-/XX ,/, it/PRP 's/BES not/RB my/PRP$ favorite/JJ","[ It-, + it's ] not my favorite /"
sd,A,"but/CC ,/,","{C but, }"
%,B,"Then/RB do/VBP n't/RB ,/,","Then don't, -/"
+,A,I/PRP like/VBP it/PRP 's/BES okay/JJ ./.,I like it's okay. /
sv,B,"Then/RB this/DT will/MD probably/RB ,/,","Then this will probably, - /"
sv,B,"I/PRP mean/VBP this/DT is/VBZ n't/RB really/RB excellent/JJ Italian/JJ food/NN ,/,","{E I mean } this isn't really excellent Italian food, /"
b,A,Uh-huh/UH ./.,Uh-huh. /
sv,B,That/DT sounds/VBZ terrible/JJ to/TO tell/VB you/PRP to/TO go/VB somewhere/RB where/WRB it/PRP 's/BES not/RB that/RB great/JJ,That sounds terrible to tell you to go somewhere where it's not that great /
%,B,"but/CC it/PRP 's/BES ,/, um/UH ,/,","{C but } it's, {F um, } - /"
sv,B,you/PRP 're/VBP not/RB going/VBG to/TO believe/VB this/DT,<laughter> you're not going to believe this /
oo_co_cc,B,"but/CC I/PRP have/VBP to/TO tell/VB you/PRP this/DT if/IN I/PRP do/VBP n't/RB because/IN you/PRP 're/VBP in/IN Plano/NNP ,/,","{C but } I have to tell you this if I don't because you're in Plano, /"
bd,A,That/DT 's/BES okay/JJ ./.,That's okay. /
sd,B,"but/CC my/PRP$ ,/, um/UH ,/, softball/NN unit/NN here/RB is/VBZ acting/VBG like/IN he/PRP 's/BES dying/VBG of/IN tramane/NN poison/NN ./.","{C but } my, {F um, } softball unit here <laughter> is acting like he's dying of (( tramane )) poison <laughter>. /"
x,A,,<Laughter>.
sv,B,"It/PRP was/VBD n't/RB that/RB bad/JJ ,/,","It wasn't that bad, /"
sv,B,"actually/RB it/PRP 's/BES very/RB good/JJ it/PRP 's/BES all/DT of/IN these/DT MUMBLEx/XX run/NN adult/NN males/NNS ,/,","{D actually } it's very good it's all of these (( )) run adult males, -/"
b,A,Uh-huh/UH ./.,Uh-huh. /
sd,B,"which/WDT I/PRP 'm/VBP not/RB Italian/JJ ,/,","which I'm not Italian, - /"
^h,B,"no/UH ,/,","no, /"
sd,B,"it/PRP 's/BES ,/, it/PRP 's/BES all/PDT the/DT garlic/NN bread/NN and/CC all/PDT the/DT ,/,","[ it's + , it's ] all the garlic bread and all the,"
b,A,Oh/UH ./.,Oh. /
+,B,salads/NNS you/PRP can/MD eat/VB with/IN an/DT entree/NN ./.,salads you can eat with an entree. /
ba,A,"Oh/UH ,/, that/DT sounds/VBZ really/RB good/JJ ./.","{F Oh, } that sounds really good. /"
sv,B,So/RB it/PRP was/VBD n't/RB too/RB bad/JJ it/PRP really/RB was/VBD n't/RB,{C So } it wasn't too bad it really wasn't /
sv,B,but/CC I/PRP was/VBD more/JJR in/IN the/DT mood/NN for/IN french/JJ toast/NN any/GW way/^RB,{C but } I was more in the mood for french toast any way /
sd,B,"so/RB ,/,","[ {C so, } +"
b,A,Yeah/UH ./.,<Laughter> Yeah. /
+,B,"so/RB I/PRP really/RB like/VBP Italian/JJ food/NN though/RB ,/,","{C so } ] <laughter> I really like Italian food though, /"
qy,B,but/CC do/VBP you/PRP have/VB any/DT favorite/NN ?/.,{C but } do you have any favorite? /
qy,A,Well/UH are/VBP there/EX just/RB the/DT two/CD of/IN you/PRP ?/.,{D Well } are there just the two of you? /
ny,B,"Uh/UH ,/, yes/UH ,/,","{F Uh, } yes, /"
ny,B,uh-huh/UH ./.,uh-huh. /
bk,A,"Okay/UH ,/,","Okay, /"
sd,A,"well/UH ,/, when/WRB my/PRP$ husband/NN and/CC I/PRP go/VBP out/RB we/PRP have/VBP four/CD children/NNS ./.","{D well, } when my husband and I go out we have four children. /"
ba,B,"Oh/UH ,/, you/PRP 're/VBP kidding/VBG ./.","{F Oh, } you're kidding. /"
sd,A,So/RB that/DT makes/VBZ a/DT difference/NN ./.,{C So } that makes a difference. /
sd,A,"For/IN us/PRP when/WRB we/PRP go/VBP out/IN with/IN the/DT kids/NNS obviously/RB we/PRP want/VBP to/TO go/VB somewhere/RB that/WDT we/PRP can/MD ,/,","For us when we go out with the kids obviously we want to go somewhere that we can, - /"
sd,A,the/DT fast/JJ food/NN ones/NNS are/VBP probably/RB the/DT ones/NNS they/PRP like/VBP the/DT best/RBS ./.,the fast food ones are probably the ones they like the best. /
ba,B,"Oh/UH ,/, sure/UH ./.","{F Oh, } sure. /"
sd,A,"But/CC we/PRP do/VBP n't/RB like/VB to/TO go/VB there/RB because/IN that/DT 's/BES the/DT most/RBS expensive/JJ ,/,","{C But } we don't like to go there because that's the most expensive, /"
sd,A,"so/RB we/PRP like/VBP to/TO go/VB to/IN a/DT pizza/NN place/NN where/WRB you/PRP can/MD buy/VB a/DT pizza/NN for/IN one/CD price/NN an-/CC ,/, and/CC feed/VB the/DT whole/JJ family/NN ,/,","{C so } we like to go to a pizza place where you can buy a pizza for one price [ an-, + and ] feed the whole family,"
b,B,Yeah/UH ./.,Yeah. /
+,A,and/CC like/IN that/DT ./.,and like that. /
sd,B,"You/PRP can/MD usually/RB get/VB a/DT variety/NN of/IN what/WP you/PRP 're/VBP looking/VBG for/IN ,/,","You can usually get a variety of what you're looking for,"
b,A,Right/UH ./.,Right. /
+,B,like/IN at/IN Gatti/NNP 's/POS or/CC something/NN like/IN that/DT ./.,{D like } at Gatti's or something like that. /
b,A,"Right/UH ,/,","Right, /"
sd,A,but/CC when/WRB my/PRP$ husband/NN and/CC I/PRP go/VBP out/RB we/PRP like/VBP to/TO go/VB somewhere/RB with/IN a/DT little/JJ atmosphere/NN,{C but } when my husband and I go out we like to go somewhere with a little atmosphere /
sd,A,"and/CC we/PRP usually/RB head/VBP on/IN down/IN ,/, um/UH ,/, oh/UH what/WP 's/BES the/DT freeway/NN down/IN here/RB ?/.","{C and } we usually head on down, {F um, } {F oh } what's the freeway down here? /"
qy^d,B,"Uh/UH ,/, six/CD thirty-five/CD ?/.","{F Uh, } six thirty-five? /"
ny,A,Yeah/UH ./.,Yeah. /
b,B,Uh-huh/UH ./.,Uh-huh. /
sd,A,"And/CC there/EX are/VBP ,/, um/UH ,/, all/RB along/IN that/DT ,/, that/DT freeway/NN there/RB are/VBP restaurant/NN","{C And } [ there are, + {F um, } all along [ that, + that ] freeway there are ] restaurant /"
sd,A,but/CC one/CD of/IN our/PRP$ favorites/NNS is/VBZ Pappasito/NNP 's/POS ./.,{C but } one of our favorites is Pappasito's. /
b,B,"Oh/UH ,/, yeah/UH ,/,","{F Oh, } yeah, /"
b^m,B,Pappasito/NNP 's/POS ./.,Pappasito's. /
b,A,"No/UH ,/,","No, /"
sd,A,we/PRP love/VBP to/TO go/VB there/RB ./.,we love to go there. /
sd,B,We/PRP went/VBD there/RB on/IN my/PRP$ birthday/NN in/IN March/NNP it/PRP 's/BES great/JJ ./.,We went there on my birthday in March it's great. /
sd,A,"You/PRP know/VBP it/PRP always/RB kills/VBZ me/PRP cause/IN I/PRP do/VBP n't/RB like/VB the/DT ,/, the/DT decorations/NNS so/RB much/JJ","{D You know } it always kills me cause I don't like [ the, + the ] decorations so much /"
%,A,"it/PRP 's/BES too/RB ,/,","it's too, -/"
^2,B,"too/RB much/JJ like/IN a/DT bar/NN naturally/RB ,/,","too much like a bar naturally,"
b,A,Yeah/UH,Yeah /
x,A,./.,<laughter>.
+,B,"and/CC Mexico/NNP ,/,","and Mexico, /"
aa,B,"yeah/UH ,/,","yeah, /"
ba,B,"I/PRP know/VBP ,/,","I know, /"
sd,B,I/PRP 've/VBP seen/VBN it/PRP ./.,I've seen it. /
sd,A,"But/CC I/PRP love/VBP the/DT food/NN I/PRP love/VBP the/DT food/NN ,/,","{C But } [ I love the food + I love the food, ] /"
sv,B,"The/DT food/NN is/VBZ probably/RB ,/,","The food is probably, -/"
sv,A,the/DT food/NN is/VBZ great/JJ ./.,the food is great. /
sd,B,I/PRP 'm/VBP not/RB a/DT I/PRP 'm/VBP Mexican/JJ food/NN gourmet/NN by/IN any/DT means/NNS,I'm not a I'm Mexican food gourmet by any means /
sd,B,"but/CC it/PRP 's/BES probably/RB the/DT best/RBS tasting/JJ ,/,","{C but } it's probably the best tasting, - /"
qy,B,I/PRP do/VBP n't/RB know/VB would/MD you/PRP classify/VB that/DT as/IN Tex-Mex/NNP ?/.,I don't know would you classify that as Tex-Mex? /
ny,A,"Yeah/UH ,/,","Yeah, /"
ny,A,uh-huh/UH ./.,uh-huh. /
sd,B,"Um/UH ,/, the/DT shredded/JJ beef/NN the/DT type/NN of/IN ,/,","{F Um, } the shredded beef the type of,"
b,A,Yeah/UH ./.,Yeah. /
+,B,spices/NNS or/CC sauces/NNS they/PRP use/VBP ./.,spices or sauces they use. /
b,A,"Uh-huh/UH ,/,","Uh-huh, /"
sd,A,"I/PRP like/VBP to/TO get/VB that/IN ,/, uh/UH ,/,","I like to get that, {F uh, } /"
sd,A,"a/DT shrimp/NN it/PRP 's/BES a/DT shrimp/NN dish/NN ,/,","[ a shrimp + it's a shrimp ] dish, /"
b,B,Really/UH ./.,Really. /
sd,A,"and/CC I/PRP do/VBP n't/RB remember/VB the/DT name/NN of/IN it/PRP ,/,","{C and } I don't remember the name of it, /"
b,B,Uh-huh/UH ./.,Uh-huh. /
sd,A,"but/CC it/PRP 's/BES rolled/VBN up/RP into/IN ,/, into/IN something/NN ,/,","{C but } it's rolled up [ into, + into ] something, /"
sd,A,"and/CC oh/UH ,/, it/PRP 's/BES really/RB good/JJ ./.","{C and } {F oh, } it's really good. /"
sd,B,I/PRP 've/VBP never/RB had/VBN anything/NN there/RB that/WDT was/VBD n't/RB delicious/JJ ./.,I've never had anything there that wasn't delicious. /
aa,A,"Yeah/UH ,/,","Yeah, /"
ba,A,they/PRP are/VBP really/RB good/JJ ./.,they are really good. /
sd,B,"Even/RB though/IN you/PRP have/VBP to/TO stand/VB in/IN line/NN and/CC all/DT of/IN that/DT ,/, that/DT 's/BES the/DT only/JJ thing/NN I/PRP do/VBP n't/RB like/IN about/IN it/PRP too/RB","Even though you have to stand in line and all of that, that's the only thing I don't like about it too /"
sd,B,"it/PRP 's/BES a/DT little/JJ bit/NN with/IN th-/DT ,/, the/DT meat/NN market/NN atmosphere/NN ,/, you/PRP know/VBP ./.","it's a little bit with [ th-, + the ] meat market atmosphere, {D you know. } /"
b,A,"Yeah/UH ,/,","Yeah, /"
b,A,yeah/UH ./.,yeah. /
sd,B,"Even/RB though/IN we/PRP do/VBP n't/RB have/VB kids/NNS we/PRP 've/VBP been/VBN married/VBN long/JJ enough/RB to/TO ,/, um/UH ,/, be/VB around/IN not/RB be/VB around/IN that/DT ./.","Even though we don't have kids we've been married long enough to, {F um, } [ be around + not be around ] that. /"
b,A,Yeah/UH ./.,Yeah. /
^h,B,"Um/UH ,/, I/PRP 'm/VBP trying/VBG to/TO think/VB of/IN what/WP else/RB we/PRP like/VBP to/TO eat/VB ./.","{F Um, } I'm trying to think of what else we like to eat. /"
sd,B,"The/DT one/CD thing/NN I/PRP notice/VBP is/VBZ it/PRP 's/BES just/RB ,/, um/UH ,/, about/IN dining/NN out/RB that/WDT you/PRP probably/RB can/MD relate/VB to/IN with/IN four/CD children/NNS and/CC two/CD of/IN us/PRP getting/VBG ready/JJ to/TO adopt/VB ,/, I/PRP mean/VBP we/PRP find/VBP prohibited/JJ ,/,","The one thing I notice is it's just, {F um, } about dining out that you probably can relate to with four children and two of us getting ready to adopt, {E I mean } we find prohibited,"
b,A,Uh-huh/UH ./.,Uh-huh. /
+,B,just/RB to/TO cost/VB any/DT more/JJR ?/.,(( just to )) cost any more? /
b,A,Yeah/UH ./.,Yeah. /
sd,B,I/PRP mean/VBP lunch/NN today/RB was/VBD eighteen/CD dollars/NNS ./.,{E I mean } lunch today was eighteen dollars. /
b,A,"Yeah/UH ,/,","Yeah, /"
sd,A,it/PRP 's/BES very/RB expensive/JJ ./.,it's very expensive. /
b,B,"Yeah/UH ,/,","Yeah, /"
sd,B,I/PRP do/VBP n't/RB know/VB how/WRB you/PRP feel/VBP about/IN that/DT,I don't know how you feel about that /
sv,B,but/CC I/PRP think/VBP that/IN some/DT of/IN it/PRP 's/BES over/GW priced/^JJ ./.,{C but } I think that some of it's over priced. /
b,A,Yeah/UH,Yeah /
x,A,./.,<laughter>.
sd,B,"I/PRP 'm/VBP glad/JJ I/PRP 'm/VBP talking/VBG about/IN food/NN normally/RB these/DT conversations/NNS are/VBP ,/,","I'm glad I'm talking about food normally these conversations are <laughter>, -/"
qy,A,"Sometimes/RB it/PRP 's/BES hard/JJ is/VBZ n't/RB it/PRP to/TO keep/VB a/DT ,/,","<Laughter> Sometimes it's hard isn't it to keep a, -/"
ny,B,"Yeah/UH ,/,","Yeah, /"
h,B,"it/PRP is/VBZ I/PRP do/VBP n't/RB know/VB ,/, um/UH ,/,","it is I don't know, {F um, } /"
"fo_o_fw_""_by_bc",A,"No/UH ,/,","No, /"
sd,A,"sometimes/RB Mark/NNP and/CC I/PRP ,/, that/DT 's/BES my/PRP$ husband/NN Mark/NNP ,/,","sometimes Mark and I, that's my husband Mark,"
b,B,Uh-huh/UH ./.,Uh-huh. /
+,A,"um/UH ,/, go/VBP to/IN the/DT August/NNP Moon/NNP which/WDT is/VBZ down/IN there/RB","{F um, } go to the August Moon which is down there /"
sd,A,"it/PRP 's/BES a/DT Chinese/JJ ,/,","it's a Chinese,"
b,B,"Oh/UH ,/, yeah/UH ,/,","{F Oh, } yeah, /"
sd,B,my/PRP$ husband/NN likes/VBZ that/DT ./.,my husband likes that. /
+,A,"uh/UH ,/, restaurant/NN with/IN the/DT lions/NNS in/IN the/DT front/RB ,/,","{F uh, } restaurant with the lions in the front, /"
b,B,"yeah/UH ,/,","yeah, /"
qy^d,B,off/IN of/IN Arapaho/NNP down/IN there/RB ?/.,off of Arapaho down there? /
ny,A,"yeah/UH ,/,","yeah, /"
sv,A,"and/CC ,/,","{C and, }"
b,B,"Yeah/UH ,/,","Yeah, /"
b^m,B,"August/NNP Moon/NNP ,/,","August Moon, /"
b,B,uh-huh/UH ./.,uh-huh. /
+,A,"Oh/UH ,/, it/PRP 's/BES pretty/RB good/JJ as/RB far/RB as/IN Chinese/JJ ,/,","{F Oh, } it's pretty good as far as Chinese, /"
sd,A,but/CC Chinese/JJ is/VBZ n't/RB my/PRP$ favorite/JJ,{C but } Chinese isn't my favorite /
%,A,"so/RB ,/,","{C so, } -/"
sd,B,I/PRP do/VBP n't/RB like/VB it/PRP at/IN all/DT usually/RB,I don't like it at all usually /
%,B,so/RB ./.,{C so } <laughter>. -/
sd,A,But/CC he/PRP likes/VBZ it/PRP kind/RB of/RB,{C But } he likes it kind of /
sd,A,so/RB he/PRP heats/VBZ us/PRP up/RP a/DT good/JJ fight/NN,{C so } he (( heats us up a good fight )) /
sd,A,"now/RB ,/, me/PRP I/PRP 'm/VBP like/IN I/PRP said/VBD seafood/NN I/PRP 'm/VBP ,/,","{D now, } me I'm like I said seafood I'm, - /"
sd,A,I/PRP like/VBP that/DT ./.,I like that. /
b,B,"Yeah/UH ,/,","Yeah, /"
sd,B,"I/PRP love/VBP seafood/NN ,/,","I love seafood, /"
%,A,So/RB ./.,{D So. } -/
sd,B,"and/CC I/PRP ,/, I/PRP like/VBP a/DT lot/NN of/IN different/JJ ethnic/JJ foods/NNS ./.","{C and } [ I, + I ] like a lot of different ethnic foods. /"
sd,B,I/PRP like/VBP Japanese/JJ food/NN ./.,I like Japanese food. /
sd,B,There/EX 's/BES a/DT place/NN on/IN Greenville/NNP called/VBD Sagar/NNP 's/POS ./.,There's a place on Greenville called (( Sagar's )) . /
%,A,Um/UH ./.,{F Um. } /
sd,B,"Well/UH ,/, we/PRP have/VBP n't/RB been/VBN in/IN years/NNS down/IN near/RB Presby/NNP ,/,","{D Well, } we haven't been in years down near (( Presby )) , /"
sd,B,and/CC I/PRP had/VBD a/DT meeting/NN down/IN there/RB today/RB,{C and } I had a meeting down there today /
sd,B,and/CC I/PRP saw/VBD that/IN,{C and } I saw that /
sd,B,"and/CC I/PRP said/VBD ,/, gee/UH I/PRP remember/VBP that/IN they/PRP offer/VBP you/PRP ,/, um/UH ,/, authentic/JJ Japanese/JJ feeding/NN ,/,","{C and } I said, gee I remember that they offer you, {F um, } authentic Japanese feeding,"
b,A,Oh/UH ./.,Oh. /
+,B,"or/CC American/JJ or/CC piano/NN bar/NN ,/,","or American or piano bar, /"
sd,B,"and/CC I/PRP remember/VBP when/WRB we/PRP went/VBD ,/,","{C and } I remember when we went <laughter>,"
x,A,,<Laughter>.
+,B,we/PRP were/VBD married/VBN with/IN another/DT couple/NN that/WDT was/VBD just/RB dating/VBG,we were married with another couple that was just dating /
sd,B,"and/CC ,/, um/UH ,/, I/PRP had/VBD never/RB had/VBN saki/NN ./.","{C and, } {F um, } I had never had saki. /"
b,A,Uh-huh/UH ./.,Uh-huh. /
sd,B,It/PRP made/VBD all/DT raw/JJ fish/NN tastes/VBZ great/JJ ./.,<Laughter> It made all raw fish tastes great <laughter>. /
x,A,,<Laughter>.
sd,B,"but/CC if/IN you/PRP 're/VBP looking/VBG for/IN a/DT very/RB ,/, uh/UH ,/,","{C but } if you're looking for a very, {F uh, } - /"
sd,B,"it/PRP 's/BES very/RB pretty/RB inside/RB ,/,","it's very pretty inside, /"
bh,A,Is/VBZ it/PRP ?/.,Is it? /
sd,B,"and/CC the/DT girls/NNS wear/VBP kimonos/NNS and/CC ,/,","{C and } the girls wear kimonos and,"
ba,A,"Oh/UH ,/, how/WRB nice/JJ ./.","{F Oh, } how nice. /"
+,B,"You/PRP know/VBP ,/, if/IN you/PRP 're/VBP ever/RB looking/VBG for/IN that/DT ./.","{D You know, } if you're ever looking for that. /"
b,A,Yeah/UH ./.,Yeah. /
t1,B,"Um/UH ,/, but/CC what/WDT other/JJ kind/NN of/IN foods/NNS ,/,","{F Um, } {C but } what other kind of foods, /"
h,B,gee/UH I/PRP do/VBP n't/RB know/VB,{D gee } I don't know /
sd,B,"we/PRP went/VBD to/IN a/DT place/NN called/VBN Grishman/NNP 's/POS in/IN Greenville/NNP ,/,","we went to a place called Grishman's in Greenville,"
sd,A,I/PRP do/VBP n't/RB know/VB that/DT place/NN ./.,I don't know that place. /
+,B,which/WDT was/VBD really/RB over/GW priced/^JJ ./.,which was really over priced. /
qy,A,Was/VBD it/PRP ?/.,Was it? /
ny,B,Uh-huh/UH ./.,Uh-huh. /
sd,B,They/PRP had/VBD a/DT great/JJ desert/NN bar/NN ./.,They had a great desert bar. /
%,A,Um/UH ./.,{F Um. } /
x,B,,<Laughter>.
qy,A,That/DT 's/BES what/WP we/PRP need/VBP is/VBZ n't/RB it/PRP ?/.,<Laughter> That's what we need isn't it? /
b,B,Yeah/UH ./.,Yeah. /
b,A,"No/UH ,/,","No, /"
sd,A,"there/EX 's/BES a/DT lot/NN of/IN nice/JJ barbecue/NN places/NNS here/RB ,/,","there's a lot of nice barbecue places here, /"
sd,A,"now/RB ,/, I/PRP like/VBP barbecue/NN okay/RB ,/, Texas/NNP barbecue/NN ./.","{D now, } I like barbecue okay, Texas barbecue. /"
b,B,"Yeah/UH ,/,","Yeah, /"
sd,B,"I/PRP like/VBP ,/,","I like,"
sd,A,It/PRP 's/BES good/JJ ./.,It's good. /
+,B,"barbecue/NN ,/,","barbecue, /"
qy,B,"have/VBP you/PRP ever/RB been/VBN to/IN th-/XX ,/, I/PRP think/VBP it/PRP 's/BES called/VBN Spring/NNP Creek/NNP Barbecue/NNP ?/.","have you ever been to [ th-, + ] I think it's called Spring Creek Barbecue? /"
b,A,"Yeah/UH ,/,","Yeah, /"
sd,A,"now/RB ,/,","{D now, }"
sd,B,"That/DT 's/BES real/RB good/JJ ,/,","That's real good, /"
+,A,they/PRP 're/VBP real/RB good/JJ ./.,they're real good. /
b,B,Yeah/UH ./.,Yeah. /
sd,A,They/PRP are/VBP good/JJ ./.,They are good. /
%,B,"There/EX had/VBD ,/,","There had, - /"
sd,B,"oh/UH my/PRP$ husband/NN 's/BES going/VBG upstairs/RB ,/,","{F oh } my husband's going upstairs, /"
sd,B,and/CC he/PRP says/VBZ free/JJ ice/NN cream/NN ./.,{C and } he says free ice cream <laughter>. /
b,A,"Yeah/UH ,/,","<Laughter> Yeah, /"
b^m,A,"free/JJ ice/NN cream/NN ,/,","free ice cream, /"
b,A,yeah/UH ./.,yeah. /
sd,B,I/PRP did/VBD n't/RB know/VB they/PRP had/VBD that/DT ./.,I didn't know they had that. /
b,A,Yeah/UH ./.,Yeah. /
sd,B,"I/PRP ca/MD n't/RB talk/VB I/PRP had/VBD chocolate/NN bavarian/JJ tort/NN ,/, for/IN desert/NN ,/,","I can't talk I had chocolate bavarian tort, for desert,"
b,A,Oh/UH ./.,Oh. /
+,B,"today/RB ,/, which/WDT I/PRP never/RB eat/VBP at/IN lunch/NN","today, which I never eat at lunch /"
sd,B,and/CC it/PRP was/VBD wonderful/JJ ./.,{C and } it was wonderful. /
sv,A,Just/RB to/TO die/VB for/IN exactly/RB ./.,Just to die for exactly. /
aa,B,"It/PRP was/VBD ,/,","It was, /"
b,A,Oh/UH ./.,Oh. /
sd,B,"in/IN fact/NN if/IN I/PRP could/MD pick/VB my/PRP$ ,/, um/UH ,/, restaurants/NNS on/IN how/WRB their/PRP$ coffee/NN is/VBZ and/CC how/WRB their/PRP$ french/JJ bread/NN is/VBZ and/CC the/DT butter/NN and/CC the/DT desert/NN I/PRP would/MD be/VB ,/,","in fact if I could pick my, {F um, } restaurants on how their coffee is and how their french bread is and the butter and the desert [ I would be, +"
^2,A,In/IN heaven/NN ./.,In heaven <laughter>. /
+,B,"yes/UH ,/, I/PRP would/MD be/VB in/IN hog/NN heaven/NN ./.","<Laughter> {D yes, } I would be ] in hog heaven. /"
qo,B,And/CC how/WRB are/VBP your/PRP$ kids/NNS at/IN an/DT age/NN where/WRB they/PRP can/MD contribute/VB to/IN what/WP they/PRP want/VBP,{C And } how are your kids at an age where they can contribute to what they want /
qrr,B,or/CC do/VBP you/PRP still/JJ order/VB for/IN them/PRP ?/.,{C or } do you still order for them? /
sd,A,"Well/UH ,/, my/PRP$ two/CD littlest/JJS ,/,","{D Well, } my two littlest, - /"
sd,A,"I/PRP just/RB had/VBD a/DT baby/NN ,/,","I just had a baby, /"
ba,B,"Oh/UH ,/, congratulations/UH ./.","{F Oh, } congratulations. /"
sd,A,and/CC she/PRP 's/BES six/CD months/NNS,{C and } she's six months /
sd,A,"and/CC then/RB my/PRP$ four/CD year/NN old/JJ he/PRP ,/, he/PRP still/RB ,/,","{C and then } my four year old [ he, + he ] still, - /"
sd,A,but/CC my/PRP$ other/JJ older/JJR two/CD they/PRP can/MD ./.,{C but } my other older two they can. /
%,A,"So/RB ,/,","{C So, }"
b,B,Uh-huh/UH ./.,Uh-huh. /
+,A,"they/PRP 're/VBP they/PRP 're/VBP kind/RB of/RB ,/,","[ they're + they're ] kind of, - /"
sd,A,"my/PRP$ littlest/JJS girl/NN she/PRP 's/BES still/RB like/IN wants/VBZ McDonald/NNP 's/POS ,/, McDonald/NNP 's/POS ,/, McDonald/NNP 's/POS ./.","my littlest girl she's still {D like } wants McDonald's, McDonald's, McDonald's <laughter>. /"
b,B,"Yeah/UH ,/,","Yeah, /"
sd,B,"everybody/NN ,/, every/DT child/NN that/WDT I/PRP even/RB know/VBP that/WDT eats/VBZ vegetables/NNS ,/, um/UH ,/, looked/VBD five/CD years/NNS old/JJ still/RB after/IN a/DT certain/JJ age/NN realized/VBD that/IN there/EX is/VBZ something/NN called/VBD a/DT McDonald/NNP 's/POS ./.","[ everybody, + every ] child that I even know that eats vegetables, {F um, } looked five years old still after a certain age realized that there is something called a McDonald's. /"
ba,A,"Oh/UH ,/, I/PRP 'm/VBP telling/VBG you/PRP ./.","{F Oh, } I'm telling you. /"
sv,B,It/PRP 's/BES really/RB sad/JJ is/VBZ n't/RB it/PRP cause/IN it/PRP 's/BES hard/JJ to/TO get/VB them/PRP away/RB from/IN junk/NN then/RB ./.,It's really sad isn't it cause it's hard to get them away from junk then. /
sd,A,"Well/UH ,/, it/PRP 's/BES kind/RB of/RB funny/JJ is/VBZ sometimes/RB we/PRP 're/VBP like/IN we/PRP all/DT want/VBP different/JJ things/NNS ,/,","{D Well, } it's kind of funny is sometimes [ we're + {D like } we all ] want different things, /"
b,B,Uh-huh/UH ./.,Uh-huh. /
sd,A,"and/CC so/RB there/EX 's/BES a/DT H/NNP Avenue/NNP down/IN here/RB ,/,","{C and so } there's a H Avenue down here,"
b,B,"Uh-huh/UH ,/,","Uh-huh, /"
sd,B,"I/PRP know/VBP where/WRB that/DT ,/,","I know where that, -/"
+,A,and/CC along/IN are/VBP these/DT fast/JJ food/NN restaurants/NNS ./.,and along are these fast food restaurants <laughter>. /
b,B,Right/UH,Right /
%,B,"that/DT 's/BES all/DT ,/,","that's all, -/"
sd,A,"So/RB we/PRP all/DT get/VBP to/TO go/VB to/IN our/PRP$ own/JJ little/JJ thing/NN and/CC drive/VB through/RB and/CC get/VB our/PRP$ own/JJ thing/NN ,/,","{C So } we all get to go to our own little thing and drive through and get our own thing, /"
x,B,,<Laughter>.
sd,A,and/CC then/RB we/PRP go/VBP to/TO park/VB over/IN there/RB so/IN we/PRP can/MD all/DT have/VB our/PRP$ own/JJ ./.,{C and then } we go to park over there so we can all have our own. /
sv,B,"Well/UH ,/, that/DT 's/BES all/RB right/JJ as/RB long/RB as/IN ,/,","{D Well, } that's all right as long as, -/"
sd,A,that/DT 's/BES on/IN the/DT nights/NNS we/PRP ca/MD n't/RB decide/VB ./.,that's on the nights we can't decide. /
sd,B,"I/PRP was/VBD going/VBG to/TO say/VB because/IN with/IN six/CD people/NNS how/WRB do/VBP you/PRP ,/, um/UH ,/,","I was going to say because with six people how do you, {F um, } - /"
sd,B,"cause/IN with/IN two/CD we/PRP have/VBP a/DT problem/NN ,/,","cause with two we have a problem, /"
sd,B,"I/PRP mean/VBP I/PRP ca/MD n't/RB even/RB imagine/VB ,/, you/PRP know/VBP ,/, trying/VBG to/TO ,/, um/UH ,/,","{E I mean } I can't even imagine, {D you know, } trying to, {F um, } - /"
sv,B,you/PRP sound/VBP like/IN you/PRP 're/VBP doing/VBG pretty/RB well/RB with/IN four/CD children/NNS ./.,you sound like you're doing pretty well with four children. /
sd,A,"Well/UH ,/, five/CD of/IN them/PRP ,/, they/PRP 're/VBP good/JJ ,/,","{D Well, } five of them, they're good,"
%,B,"That/DT 's/BES the/DT way/NN the/DT ,/,","That's the way the, -/"
+,A,kids/NNS ./.,kids. /
b,B,"Yeah/UH ,/,","Yeah, /"
sd,B,"well/UH ,/, we/PRP 're/VBP getting/VBG ready/JJ to/TO","{D well, } we're getting ready to - /"
sd,B,"I/PRP should/MD n't/RB say/VB this/DT on/IN this/DT conversation/NN ,/,","I shouldn't say this on this conversation, /"
sd,B,"but/CC it/PRP 's/BES just/RB on/IN my/PRP$ mind/NN ,/,","{C but } it's just on my mind, /"
sd,B,we/PRP 're/VBP getting/VBG ready/JJ to/TO go/VB overseas/RB to/TO adopt/VB ./.,we're getting ready to go overseas to adopt. /
ba,A,"Oh/UH ,/, how/WRB nice/JJ ./.","{F Oh, } how nice. /"
b,B,"Yeah/UH ,/,","Yeah, /"
sd,B,"we/PRP 're/VBP excited/JJ ,/,","we're excited, /"
ba,A,It/PRP will/MD be/VB neat/JJ ./.,It will be neat. /
sd,B,I/PRP think/VBP it/PRP will/MD be/VB worth/JJ it/PRP,I think it will be worth it /
sd,B,"and/CC somebody/NN said/VBD to/IN me/PRP in/IN terms/NNS of/IN ,/,","{C and } somebody said to me in terms of, - /"
sd,B,"this/DT is/VBZ food/NN so/IN I/PRP can/MD say/VB this/DT ,/,","this is food so I can say this, /"
sd,B,"but/CC they/PRP ,/, you/PRP have/VBP to/TO bring/VB a/DT formula/NN ,/,","{C but } [ they, + you ] have to bring a formula, /"
sd,B,and/CC I/PRP said/VBD what/WP 's/BES that/DT ./.,{C and } I said what's that <laughter>. /
x,A,,<Laughter>.
sd,B,They/PRP laughed/VBD,<Laughter> They laughed /
sd,B,"and/CC I/PRP said/VBD well/UH ,/, you/PRP know/VBP ,/, I/PRP 'm/VBP ./.","{C and } I said {D well, } {D you know, } I'm."
^2,A,"Food/NNP 's/BES ,/, food/NN ./.","Food's, food. /"
+,B,"thirty/CD something/NN ,/,","thirty something, /"
b,A,Yeah/UH ./.,Yeah. /
sv,B,and/CC I/PRP think/VBP that/IN that/DT would/MD make/VB them/PRP drool/VB any/GW way/^RB ./.,{C and } (( I think that )) that would make them drool any way. /
b,A,"Yeah/UH ,/,","Yeah, /"
b,A,yeah/UH ./.,yeah. /
qy,B,"You/PRP ,/, know/VB ,/, I/PRP guess/VBP are/VBP you/PRP is/VBZ it/PRP a/DT little/JJ bit/NN of/IN constricted/JJ ,/, because/IN a/DT lot/NN of/IN restaurants/NNS do/VBP n't/RB take/VB ,/,","{D You, know, } I guess are you is it a little bit of constricted, because a lot of restaurants don't take, - /"
qo,B,"in/IN terms/NNS of/IN talking/VBG about/IN restaurants/NNS ,/, I/PRP mean/VBP are/VBP a/DT lot/NN of/IN restaurants/NNS ,/, how/WRB are/VBP they/PRP when/WRB you/PRP have/VBP children/NNS let/VB alone/RB three/CD or/CC four/CD children/NNS ?/.","in terms of talking about restaurants, {E I mean } [ are + ] a lot of restaurants, how are they when you have children let alone three or four children? /"
sd,A,"You/PRP have/VBP to/TO be/VB careful/JJ if/IN you/PRP go/VBP to/IN a/DT ,/, a/DT restaurant/NN that/WDT ,/,","You have to be careful if you go to [ a, + a ] restaurant [ that, +"
b,B,Uh-huh/UH ./.,Uh-huh. /
+,A,"that/WDT really/RB is/VBZ more/JJR adults/NNS you/PRP know/VBP ,/,","that ] really is more adults {D you know, }"
b,B,Sure/UH ./.,Sure. /
+,A,"with/IN the/DT atmosphere/NN and/CC everything/NN ,/,","with the atmosphere and everything, /"
%,A,"they/PRP ,/,","they, - /"
%,A,"if/IN you/PRP 're/VBP ,/,","if you're, - /"
sd,A,"like/IN we/PRP could/MD probably/RB take/VB our/PRP$ oldest/JJS son/NN and/CC ,/,","like we could probably take our oldest son [ and, +"
b,B,Uh-huh/UH ./.,Uh-huh. /
+,A,and/CC our/PRP$ oldest/JJS daughter/NN ./.,and ] our oldest daughter. /
b,B,Uh-huh/UH ./.,Uh-huh. /
sd,A,"And/CC they/PRP know/VBP how/WRB to/TO act/VB ,/,","{C And } they know how to act, /"
b,B,Yeah/UH ./.,Yeah. /
sd,A,I/PRP do/VBP n't/RB think/VB I/PRP would/MD chance/VB it/PRP with/IN my/PRP$ younger/JJR ones/NNS because/IN they/PRP 're/VBP just/RB too/RB much/JJ of/IN a/DT distraction/NN,I don't think I would chance it with my younger ones because they're just too much of a distraction /
sv,A,and/CC some/DT restaurants/NNS are/VBP really/RB trying/VBG to/TO go/VB for/IN that/DT atmosphere/NN kind/NN of/IN thing/NN ./.,{C and } some restaurants are really trying to go for that atmosphere kind of thing. /
ba,B,"That/DT yuppie/NN kind/NN of/IN crowd/NN ,/, yeah/UH ./.","That yuppie kind of crowd, yeah. /"
b,A,Yeah/UH ./.,Yeah. /
b,B,Yeah/UH ./.,Yeah. /
%,A,So/RB ./.,{C So. } -/
sd,B,"I/PRP just/RB ,/, I/PRP just/RB ,/, I/PRP 've/VBP been/VBN in/IN some/DT places/NNS where/WRB they/PRP say/VBP they/PRP take/VBP children/NNS ,/,","[ [ I just, + I just, ] + I've been ] in some places where they say they take children, /"
sd,B,"and/CC then/RB I/PRP 've/VBP just/RB seen/VBN where/WRB the/DT wait/NN attendance/NN the/DT wait/NN staff/NN is/VBZ rude/JJ ,/, you/PRP know/VBP ./.","{C and then } I've just seen where the wait attendance the wait staff is rude, {D you know. } /"
b,A,Yeah/UH ./.,Yeah. /
sd,B,And/CC that/DT always/RB just/RB bothered/VBD me/PRP,{C And } that always just bothered me /
sd,B,"and/CC then/RB ,/, um/UH ,/, on/IN the/DT other/JJ hand/NN sometimes/RB the/DT children/NNS or/CC the/DT adults/NNS are/VBP themselves/PRP ./.","{C and then, } {F um, } on the other hand sometimes the children or the adults are themselves <laughter>. /"
b,A,Yeah/UH,Yeah /
x,A,./.,<laughter>.
sd,B,I/PRP do/VBP n't/RB know/VB what/WDT other/JJ kind/NN of/IN restaurants/NNS,I don't know what other kind of restaurants - /
sd,B,"really/RB Pappasito/NNP 's/POS we/PRP love/VBP ,/, um/UH ,/,","really Pappasito's we love, {F um, } /"
sd,B,"we/PRP went/VBD to/IN one/CD Italian/JJ ,/,","we went to one Italian, /"
sd,B,"back/RB on/IN the/DT Italian/JJ ,/, we/PRP went/VBD to/IN some/DT place/NN across/IN from/IN Collin/NNP Creek/NNP Mall/NNP that/WDT absolutely/RB putrid/JJ for/IN Italian/JJ food/NN ./.","back on the Italian, we went to some place across from Collin Creek Mall that absolutely putrid for Italian food. /"
b,A,Oh/UH ./.,Oh. /
sd,B,I/PRP ca/MD n't/RB remember/VB the/DT name/NN of/IN it/PRP,I can't remember the name of it /
sd,B,"it/PRP 's/BES on/IN ,/, uh/UH ,/,","it's on, {F uh, } -/"
qy,A,"Is/VBZ it/PRP Tia/NNP 's/POS ,/, not/RB Tia/NNP 's/POS ,/, um/UH ,/,","Is it Tia's, not Tia's, {F um, } /"
nn,B,"No/UH ,/,","No, /"
sd,B,"that/DT 's/BES Mexican/JJ ,/, um/UH ,/, right/RB across/IN from/IN on/IN the/DT Dillard/NNP 's/POS side/NN there/RB ,/,","that's Mexican, {F um, } right across from on the Dillard's side there, /"
b,A,"Yeah/UH ,/,","Yeah, /"
sd,A,"I/PRP know/VBP which/WDT one/CD it/PRP is/VBZ ,/,","I know which one it is, /"
sd,A,and/CC I/PRP ca/MD n't/RB think/VB of/IN it/PRP ./.,{C and } I can't think of it. /
%,B,"I/PRP ca/MD n't/RB ,/,","I can't, - /"
b,B,yeah/UH,yeah /
sd,B,"it/PRP 's/BES in/IN the/DT strip/NN ,/, yeah/UH ,/,","it's in the strip, yeah, /"
sd,B,"and/CC it/PRP had/VBD white/JJ tablecloth/NN ,/,","{C and } it had white tablecloth, /"
sd,B,"I/PRP think/VBP it/PRP was/VBD like/IN paper/NN where/WRB you/PRP could/MD write/VB on/IN them/PRP ,/, or/CC something/NN with/IN crayons/NNS","I think it was {D like } paper where you could write on them, or something with crayons /"
sd,B,it/PRP was/VBD just/RB terrible/JJ ./.,it was just terrible. /
ba,A,Oh/UH dear/UH ./.,{F Oh } <laughter> dear. /
sd,B,"I/PRP mean/VBP I/PRP was/VBD shocked/JJ ,/,","{E I mean } I was shocked, /"
sd,B,"I/PRP mean/VBP the/DT dish/NN was/VBD dirty/JJ ,/, um/UH ,/,","{E I mean } the dish was dirty, {F um, } /"
sv,A,"It/PRP was/VBD one/CD of/IN these/DT you/PRP have/VBP bad/JJ experience/NN and/CC ,/,","It was one of these you have bad experience and,"
b,B,"Yeah/UH ,/,","Yeah, /"
sv,B,"where/WRB you/PRP felt/VBD like/IN ,/,","where you felt [ like, +"
+,A,say/VBP I/PRP do/VBP n't/RB think/VB I/PRP 'll/MD come/VB back/RB here/RB ./.,say I don't think I'll come back here. /
+,B,like/IN when/WRB you/PRP 're/VBP in/IN a/DT bad/JJ part/NN of/IN Italy/NNP or/CC something/NN ./.,like ] when you're in a bad part of Italy or something. /
ba,A,Oh/UH dear/UH ./.,{F Oh } <laughter> dear. /
%,B,Um/UH ./.,{F Um. } /
b,A,Oh/UH ./.,Oh. /
b,B,"Boy/UH ,/,","Boy, /"
sd,B,"but/CC other/JJ then/RB that/DT I/PRP do/VBP n't/RB know/VB we/PRP ,/, we/PRP do/VBP our/PRP$ share/NN of/IN pizza/NN eating/NN too/RB ,/, but/CC more/JJR like/IN go/VB get/VB it/PRP and/CC carry/VB it/PRP in/RB cause/IN we/PRP 're/VBP too/RB ,/,","{C but } other then that I don't know [ we, + we ] do our share of pizza eating too, but more like go get it and carry it in cause we're too,"
b,A,Oh/UH ./.,Oh. /
+,B,cheap/JJ to/TO pay/VB the/DT delivery/NN ./.,cheap to pay the delivery <laughter>. /
b,A,"Yeah/UH ,/,","Yeah, /"
b,A,"yeah/UH ,/,","yeah, /"
b,A,yeah/UH ./.,yeah. /
sd,B,"I/PRP do/VBP n't/RB like/VB strange/JJ people/NNS coming/VBG to/IN my/PRP$ door/NN ,/, um/UH ,/,","I don't like strange people coming to my door, {F um, } /"
%,A,"Well/UH ,/, I/PRP ,/, I/PRP 've/VBP got/VBN selv-/XX ,/,","{D Well, } [ I, + I've ] got selv-, - /"
sd,A,one/CD of/IN my/PRP$ favorites/NNS were/VBD,one of my favorites were - /
sd,A,"and/CC I/PRP ca/MD n't/RB really/RB think/VB of/IN any/DT other/JJ ,/, um/UH ,/, places/NNS ./.","{C and } I can't really think of any other, {F um, } places. /"
b,B,"No/UH ,/,","No, /"
sd,B,except/IN that/IN this/DT makes/VBZ me/PRP fat/JJ ./.,except that this makes me fat. /
b,B,"No/UH ,/,","No, /"
sd,B,I/PRP 'm/VBP just/RB kidding/VBG ./.,I'm just kidding. /
b,A,"Yeah/UH ,/,","<Laughter> Yeah, /"
sd,A,you/PRP have/VBP to/TO watch/VB it/PRP if/IN you/PRP go/VBP out/IN to/TO eat/VB,you have to watch it if you go out to eat /
ba,A,that/DT 's/BES true/JJ ./.,that's true. /
b,B,"Yeah/UH ,/,","Yeah, /"
ba,B,"that/DT 's/BES true/JJ ,/,","that's true, /"
sd,B,"but/CC you/PRP can/MD always/RB blame/VB it/PRP on/IN having/VBG children/NNS ,/,","{C but } you can always blame it on having children, /"
%,B,no/UH,no /
x,B,./.,<laughter>.
b,A,"Yeah/UH ,/,","<Laughter> Yeah, /"
ba,A,there/EX you/PRP go/VBP ./.,there you go. /
fc,B,"Well/UH ,/, I/PRP enjoyed/VBD talking/VBG to/IN you/PRP ,/,","{D Well, } I enjoyed talking to you, /"
fc,B,"and/CC I/PRP guess/VBP ,/, you/PRP know/VBP ,/,","{C and } I guess, {D you know, }"
fc,A,"Well/UH ,/, good/JJ luck/NN ./.","{D Well, } good luck. /"
+,B,Maybe/RB we/PRP 'll/MD see/VB you/PRP in/IN the/DT restaurants/NNS somewhere/RB ./.,Maybe we'll see you in the restaurants somewhere. /
fc,A,"Yeah/UH ,/,","Yeah, /"
sd,A,maybe/RB ./.,maybe. /
fc,B,Okay/UH ./.,Okay. /
fc,A,Okay/UH ./.,Okay. /
fc,A,Bye-bye/UH ./.,Bye-bye. /
fc,B,Bye-bye/UH ./.,Bye-bye. /
