act_tag,speaker,pos,text
^h,B,"Well/UH ,/, let/VB 's/PRP see/VB ./.","{D Well, } let's see. /"
qo,A,"So/UH what/WP ,/,","[ {C So } what, +"
%,B,"As/RB far/RB as/IN I/PRP 'm/VBP ,/,","As far as I'm , -/"
+,A,So/UH what/WP gets/VBZ you/PRP ?/.,{C So } what ] gets you? /
sd,B,"Well/UH ,/, the/DT thing/NN I/PRP think/VBP that/WDT annoys/VBZ me/PRP the/DT most/JJS is/VBZ ,/, I/PRP have/VBP ,/, I/PRP have/VBP young/JJ children/NNS ,/, a/DT baby/NN in/IN the/DT house/NN","{D Well, } the thing I think that annoys me the most is, [ I have, + I have ] young children, a baby in the house /"
sd,B,"and/CC ,/, and/CC inevitably/RB as/RB soon/RB as/IN they/PRP 're/VBP asleep/RB ,/, someone/NN calls/VBZ on/IN the/DT phone/NN trying/VBG to/TO sell/VB me/PRP something/NN ./.","[ {C and, } + {C and } ] inevitably as soon as they're asleep, someone calls on the phone trying to sell me something. /"
b,A,Uh-huh/UH ./.,Uh-huh. /
sv,B,"And/CC I/PRP think/VBP that/DT ,/, that/DT is/VBZ probably/RB the/DT most/RBS aggravating/JJ ./.","{C And } I think that, that is probably the most aggravating <laughter>. /"
b,A,Uh-huh/UH ./.,Uh-huh. /
sv,B,"Uh/UH ,/, you/PRP know/VBP ,/, it/PRP invades/VBZ my/PRP$ time/NN ./.","{F Uh, } {D you know, } it invades my time. /"
sd,B,I/PRP 'm/VBP the/DT one/NN that/WDT pays/VBZ for/IN the/DT phone/NN ./.,I'm the one that pays for the phone. /
sd,B,"Uh/UH ,/, if/IN I/PRP want/VBP to/TO buy/VB something/NN ,/, I/PRP 'll/MD take/VB the/DT initiative/NN and/CC ,/, and/CC go/VB find/VB it/PRP ,/, you/PRP know/VBP ./.","{F Uh, } if I want to buy something, I'll take the initiative [ and, + and ] go find it, {D you know. } /"
sv,B,And/CC that/IN just/RB really/RB does/VBZ aggravate/VB me/PRP ./.,{C And } that just really does <breathing> aggravate me. /
qo,B,"Uh/UH ,/, what/WP do/VBP you/PRP think/VB ?/.","{F Uh, } what do you think? /"
%,A,"Well/UH ,/, I/PRP mean/VBP I/PRP ,/,","{D Well, } {E I mean } I, - /"
sd,A,that/WDT 's/BES exactly/RB the/DT kind/NN of/IN thing/NN I/PRP would/MD have/VB said/VBD ./.,that's exactly the kind of thing I would have said. /
sd,A,"Although/IN in/IN my/PRP$ case/NN it/PRP 's/BES my/PRP$ wife/NN and/CC I/PRP both/DT work/VBP ,/,","Although in my case it's my wife and I both work, /"
sd,A,we/PRP come/VBP home/RB,we come home /
sd,A,and/CC just/RB as/IN we/PRP 're/VBP preparing/VBG dinner/NN or/CC eating/VBG dinner/NN --/:,{C and } just as we're preparing dinner or eating dinner --
x,B,./.,<Laughter>.
+,A,--/: the/DT phone/NN rings/VBZ,-- the phone rings /
sd,A,and/CC it/PRP 's/BES one/CD solicitation/NN call/NN after/IN another/DT,{C and } it's one solicitation call after another /
%,A,"and/CC ,/, you/PRP know/VBP ./.","{C and, } {D you know. } -/"
sv,B,"Your/PRP$ time/NN is/VBZ ,/, is/VBZ --/:","Your time [ is, + is ] --"
aa,A,"Yeah/UH ,/,","Yeah, /"
sv,A,"it/PRP 's/BES ,/, it/PRP 's/BES --/:","[ it's, + it's ] --"
+,B,"--/: valuable/JJ ,/,","-- valuable, /"
%,B,"and/CC ,/,","{C and, } -/"
+,A,"--/: like/IN you/PRP say/VBP ,/, very/RB annoying/JJ","-- like you say, very annoying /"
qh,A,"and/CC ,/, uh/UH ,/, why/WRB ,/, why/WRB do/VBP we/PRP let/VB this/DT happen/VB ./.","{C and, } {F uh, } [ why, + why ] do we let this happen. /"
%,B,"Oh/UH ,/, I/PRP ,/,","{F Oh, } I, - /"
sv,B,"that/DT 's/BES ,/, that/DT 's/BES interesting/JJ ./.","[ that's, + that's ] interesting. /"
%,B,I/PRP,I - /
sv,B,"the/DT ,/, the/DT market/NN seems/VBZ to/TO just/RB be/VB growing/VBG ,/, too/RB ./.","[ the, + the ] market seems to just be growing, too. /"
sv,B,"I/PRP ,/, I/PRP guess/VBP enough/RB people/NNS are/VBP not/RB speaking/VBG out/RP ./.","[ I, + I ] guess enough people are not speaking out. /"
sd,B,"I/PRP 'm/VBP not/RB speaking/VBG out/RP ,/, that/DT 's/BES for/IN sure/RB ./.","I'm not speaking out, that's for sure. /"
sd,B,I/PRP just/RB get/VBP aggravated/JJ about/IN it/PRP ./.,I just get aggravated about it. /
%,B,"And/CC ,/,","{C And, } -/"
%,A,"Would/MD ,/, would/MD you/PRP ,/,","[ Would, + would ] you, - /"
qw,A,"I/PRP mean/VBP if/IN you/PRP could/MD legislate/VB something/NN ,/, what/WP would/MD you/PRP legislate/VB ?/.","{E I mean } if you could legislate something, what would you legislate? /"
sd,B,I/PRP really/RB do/VBP n't/RB know/VB ./.,<Breathing> I really don't know. /
sd,B,"I/PRP 'm/VBP ,/, I/PRP 'm/VBP not/RB into/IN ,/, uh/UH ,/, heavy/NN government/NN legislate-/XX ,/, legislating/VBG of/IN a/DT lot/NN of/IN different/JJ areas/NNS ,/,","[ I'm, + I'm ] not into <breathing>, {F uh, } heavy government [ legislate-, + legislating ] of a lot of different areas, /"
h,B,"but/CC I/PRP ,/, I/PRP do/VBP n't/RB know/VB ./.","{C but } [ I + <breathing>, I ] don't know. /"
sd,B,"I/PRP just/RB ,/, I/PRP do/VBP particularly/RB find/VB it/PRP annoying/JJ ./.","[ I just, + I ] do particularly find it annoying. /"
h,B,"Uh/UH ,/, I/PRP 'm/VBP really/RB not/RB sure/JJ ./.","{F Uh, } <noise> <lipsmack> I'm really not sure. /"
b,A,Yeah/UH ./.,Yeah. /
+,B,"--/: to/TO be/VB ,/,","-- to be, -/"
sv,A,"It/PRP ,/, it/PRP seems/VBZ ,/, it/PRP seems/VBZ to/IN me/PRP that/IN we/PRP should/MD have/VB the/DT ability/NN to/TO designate/VB with/IN the/DT phone/NN company/NN that/IN we/PRP do/VBP n't/RB want/VB to/TO receive/VB calls/VBZ like/IN that/DT ./.","[ [ It, + it seems, ] + it seems ] to me that we should have the ability to designate with the phone company that we don't want to receive calls like that. / *[[sv]]"
%,B,"Well/UH ,/, that/DT ,/, yeah/UH ,/, that/DT might/MD ,/,","{D Well, } [ that, + {D yeah, } that ] might, -/"
sv,A,"And/CC the/DT people/NNS making/VBG these/DT calls/NNS would/MD be/VB obliged/VBN to/TO c/VB ,/, compare/VB --/:","{C And } the people making these calls would be obliged to [ c-, + compare ] --"
^2,B,"Identify/VB themselves/PRP ,/, yeah/UH ./.","Identify themselves, yeah. /"
+,A,"--/: the/DT ,/, their/PRP$ lists/NNS --/:","-- [ the, + their ] lists --"
aa,B,Right/UH ./.,Right. /
+,A,--/: that/IN they/PRP 're/VBP going/VBG to/TO call/VB against/IN this/DT list/NN of/IN people/NNS who/WP do/VBP n't/RB want/VB to/TO be/VB called/VBN ./.,-- that they're going to call against this list of people who don't want to be called. /
sv,B,"Well/UH ,/, that/DT would/MD be/VB a/DT good/NN --/:","{D Well, } that would be [ a good + --"
%,A,"Uh/UH ,/,","{F Uh, } /"
+,B,"--/: an/DT interesting/JJ way/NN ,/,","-- an interesting ] way, /"
aa,B,yeah/UH ./.,yeah. /
sv,A,"And/CC ,/, that/DT ,/, that/DT way/NN ,/, those/DT who/WP want/VBP it/PRP can/MD have/VB it/PRP","{C And, } [ that, + that ] way, those who want it can have it /"
sv,A,"and/CC those/DT who/WP do/VBP n't/RB want/VB it/PRP ,/, do/VBP n't/RB have/VB to/TO have/VB it/PRP ./.","{C and } those who don't want it, don't have to have it. /"
b,B,Right/UH ./.,Right. /
sv,A,Sort/RB of/RB like/IN an/DT unlisted/JJ number/NN where/WRB you/PRP have/VBP n't/RB gone/VBN to/TO the/DT trouble/NN of/IN enlisting/VBG yourself/PRP ./.,Sort of like an unlisted number where you haven't gone to the trouble of enlisting yourself. /
aa,B,"Right/RB ,/,","Right, /"
%,B,"you/PRP 're/VBP ,/,","you're, -/"
sd,A,Except/IN even/RB unlisted/JJ numbers/NNS are/VBP n't/RB safe/JJ now/RB because/IN they/PRP have/VB these/DT things/NNS just/RB sort/RB of/RB dial/NN through/IN all/PDT the/DT numbers/NNS ./.,Except even unlisted numbers aren't safe now because they have these things just sort of dial through all the numbers.
bh,B,"Oh/UH ,/, is/VBZ that/DT right/NN ?/.","{F Oh, } is that right? /"
ba,B,"Oh/UH ,/, that/DT 's/BES interesting/JJ ./.","{F Oh, } that's interesting. /"
+,A,"Uh/UH ,/, automatically/RB","{F Uh, } automatically /"
%,A,"and/CC ,/,","{C and, } -/"
sd,B,And/CC they/PRP just/RB get/VBP everybody/NN ./.,{C And } they just get everybody. /
b,A,Right/UH ./.,Right. /
ba,B,"Oh/UH ,/, boy/UH ./.","{F Oh, } boy. /"
sd,B,"Well/UH ,/, I/PRP ,/, I/PRP do/VBP wish/VB that/IN it/PRP would/MD stop/VB on/IN my/PRP$ end/NN --/:","{D Well, } [ I, + I ] do wish that it would stop on my end --"
b,A,Yeah/UH ./.,Yeah. /
+,B,"--/: because/IN it/PRP ,/, it/PRP seems/VBZ to/TO happen/VB at/IN the/DT worst/JJS possible/JJ moments/NNS ./.","-- because [ it, + it ] seems to happen at the worst possible moments. /"
sd,B,"And/CC I/PRP ,/, I/PRP guess/VBP the/DT next/JJ one/CD is/VBZ ,/, is/VBZ door-to-door/JJ --/:","{C And } [ I, + I ] guess the next one [ is, + is ] door-to-door --"
b,A,Uh-huh/UH ./.,Uh-huh. /
+,B,--/: solicitors/NNS ./.,-- solicitors. /
sd,B,I/PRP do/VBP n't/RB mind/VB the/DT children/NNS when/WRB they/PRP 're/VBP selling/VBG things/NNS for/IN school/NN ./.,I don't mind the children when they're selling things for school. /
sd,B,I/PRP have/VBP kids/NNS,I have kids /
sv,B,"and/CC ,/, you/PRP know/VBP ,/, that/DT 's/BES just/RB kind/RB of/RB --/:","{C and, } {D you know, } that's just kind <breathing> of --"
b,A,Yeah/UH ./.,Yeah <<faint>>. /
+,B,--/: part/NN of/IN it/PRP,-- part of it /
sv,B,but/CC when/WRB it/PRP 's/BES adults/NNS selling/VBG a/DT variety/NN of/IN things/NNS and/CC especially/RB when/WRB men/NNS arrive/VBP at/IN about/RB ten/CD o'clock/RB in/IN the/DT morning/NN --/:,{C but } when it's adults selling a variety of things and especially when men arrive at about ten o'clock in the morning --
b,A,Uh-huh/UH ./.,Uh-huh. /
+,B,"--/: uh/UH ,/, that/IN really/RB ,/, it/PRP makes/VBZ you/PRP not/RB feel/VB particularly/RB safe/JJ --/:","-- {F uh, } [ that really, + it ] makes you not feel particularly safe -- /"
b,A,Yes/UH ./.,Yes. /
sv,B,"--/: and/CC ,/, it/PRP 's/BES annoying/JJ as/IN well/RB ./.","-- {C and, } it's annoying as well. /"
sv,A,"And/CC these/DT ,/, and/CC these/DT people/NNS may/MD in/IN fact/NN be/VB just/RB looking/VBG to/TO s-/XX ,/, find/VB an/DT unoccupied/JJ house/NN to/TO rob/VB ./.","[ {C And } these, + {C and } these ] people may in fact be just looking to [ s-, + find ] an unoccupied house to rob. /"
aa,B,"Right/UH ,/,","Right, /"
sv,B,"you/PRP just/RB ,/, you/PRP really/RB do/VBP n't/RB know/VB ,/,","[ you just, + you really ] don't know, /"
sd,B,"so/RB I/PRP ,/, I/PRP find/VBP myself/PRP being/VBG a/DT l-/XX ,/, a/DT bit/NN abrupt/JJ and/CC a/DT little/JJ bit/NN ruder/JJR than/IN than/IN I/PRP might/MD normally/RB be/VB --/:","{C so } [ I, + I ] find myself being [ a l-, + a bit ] abrupt and a little bit ruder [ than + <breathing> than ] I might normally be -- /"
b,A,Uh-huh/UH ./.,Uh-huh. /
sd,B,"--/: but/CC ,/, I/PRP do/VBP feel/VB like/IN it/PRP 's/BES a/DT ,/, an/DT invasion/NN of/IN my/PRP$ space/NN ./.","-- {C but, } I do feel like it's [ a, + an ] invasion of my space. /"
b,A,Yeah/UH ./.,Yeah. /
%,B,"And/CC ,/, uh/UH ,/,","{C And, } {F uh, } -/"
sd,B,I/PRP 've/VBP never/RB quite/RB understood/VBN the/DT purpose/NN of/IN that/DT ./.,I've never quite understood the purpose of that. /
%,B,"Yeah/UH ,/,","Yeah, /"
%,B,"I/PRP ,/, uh/UH ,/,","I, {F uh, } -/"
sd,A,"Well/UH ,/, I/PRP think/VBP these/DT people/NNS were/VBD hired/VBN by/IN ,/, from/IN ,/, from/IN different/JJ sources/NNS ./.","{D Well, } I think these people were hired [ [ by, + from, ] + from ] different sources. /"
%,B,"Just/RB be-/IN ,/,","Just be-, -/"
%,A,"Uh/UH ,/, with/IN ,/, you/PRP know/VBP ,/,","{F Uh, } with, {D you know, } - /"
sv,A,"and/CC so/RB ,/, therefore/RB ,/, there/EX 's/BES no/DT one/CD answer/NN ./.","{C and so, } therefore, there's no one answer. /"
%,A,"But/CC ,/, but/CC ,/, yeah/UH","[ {C But, } + {C but, } ] yeah /"
sd,A,"sometimes/RB it/PRP 's/BES a/DT market/NN sur-/NN ,/, basically/RB it/PRP 's/BES a/DT market/NN survey/NN --/:","[ sometimes it's a market sur-, + basically it's a market survey ] -- /"
sd,B,Just/RB a/DT survey/NN ./.,Just a survey. /
sv,A,"--/: but/CC they/PRP never/RB say/VBP who/WP ,/, who/WP they/PRP 're/VBP really/RB working/VBG for/IN or/CC what/WP ,/, you/PRP know/VBP ,/, what/WP --/:","-- {C but } they never say [ who, + who ] they're really working for or [ [ [ what + <throat_clearing>, {D you know, } what ] + --"
b,B,Yeah/UH ./.,Yeah. /
+,A,"--/: what/WP ,/, what/WP questions/NNS are/VBP ,/, you/PRP know/VBP ,/,","-- + what, ] + what ] questions are, {D you know, } -/"
sd,B,"There/EX have/VBP been/VBN a/DT couple/NN of/IN times/NNS when/WRB the/DT ,/, the/DT ,/, uh/UH ,/, whatever/WDT the/DT subject/NN was/VBD ,/, I/PRP guess/VBP caught/VBN my/PRP$ interest/NN and/CC I/PRP went/VBD along/IN with/IN it/PRP","There have been a couple of times when [ [ the, + the, ] + {F uh, } whatever the ] subject was, I guess caught my interest and I went along with it /"
sd,B,"and/CC then/RB there/EX have/VB been/VBN several/JJ times/NNS when/WRB I/PRP just/RB said/VBD ,/, well/UH ,/, I/PRP just/RB really/RB do/VBP n't/RB have/VB the/DT time/NN ,/, you/PRP know/VBP --/:","{C and then } there have been several times when I just said, {D well, } I just really don't have the time, {D you know } --"
b,A,Yeah/UH ./.,Yeah <<faint>>. /
+,B,--/: to/TO deal/VB with/IN it/PRP at/IN that/DT moment/NN ./.,-- to deal with it at that moment. /
b,A,Yeah/UH ./.,Yeah. /
sd,B,"But/CC ,/, uh/UH ,/, I/PRP do/VBP n't/RB get/VB too/RB many/JJ of/IN those/DT ./.","{C But, } {F uh, } I don't get too many of those. /"
b,A,Yeah/UH ./.,Yeah <<faint>>. /
sd,B,I/PRP 've/VBP had/VBN just/RB a/DT few/JJ ./.,I've had just a few. /
b,A,Yeah/UH ./.,Yeah <<faint>>. /
sd,B,"Uh/UH ,/, generally/RB someone/NN 's/BES trying/VBG to/TO sell/VB me/PRP something/NN","{F Uh, } generally someone's trying to sell me something /"
%,B,"or/CC ,/,","{C or, } -/"
b,A,"Right/UH ,/,","Right, /"
sd,A,"well/UH ,/, and/CC sometimes/RB that/DT 's/BES ,/, this/DT is/VBZ just/RB the/DT lead/GW in/^NN to/TO a/DT sales/NNS pitch/NN --/:","{D well, } {C and } sometimes [ that's, + this is ] just the lead in to a sales pitch --"
aa,B,"Right/UH ,/,","Right, /"
aa,B,right/UH ./.,right. /
+,A,--/: too/RB ./.,-- too. /
sv,A,"Other/JJ times/NNS it/PRP 's/BES ,/, you/PRP know/VBP ,/, wasting/VBG your/PRP$ time/NN --/:","Other times <baby_crying> it's, {D you know, } wasting your time --"
x,B,./.,<Laughter>.
+,A,--/: to/TO collect/VB the/DT data/NN they/PRP want/VB for/IN their/PRP$ --/:,-- to collect the data they want for their <laughter> --
aa,B,Right/UH ./.,Right. /
+,A,--/: marketing/NN purpose/NN ./.,-- marketing purpose. /
sd,A,"For/IN which/WDT ,/, if/IN they/PRP would/MD just/RB pay/VB me/PRP enough/RB money/NN --/:","For which, if they would just pay me enough money --"
b,B,Yeah/UH ./.,Yeah. /
+,A,--/: I/PRP would/MD be/VB willing/JJ to/TO consider/VB ./.,-- I would be willing to consider. /
aa,B,That/DT 's/BES right/JJ ./.,That's right. /
sv,A,"But/CC ,/, but/CC a/DT dollar/NN is/VBZ n't/RB it/PRP ,/,","[ {C But, } + {C but } ] a dollar isn't it, /"
%,A,"you/PRP know/VBP ,/, it/PRP 's/BES ,/,","{D you know, } it's, -/"
b,B,Oh/UH ./.,<Laughter> Oh. /
sd,A,"Uh/UH ,/, and/CC I/PRP also/RB sort/RB of/RB worry/VBP that/DT ,/, you/PRP know/VBP ,/, that/IN sometimes/RB people/NNS giveaway/^VBP^RB personal/JJ information/NN ./.","{F Uh, } {C and } I also sort of worry [ that, + {D you know, } that ] sometimes people giveaway personal information. /"
sd,A,"Uh/UH ,/, when/WRB ,/, when/WRB the/DT call/NN comes/VBZ and/CC ,/, and/CC they/PRP ,/, uh/UH ,/, you/PRP know/VBP ,/, sort/RB of/RB seductive/JJ ,/, to/IN ,/, you/PRP know/VBP ,/,","{F Uh, } [ when, + <baby_crying> when ] the call comes [ and, + and ] they, {F uh, } {D you know, } sort of seductive, to, {D you know, } - /"
sd,A,"somebody/NN is/VBZ asking/VBG me/PRP my/PRP$ opinion/NN on/IN all/DT of/IN these/DT things/NNS ,/,","somebody is asking me my opinion on all of these things, /"
sd,A,and/CC so/IN I/PRP start/VBP answering/VBG,{C and so } I start answering /
sv,A,"and/CC then/RB you/PRP ,/, you/PRP know/VBP ,/, you/PRP go/VBP down/IN a/DT path/NN --/:","{C and then } [ you, + {D you know, } you ] go down a path -- /"
b,B,Right/UH ./.,Right. /
sv,A,"--/: uh/UH ,/, and/CC you/PRP do/VBP n't/RB know/VB where/WRB it/PRP 's/BES going/VBG to/TO end/VB ./.","-- {F uh, } {C and } you don't know where it's going to end. /"
b,B,Yeah/UH ./.,Yeah. /
%,B,"Well/UH ,/, we/PRP ,/,","{D Well, } we, -/"
+,A,"In/IN fact/NN ,/, you/PRP do/VBP n't/RB even/RB know/VB what/WP you/PRP 've/VBP eventually/RB ,/, you/PRP know/VBP ,/, the/DT totality/NN of/IN what/WP you/PRP 've/VBP revealed/VBN","In fact, you don't even know [ what you've eventually, + {D you know, } the totality of what you've ] revealed / *[[sv]]"
aa,B,That/DT 's/BES true/JJ ./.,That's true. /
+,A,"This/DT is/VBZ n't/RB ,/, you/PRP know/VBP ,/, prob-/XX ,/, most/RBS likely/JJ not/RB to/TO ,/, going/VBG to/TO be/VB used/VBN against/IN you/PRP ,/,","This isn't, {D you know, } [ prob-, + most likely ] not [ to, + going to ] be used against you, /"
sv,A,but/CC it/PRP could/MD,{C but } it could - /
sv,A,"and/CC ,/,","[ {C and, } +"
aa,B,"Yeah/UH ,/,","Yeah, /"
sv,B,"you/PRP just/RB never/RB know/VBP ,/, I/PRP guess/VBP ./.","you just never know, I guess. /"
+,A,"And/CC that/DT seems/VBZ to/TO be/VB something/NN that/WDT should/MD ,/, should/MD really/RB be/VB outlawed/VBN ./.","{C And } ] that seems to be something that [ should, + should ] really be outlawed."
%,B,"That/IN ,/,","That, - /"
%,B,"yeah/UH ,/,","yeah, /"
%,B,"I/PRP ,/, I/PRP ,/,","[ I, + I, ] -/"
+,A,Because/IN it/PRP 's/BES subject/JJ to/IN abuse/NN,Because it's subject to abuse /
%,A,"and/CC it/PRP ,/,","{C and } it, -/"
%,B,"Asking/VBG for/IN information/NN is/VBZ ,/, is/VBZ ,/,","Asking for information [ is, + is, ] - /"
sd,B,"I/PRP ca/MD n't/RB really/RB see/VB that/DT ,/,","I can't really see that, /"
sv,B,"I/PRP think/VBP they/PRP ought/MD to/TO ,/, if/IN ,/, if/IN nothing/NN else/RB ,/, they/PRP ought/MD to/TO spend/VB money/NN for/IN a/DT postage/NN stamp/NN","I think [ they ought to, + [ if, + if ] nothing else, they ought to ] spend money for a postage stamp /"
%,B,"and/CC ,/, you/PRP know/VBP ,/, when/WRB it/PRP arrives/VBZ at/IN your/PRP$ house/NN ,/, oh/UH ,/, I/PRP ,/,","{C and, } {D you know, } when it arrives at your house, {F oh, } I, -/"
