act_tag,speaker,pos,text
"fo_o_fw_""_by_bc",A,"Okay/UH ,/,","Okay, /"
%,A,"so/UH ,/, um/UH ,/,","{C so, } {F um, } - /"
%,A,yes/UH,yes /
sd,A,"we/PRP do/VBP keep/VB ,/, uh/UH ,/, well/UH we/PRP started/VBD out/RP keeping/VBG a/DT budget/NN about/RB two/CD years/NNS ,/, ago/RB ,/,","[ we do keep, + {F uh, } {D well } we started out keeping ] a budget about two years, ago, /"
sd,A,"we/PRP have/VBP a/DT computer/NN ,/, here/RB at/IN the/DT house/NN ,/,","we have a computer, here at the house, /"
b,B,Uh-huh/UH ./.,Uh-huh. /
sd,A,"and/CC I/PRP made/VBD a/DT Lotus/NNP spreadsheet/NN and/CC went/VBD through/IN the/DT year/NN using/VBG all/DT of/IN our/PRP$ ,/, our/PRP$ checkbook/NN to/TO figure/VB out/RP what/WP we/PRP spent/VBD each/DT time/NN and/CC whether/IN we/PRP were/VBD over/RB or/CC under/RB for/IN each/DT month/NN","{C and } I made a Lotus spreadsheet and went through the year using all of [ our, + our ] checkbook to figure out what we spent each time and whether we were over or under for each month /"
sd,A,"and/CC then/RB basically/RB since/IN then/RB what/WP I/PRP 've/VBP done/VBN is/VBZ ,/, is/VBZ keep/VB track/NN of/IN it/PRP through/IN the/DT checkbook/NN","{C and then } basically since then what I've done [ is, + is ] keep track of it through the checkbook /"
sd,A,"so/IN that/IN based/VBN on/IN whatever/WP we/PRP 've/VBP got/VBN coming/VBG in/RB ,/, the/DT check/NN coming/VBG in/RB ,/, then/RB how/WRB much/RB I/PRP 'm/VBP spending/VBG each/DT half/NN of/IN the/DT month/NN and/CC then/RB trying/VBG to/TO also/RB spe-/XX ,/,","{C so } that based on [ whatever we've got coming in, + the check coming in, ] <child_talking> then how much I'm spending each half of the month and then trying to also spe-, - /"
sd,A,"because/IN our/PRP$ house/NN payment/NN is/VBZ once/RB a/DT month/NN ,/,","because our house payment is once a month, /"
sd,A,"that/WDT 's/BES our/PRP$ ,/, our/PRP$ biggest/JJS ,/, uh/UH ,/, expense/NN","that's [ our, + our ] biggest, {F uh, } expense /"
sd,A,"so/RB I/PRP take/VBP half/NN of/IN that/DT amount/NN out/IN of/IN my/PRP$ checkbook/NN each/DT ,/, with/IN each/DT paycheck/NN ,/,","{C so } I take half of that amount out of my checkbook [ each, + with each ] paycheck,"
b,B,Uh-huh/UH ./.,Uh-huh. /
+,A,"even/RB thought/^IN it/PRP 's/BES really/RB still/RB there/RB ,/,","even thought it's really still there,"
b,B,Uh-huh/UH ./.,Uh-huh. /
+,A,"so/IN that/IN I/PRP can/MD keep/VB ,/, uh/UH ,/, uh/UH ,/, good/JJ balance/NN ,/,","so that I can keep, {F uh, } {F uh, } good balance,"
b,B,A/DT running/JJ total/NN ./.,A running total. /
+,A,"a/DT running/JJ total/NN ,/, yeah/UH through/IN the/DT month/NN ,/,","a running total, {D yeah } through the month, /"
b,B,Yeah/UH ./.,Yeah. /
qo,A,What/WP do/VBP you/PRP all/DT do/VB ?/.,What do you all do? /
sd,B,"Uh/UH ,/, we/PRP 've/VBP ,/, we/PRP 've/VBP ,/, uh/UH ,/, taken/VBN how/WRB much/JJ we/PRP have/VBP ,/, you/PRP know/VBP ,/, write/VBP down/RP how/WRB much/RB we/PRP have/VBP coming/VBG in/RB each/DT month/NN","{F Uh, } [ we've, + we've, ] {F uh, } taken how much we have, {D you know, } write down how much we have coming in each month /"
%,B,"and/CC then/RB ,/, uh/UH ,/, we/PRP 've/VBP ,/,","{C and then, } {F uh, } we've, - /"
sd,B,at/IN the/DT beginning/NN of/IN the/DT year/NN we/PRP sat/VBD down/RB and/CC determined/VBD how/WRB much/JJ we/PRP could/MD spend/VB ./.,at the beginning of the year we sat down and determined how much we could spend. /
sd,B,"We/PRP sat/VBD dow-/RB ,/, made/VBD up/RP different/JJ accounts/NNS like/IN ,/, you/PRP know/VBP ,/,","We [ sat dow-, + made up ] different accounts {D like, } {D you know, } /"
sd,B,"we/PRP 've/VBP set/VBN a/DT budget/NN for/IN each/DT ,/, you/PRP know/VBP ,/, household/NN expenses/NNS ,/, or/CC food/NN ,/, and/CC clothing/NN and/CC entertainment/NN and/CC then/RB our/PRP$ ,/, our/PRP$ own/JJ fun/NN money/NN and/CC just/RB stuff/NN like/IN that/DT","we've set a budget for each, {D you know, } household expenses, or food, and clothing and entertainment and then [ our, + our ] own fun money and just stuff like that /"
sd,B,"and/CC then/RB we/PRP write/VBP down/RP each/DT ,/, each/DT time/NN we/PRP spend/VBP something/NN ,/, we/PRP write/VBP down/RP in/IN a/DT book/NN","{C and then } we write down [ each, + each ] time we spend something, we write down in a book /"
sd,B,"and/CC at/IN the/DT end/NN of/IN the/DT month/NN we/PRP tally/VBP it/PRP up/RP to/TO see/VB how/WRB close/RB we/PRP ,/, you/PRP know/VBP","{C and } at the end of the month we tally it up to see how close we, {D you know } - /"
sd,B,"we/PRP ,/, we/PRP try/VBP to/TO stay/VB within/IN a/DT certain/JJ budget/NN ,/,","[ we, + we ] try to stay within a certain budget, /"
%,B,so/RB ./.,{C so. } -/
qy,A,"Is/VBZ it/PRP ,/, is/VBZ it/PRP hard/JJ to/TO keep/VB track/NN of/IN it/PRP","[ Is it, + is it ] hard to keep track of it /"
qrr,A,or/CC does/VBZ it/PRP work/VB out/RP pretty/RB well/RB ?/.,{C or } does it work out pretty well? /
sd,B,"Um/UH ,/, it/PRP takes/VBZ some/DT ,/, it/PRP takes/VBZ some/DT dedication/NN to/TO do/VB it/PRP ,/,","{F Um, } [ it takes some, + it takes some ] dedication to do it, /"
sd,B,"but/CC it/PRP ,/, it/PRP works/VBZ out/RP real/RB well/RB ,/,","{C but } [ it, + it ] works out real well, /"
%,B,so/RB ./.,{C so. } -/
qy^d,A,"And/CC ,/, and/CC you/PRP 're/VBP staying/VBG within/IN your/PRP$ budget/NN and/CC keep/VBP ,/,","[ {C And, } + {C and } ] you're staying within your budget and [ keep-, + ]"
b,B,Uh-huh/UH ./.,Uh-huh. /
+,A,everything/NN is/VBZ working/VBG pretty/RB good/RB ./.,everything is working pretty good. /
ny,B,"Yeah/UH ,/,","Yeah, /"
ny,B,"yeah/UH ,/,","yeah, /"
sd,B,"I/PRP stay/VBP wi-/IN ,/, I/PRP have/VBP to/TO stay/VB within/IN it/PRP ,/,","[ I stay wi-, + I have to stay within ] it, /"
%,B,"so/RB I/PRP ,/, you/PRP know/VBP ,/,","{C so } I, {D you know, } - /"
%,B,"and/CC then/RB we/PRP have/VBP that/DT ,/, you/PRP know/VBP ,/,","{C and then } we have that, {D you know, } - /"
sd,B,"if/IN you/PRP ca/MD n't/RB stay/VB ,/, if/IN something/NN comes/VBZ up/RP and/CC you/PRP ca/MD n't/RB stay/VB within/IN it/PRP then/RB we/PRP have/VBP ,/, uh/UH ,/, you/PRP know/VBP ,/, a/DT budget/NN for/IN ,/, you/PRP know/VBP ,/, like/IN we/PRP call/VBP our/PRP$ slush/NN fund/NN or/CC something/NN","[ if you can't stay, + if something comes up and you can't stay ] within it then we have, {F uh, } {D you know, } a budget for, {D you know, } {D like } we call our slush fund or something /"
sv,B,"and/CC some-/NN ,/, an/DT unexpected/JJ comes/VBZ up/RP ,/, then/RB you/PRP 're/VBP not/RB ,/, you/PRP know/VBP ,/, you/PRP do/VBP n't/RB feel/VB it/PRP so/RB strapped/JJ ./.","{C and } some-, an unexpected comes up, then [ you're not, + {D you know, } you don't ] feel it so strapped. /"
bf,A,You/PRP do/VBP n't/RB have/VB to/TO go/VB out/RB and/CC borrow/VB it/PRP somewhere/RB and/CC do/VB that/DT ./.,You don't have to go out and borrow it somewhere and do that. /
aa,B,"Right/UH ,/,","Right, /"
aa,B,"yeah/UH ,/,","yeah, /"
sd,B,"because/IN we/PRP do/VBP n't/RB ,/, you/PRP know/VBP ,/, we/PRP do/VBP n't/RB charge/VB anything/NN that/WDT we/PRP ca/MD n't/RB pay/VB off/RP by/IN the/DT end/NN of/IN the/DT month/NN ./.","{C because } [ we don't, + {D you know, } we don't ] charge anything that we can't pay off by the end of the month. /"
ba,A,"That/DT 's/BES a/DT good/JJ choice/NN ,/,","That's a good choice, /"
sd,A,"we/PRP 've/VBP been/VBN trying/VBG ,/, we/PRP 're/VBP trying/VBG to/TO ,/, uh/UH ,/, do/VB that/DT this/DT year/NN ./.","[ we've been trying, + we're trying ] to, {F uh, } do that this year. /"
sd,A,"We/PRP 've/VBP budgeted/VBN the/DT money/NN that/WDT we/PRP used/VBD to/TO spend/VB ,/, we/PRP were/VBD spending/VBG on/IN a/DT CODA/NNP account/NN with/IN T/NNP I/NNP and/CC then/RB money/NN we/PRP were/VBD also/RB buying/VBG stock/NN with/IN for/IN that/DT year/NN ,/,","We've budgeted the money that [ we used to spend, + we were spending ] on a (( CODA )) account with T I and then money we were also buying stock with for that year, /"
sd,A,"we/PRP 've/VBP taken/VBN that/DT this/DT year/NN ,/,","we've taken that this year,"
t3,B,You/PRP 've/VBP got/VBN paper/NN under/IN your/PRP$ table/NN ./.,<<Talking to someone else in the room>> You've got paper under your table. /
+,A,and/CC said/VBD we/PRP 're/VBP going/VBG to/TO pay/VB off/RP all/DT of/IN our/PRP$ credit/NN cards/NNS,and said we're going to pay off all of our credit cards /
sd,A,"and/CC ,/, uh/UH ,/,","{C and, } {F uh, }"
b,B,Uh-huh/UH ./.,Uh-huh. /
+,A,"we/PRP have/VBP ,/, uh/UH ,/, another/DT loan/NN with/IN the/DT bank/NN ,/,","we have, {F uh, } another loan with the bank, /"
b,B,Uh-huh/UH ./.,Uh-huh. /
sd,A,"and/CC so/RB we/PRP hope/VBP by/IN the/DT end/NN of/IN this/DT year/NN ,/,","{C and so } we hope by the end of this year,"
^2,B,To/TO be/VB out/IN of/IN that/DT ./.,To be out of that. /
+,A,"that/IN by/IN doing/VBG that/DT we/PRP 'll/MD be/VB free/JJ ,/,","that by doing that we'll be free,"
b^m,B,Free/JJ ./.,Free. /
+,A,and/CC clear/JJ ./.,and clear. /
b,B,"Yeah/UH ,/,","Yeah, /"
sd,B,"the/DT only/JJ thing/NN we/PRP have/VBP ,/, it/PRP to/TO pay/VB off/RP is/VBZ our/PRP$ ,/, is/VBZ a/DT automobile/NN loan/NN and/CC our/PRP$ house/NN payment/NN ,/,","the only thing we have, it to pay off [ is our, + is a ] automobile loan and our house payment, /"
sd,B,"and/CC that/DT 's/BES the/DT only/JJ thing/NN we/PRP ever/RB ,/,","{C and } that's the only thing we ever, -/"
ba,A,That/DT 's/BES good/JJ to/TO be/VB in/IN that/DT kind/NN of/IN shape/NN ./.,That's good to be in that kind of shape. /
sd,B,We/PRP try/VBP to/TO stay/VB out/IN of/IN debt/NN ./.,We try to stay out of debt <child>. /
qw,A,What/WP are/VBP you/PRP all/DT trying/VBG to/TO do/VB long/JJ term/NN ./.,What are you all trying to do long term. /
^h,B,Huh/UH ./. Oh/UH it/PRP 's/BES long/JJ term/NN ./.,{F Huh. } {F Oh } it's long term. /
%,B,"We/PRP just/RB ,/,","We just, - /"
sd,B,"he/PRP ha-/XX ,/, you/PRP know/VBP ,/, his/PRP$ retirement/NN plan/NN and/CC then/RB to/IN CODA/NNP and/CC stuff/NN like/IN that/DT ,/, that/DT 's/BES all/DT we/PRP ,/,","[ he ha-, + {D you know, } his ] retirement plan and then to (( CODA )) and stuff like that, that's all we, - /"
sd,B,"and/CC you/PRP know/VBP ,/, we/PRP just/RB have/VBP our/PRP$ life/NN insurance/NN for/IN right/RB now/RB ./.","{C and } {D you know, } we just have our life insurance for right now. /"
b,A,Uh-huh/UH ./.,Uh-huh. /
sd,B,"So/RB ,/, we/PRP do/VBP n't/RB have/VBP any/DT long/JJ term/NN ,/, you/PRP know/VBP ,/, in/IN stocks/NNS ,/, or/CC anything/NN like/IN that/DT right/RB now/RB ,/,","{C So, } we don't have any long term, {D you know, } in stocks, or anything like that right now, /"
%,B,so/RB ./.,{C so. } -/
b,A,"Yeah/UH ,/,","Yeah, /"
sd,A,"mostly/RB what/WP we/PRP 're/VBP doing/VBG ,/, we/PRP 've/VBP worked/VBN ,/, we/PRP 've/VBP done/VBN the/DT ,/, uh/UH ,/, CODA/NNP account/NN with/IN T/NNP I/NNP where/WRB they/PRP ,/, we/PRP put/VBP in/RB so/RB much/JJ a/DT month/NN ,/,","mostly what [ [ we're doing, + we've worked, ] + we've done ] the, {F uh, } (( CODA )) account with T I where [ they, + we ] put in so much a month, /"
sd,A,"and/CC then/RB they/PRP ,/, or/CC so/RB much/JJ a/DT pay/NN check/NN and/CC then/RB they/PRP match/VBP it/PRP ./.","[ {C and then } they, + {A or so much a pay check } {C and then } they ] match it. /"
b,B,"Yeah/UH ,/,","Yeah, /"
sd,B,that/DT 's/BES what/WP we/PRP 're/VBP doing/VBG ./.,that's what we're doing. /
sd,A,"So/RB that/DT 's/HVS ,/, that/DT 's/HVS worked/VBN out/RP pretty/RB good/RB","{C So } [ that's, + that's ] worked out pretty good /"
sd,A,"and/CC then/RB ,/, I/PRP used/VBD to/TO work/VB for/IN T/NNP I/NNP","{C and then, } I used to work for T I /"
%,A,"and/CC I/PRP have/VBP ,/,","{C and } I have, - /"
sd,A,"when/WRB I/PRP retired/VBD from/IN there/RB ,/, or/CC left/VBD ,/, I/PRP took/VBD the/DT money/NN I/PRP that/WDT I/PRP had/VBD in/IN mine/PRP and/CC put/VBD it/PRP in/IN an/DT I/NN R/NN A/NN","when I retired from there, or left, I took the money [ I + that I ] had in mine and put it in an I R A /"
sd,A,"and/CC we/PRP had/VBD an/DT out/IN ,/, we/PRP had/VBD an/DT existing/VBG I/NN R/NN A/NN","{C and } [ we had an out, + we had an ] existing I R A /"
sd,A,"so/RB we/PRP have/VBP ,/, both/DT of/IN us/PRP have/VBP some/DT money/NN in/IN an/DT I/NN R/NN A/NN that/WDT we/PRP 're/VBP also/RB trying/VBG to/TO figure/VB ,/,","{C so } [ we have, + both of us have ] some money in an I R A that we're also trying to figure, - /"
sd,A,"to/TO ,/, put/VB it/PRP ,/, we/PRP 're/VBP putting/VBG it/PRP in/IN C/NN D/NN 's/^NNS right/RB now/RB ,/,","[ to, put it, + we're putting it ] in C D's right now, /"
b,B,Uh-huh/UH ./.,Uh-huh. /
sd,A,and/CC then/RB we/PRP 're/VBP also/RB looking/VBG at/IN it/PRP in/IN possibly/RB getting/VBG a/DT mutual/JJ fund/NN ./.,{C and then } we're also looking at it in possibly getting a mutual fund. /
b,B,"Yeah/UH ,/,","Yeah, /"
sd,B,when/GW ever/^WRB we/PRP get/VBP enough/JJ saved/VBN we/PRP stick/VBP it/PRP in/IN a/DT C/NN D/NN for/IN a/DT while/NN,when ever we get enough saved we stick it in a C D for a while /
sd,B,"and/CC ,/, then/RB ,/, uh/UH ,/, you/PRP know/VBP and/CC then/RB when/WRB ,/, if/IN we/PRP need/VBP it/PRP we/PRP wait/VBP until/IN it/PRP ,/, it/PRP 's/HVS expired/VBN","[ {C and, then, } + {F uh, } {D you know } {C and then } ] [ when, + if ] we need it we wait until [ it, + it's ] expired /"
%,B,"and/CC then/RB so/RB ,/,","[ {C and then } + {C so, } ] -/"
b,A,Yeah/UH ./.,Yeah. /
sd,A,"The/DT other/JJ thing/NN that/WDT we/PRP 've/VBP done/VBN ,/, that/WDT ,/, that/WDT was/VBD really/RB nice/JJ to/TO see/VB ,/, we/PRP had/VBD one/CD of/IN the/DT financial/JJ companies/NNS ,/, um/UH ,/,","The other thing that we've done, [ that, + that ] was really nice to see, we had one of the financial companies, {F um, } /"
sd,A,"han-/XX ,/, uh/UH ,/, John/NNP Hancock/NNP company/NN came/VBD out/RB","[ han-, + {F uh, } John Hancock ] company came out /"
sd,A,"and/CC their/PRP$ agent/NN did/VBD a/DT long/JJ term/NN analysis/NN based/VBD on/IN salary/NN and/CC ,/, uh/UH ,/, what/WP we/PRP were/VBD pla-/XX ,/, what/WP ,/, what/WP our/PRP$ ,/, uh/UH ,/, goals/NNS were/VBD on/IN a/DT long/JJ term/NN budget/NN in/IN terms/NNS of/IN retirement/NN ,/, kids/NNS college/NN ,/, paying/VBG off/RP the/DT house/NN ,/, buying/VBG a/DT different/JJ house/NN ,/,","{C and } their agent did a long term analysis based on salary and, {F uh, } [ what we were pla-, + [ what, + what ] our, {F uh, } goals were ] on a long term budget in terms of retirement, kids college, paying off the house, buying a different house,"
b,B,Uh-huh/UH ./.,Uh-huh. /
+,A,"um/UH ,/, special/JJ thing/NN ,/, buying/VBG land/NN and/CC building/VBG our/PRP$ own/JJ house/NN","{F um, } special thing, buying land and building our own house /"
sd,A,"and/CC they/PRP did/VBD an/DT analysis/NN for/IN us/PRP based/VBN on/IN what/WP we/PRP were/VBD putting/VBG in/RB and/CC the/DT time/NN frame/NN that/WDT we/PRP wanted/VBD to/TO look/VB at/IN ,/,","{C and } they did an analysis for us based on what we were putting in and the time frame that we wanted to look at,"
b,B,Uh-huh/UH ./.,Uh-huh. /
+,A,"and/CC then/RB gave/VBD us/PRP a/DT good/JJ idea/NN back/RB ,/, you/PRP know/VBP ,/, some/DT good/JJ information/NN back/RB on/IN whether/IN or/CC not/RB we/PRP were/VBD going/VBG to/TO achieve/VB those/DT goals/NNS ,/,","and then gave us [ a good idea back, + {D you know, } some good information back ] on whether or not we were going to achieve those goals,"
^2,B,"or/CC not/RB ,/,","or not, /"
%,B,yeah/UH ./.,yeah. /
+,A,"and/CC ,/, or/CC not/RB ,/, and/CC what/WP we/PRP needed/VBD to/TO do/VB so/IN that/IN we/PRP could/MD achieve/VB them/PRP and/CC the/DT money/NN we/PRP could/MD put/VB in/IN at/IN what/WDT time/NN ./.","[ and, + or ] not, and what we needed to do so that we could achieve them and the money we could put in at what time. /"
b,B,Uh-huh/UH ./.,Uh-huh. /
ba,B,"That/DT sounds/VBZ interesting/JJ ,/,","That sounds interesting, /"
sd,B,"we/PRP 've/VBP never/RB done/VBN any-/XX ,/,","we've never done any-, - /"
%,B,"we/PRP have/VBP ,/,","we have, - /"
sd,B,"you/PRP know/VBP ,/, just/RB our/PRP$ ,/, our/PRP$ life/NN insurance/NN guy/NN has/VBZ come/VBN out/RB ,/, you/PRP know/VBP ,/,","{D you know, } [ just our, + our ] life insurance guy has come out, {D you know, } /"
sd,B,"and/CC he/PRP 's/HVS set/VBN up/RP ,/, uh/UH ,/, you/PRP know/VBP ,/, determined/VBN how/WRB much/JJ we/PRP need/VBP to/TO ,/, you/PRP know/VBP ,/, we/PRP need/VBP if/IN something/NN were/VBD to/TO happen/VB ./.","{C and } he's [ set up, + {F uh, } {D you know, } determined ] how much [ we need to, + {D you know, } we need if ] something were to happen. /"
b,A,"Yeah/UH ,/,","Yeah, /"
sd,A,"that/DT ,/, that/DT 's/BES the/DT other/JJ financial/JJ thing/NN I/PRP guess/VBP that/IN we/PRP 've/VBP done/VBN is/VBZ with/IN our/PRP$ life/NN insurance/NN is/VBZ ,/, since/IN I/PRP 'm/VBP at/IN home/NN now/RB is/VBZ ,/, is/VBZ figuring/VBG out/RP ,/, uh/UH ,/, what/WP we/PRP would/MD need/VB if/IN something/NN happened/VBD to/IN my/PRP$ husband/NN ,/, or/CC what/WP he/PRP would/MD need/VB if/IN something/NN happened/VBD to/IN me/PRP ,/,","[ that, + that's ] the other financial thing I guess that we've done is with our life insurance is, since I'm at home now [ is, + is ] figuring out, {F uh, } what we would need if something happened to my husband, or what he would need if something happened to me, /"
sv,A,"that/DT 's/BES a/DT ,/, a/DT big/JJ thing/NN to/TO think/VB about/IN ./.","that's [ a, + a ] big thing to think about. /"
aa,B,"Right/UH ,/,","Right, /"
aa,B,"yeah/UH ,/, you/PRP know/VBP ,/,","yeah, {D you know, } /"
%,B,"if/IN ,/, I/PRP would/MD sell/VB the/DT ,/, you/PRP know/VBP ,/,","if, I would sell the, {D you know, } - /"
sd,B,"if/IN ,/, he/PRP ,/, something/NN would/MD happen/VB to/IN him/PRP ,/, I/PRP would/MD n't/RB stay/VB in/IN Texas/NNP ,/,","if, [ he, + ] something would happen to him, I wouldn't stay in Texas, /"
sd,B,"I/PRP would/MD ,/, uh/UH ,/, sell/VB the/DT house/NN and/CC move/VB back/RB home/RB ,/, you/PRP know/VBP ,/, to/IN my/PRP$ home/NN town/NN ,/,","I would, {F uh, } sell the house and move back home, {D you know, } to my home town, /"
sd,B,"and/CC ,/, and/CC ,/, uh/UH ,/, I/PRP would/MD n't/RB stay/VB here/RB in/IN Texas/NNP ,/,","[ {C and, } + {C and, } ] {F uh, } I wouldn't stay here in Texas, /"
sd,B,"so/RB you/PRP know/VBP ,/, I/PRP do/VBP n't/RB know/VB what/WP he/PRP would/MD do/VB ./.","{C so } {D you know, } I don't know what he would do. /"
b,A,"Okay/UH ,/,","Okay, /"
sd,A,"I/PRP guess/VBP that/DT 's/BES most/JJS of/IN my/PRP$ ,/, um/UH ,/, financial/JJ plans/NNS right/RB now/RB ./.","I guess that's most of my, {F um, } financial plans right now. /"
b,B,Yeah/UH,Yeah /
sd,B,mine/PRP too/RB ./.,mine too. /
qy,A,"Is/VBZ ,/, is/VBZ there/EX anything/NN you/PRP 'd/MD like/VB to/TO add/VB ?/.","[ Is, + is ] there anything you'd like to add? /"
nn,B,"No/UH ,/,","No, /"
sd,B,that/DT 's/BES about/RB all/DT for/IN mine/PRP ./.,that's about all for mine. /
fc,A,Well/UH it/PRP 's/HVS been/VBN nice/JJ talking/VBG to/IN you/PRP ./.,{D Well } it's been nice talking to you. /
fc,B,Nice/JJ talking/VBG to/IN you/PRP too/RB ./.,Nice talking to you too. /
fc,A,"Bye/UH ,/, bye/UH ./.","Bye, bye </baby>. /"
fc,B,"Bye/UH ,/, bye/UH ./.","Bye, bye. /"
