act_tag,speaker,pos,text
"fo_o_fw_""_by_bc",A,Okay/UH ./.,Okay. /
sd,A,"The/DT question/NN was/VBD ,/, um/UH ,/, what/WP ,/, what/WP is/VBZ your/PRP$ opinion/NN of/IN youth/NN ,/, uh/UH ,/, spending/VBG a/DT year/NN or/CC two/CD in/IN ,/, in/IN public/JJ service/NN ./.","The question was, {F um, } [ what, + what ] is your opinion of youth, {F uh, } spending a year or two [ in, + in ] public service. /"
sv,B,I/PRP think/VBP it/PRP would/MD be/VB a/DT great/JJ idea/NN ./.,I think it would be a great idea. /
sv,B,"I/PRP 'm/VBP not/RB sure/JJ about/IN requiring/VBG it/PRP ,/, you/PRP know/VBP ,/, of/IN people/NNS ,/, because/IN people/NNS are/VBP going/VBG ,/, you/PRP know/VBP ,/, feeling/VBG resentful/JJ ./.","I'm not sure about requiring it, {D you know, } of people, because people are going, {D you know, } feeling resentful. /"
h,B,"I/PRP do/VBP n't/RB know/VB ,/,","I don't know, /"
sv,B,but/CC I/PRP think/VBP it/PRP would/MD be/VB a/DT great/JJ idea/NN ./.,{C but } I think it would be a great idea. /
b,A,Yeah/UH ./.,Yeah. /
sv,B,"Seems/VBZ like/IN there/EX 's/BES so/RB many/JJ kids/NNS that/WDT do/VBP n't/RB have/VB any/DT since/^NN of/IN ,/, you/PRP know/VBP ,/, what/WP they/PRP want/VBP to/TO be/VB or/CC do/VB","Seems like there's so many kids that don't have any <cough> since of, {D you know, } what they want to be or do /"
sv,B,"or/CC ,/, you/PRP know/VBP ,/, they/PRP could/MD learn/VB something/NN and/CC maybe/RB help/VB other/JJ people/NNS at/IN the/DT same/JJ time/NN","{C or, } {D you know, } they could learn something and maybe help other people at the same time /"
sv,B,"and/CC we/PRP ,/, sure/UH ,/, our/PRP$ country/NN ,/, all/DT countries/NNS sure/RB need/VBP help/NN","{C and } [ [ we, + sure, our country, ] + all countries sure ] need help /"
%,B,"so/RB ,/,","{C so, } -/"
b,A,Huh-uh/UH ./.,Huh-uh. /
qy,A,"Would/MD ,/, uh/UH ,/, would/MD you/PRP be/VB more/JJR in/IN favor/NN of/IN ,/, uh/UH ,/, you/PRP know/VBP ,/, like/IN a/DT local/NN ,/, uh/UH ,/,","[ Would, + {F uh, } would ] you be more in favor of, {F uh, } {D you know, } {D like } a local, {F uh, } - /"
sd,A,"my/PRP$ only/JJ experience/NN with/IN it/PRP ,/, I/PRP was/VBD in/IN Central/NNP America/NNP for/IN a/DT while/NN ,/,","my only experience with it, I was in Central America for a while,"
b,B,Huh-uh/UH ./.,Huh-uh. /
+,A,"and/CC ,/, uh/UH ,/, in/IN San/NNP Salvador/NNP ,/, in/IN El/NNP Salvador/NNP ,/,","and, {F uh, } in San Salvador, in El Salvador, /"
b,B,Huh-uh/UH ./.,Huh-uh. /
sd,A,"For/IN instance/NN ,/, everybody/NN had/VBD what/WP they/PRP called/VBD there/RB social/JJ year/NN ,/,","For instance, everybody had what they called there social year,"
b,B,"Oh/UH ,/, really/UH ./.","{F Oh, } really. /"
+,A,that/WDT they/PRP had/VBD to/TO put/VB in/RP,that they had to put in /
sd,A,"and/CC basically/RB it/PRP was/VBD a/DT ,/, uh/UH ,/, repayment/NN for/IN ,/, for/IN ,/, uh/UH ,/, high/JJ school/NN education/NN ,/,","{C and } basically it was a, {F uh, } repayment [ for, + for, ] {F uh, } high school education, /"
b,B,Huh-uh/UH ./.,Huh-uh. /
sd,A,and/CC most/JJS of/IN them/PRP joined/VBD the/DT Red/NNP Cross/NNP,{C and } most of them joined the Red Cross /
sd,A,and/CC it/PRP was/VBD done/VBN internally/RB ./.,{C and } it was done internally. /
%,A,"I/PRP just/RB ,/,","I just, - /"
sd,A,there/EX was/VBD very/RB little/JJ external/JJ ./.,there was very little external. /
sv,A,"I/PRP think/VBP possibly/RB what/WP ,/, uh/UH ,/, they/PRP 're/VBP thinking/VBG about/IN here/RB ,/, more/RBR external/JJ Peace/NNP Corps/NNP ,/,","I think possibly what, {F uh, } they're thinking about here, more external Peace Corps,"
b,B,Yeah/UH ./.,Yeah. /
+,A,Type/NN things/NNS where/WRB we/PRP 're/VBP sending/VBG people/NNS off/GW shore/^RB ./.,Type things where we're sending people off shore. /
sv,B,"Well/UH ,/, I/PRP think/VBP that/DT would/MD be/VB real/RB interesting/JJ for/IN people/NNS to/TO do/VB ,/,","{D Well, } I think that would be real interesting for people to do, /"
sv,B,"but/CC ,/, I/PRP guess/VBP ,/, my/PRP$ concern/NN about/IN that/DT would/MD be/VB the/DT cost/NN involved/VBN trying/VBG to/TO train/VB people/NNS in/IN a/DT new/JJ language/NN and/CC ship/VB them/PRP ,/, you/PRP know/VBP ,/, to/IN other/JJ countries/NNS ,/,","{C but, } I guess, my concern about that would be the cost involved trying to train people in a new language and ship them, {D you know, } to other countries, /"
b,A,Huh-uh/UH ./.,Huh-uh. /
h,B,"and/CC ,/, but/CC ,/, I/PRP do/VBP n't/RB know/VB ./.","[ {C and, } + {C but, } ] I don't know. /"
sv,B,"If/IN you/PRP did/VBD it/PRP internally/RB and/CC it/PRP was/VBD just/RB people/NNS in/IN your/PRP$ own/JJ country/NN then/RB maybe/RB countries/NNS that/WDT are/VBP so/RB poor/JJ that/IN they/PRP would/MD n't/RB be/VB able/JJ to/TO really/RB ,/, you/PRP know/VBP ,/, send/VB children/NNS to/TO do/VB that/DT ./.","If you did it internally and it was just people in your own country then maybe countries that are so poor that they wouldn't be able to really, {D you know, } send children to do that. -/"
b,A,Yeah/UH ./.,Yeah. /
sd,B,I/PRP did/VBD n't/RB know/VB ./.,I didn't know. /
sd,A,"I/PRP do/VBP n't/RB ,/, I/PRP do/VBP n't/RB know/VB how/WRB the/DT Peace/NNP Corps/NNP works/VBZ ,/,","[ I don't, + I don't ] know how the Peace Corps works, /"
sd,A,"I/PRP ,/, guess/VBP I/PRP was/VBD of/IN age/NN when/WRB the/DT Peace/NNP Corps/NNP came/VBD in/RB ,/,","I, guess I was of age when the Peace Corps came in,"
b,B,"Yeah/UH ,/,","Yeah, /"
sd,B,I/PRP was/VBD too/RB ./.,I was too. /
+,A,and/CC all/PDT that/DT ./.,and all that. /
sd,B,"I/PRP thought/VBD seriously/RB about/IN joining/VBG at/IN that/DT time/NN ,/,","I thought seriously about joining at that time, /"
sv,B,I/PRP thought/VBD it/PRP was/VBD a/DT fantastic/JJ idea/NN ./.,I thought it was a fantastic idea. /
qy,A,"Did/VBD you/PRP ever/RB get/VB any/DT information/NN on/IN it/PRP like/IN ,/,","Did you ever get any information on it {D like, } -/"
sd,B,"I/PRP sent/VBD off/RP for/IN stuff/NN on/IN it/PRP ,/,","I sent off for stuff on it, /"
sd,B,but/CC I/PRP do/VBP n't/RB remember/VB that/RB much/JJ ./. about/IN it/PRP ./.,{C but } I don't remember that much. about it. /
sd,B,I/PRP know/VBP that/IN they/PRP trained/VBD you/PRP in/IN the/DT language/NN,I know that they trained you in the language /
%,B,"and/CC ,/, um/UH ,/,","{C and, } {F um, } -/"
sd,A,"That/DT 's/BES what/WP I/PRP was/VBD wondering/VBG about/IN was/VBD whether/IN they/PRP actually/RB ,/,","That's what I was wondering about was whether they actually, -/"
sd,B,"You/PRP actually/RB got/VBD paid/VBN too/RB ,/, while/IN in/IN the/DT Peace/NNP Corps/NNP ,/,","You actually got paid too, while in the Peace Corps, /"
sv,B,"it/PRP was/VBD n't/RB much/JJ ,/,","it wasn't much, /"
b,A,Yeah/UH ./.,Yeah. /
sv,B,"but/CC I/PRP guess/VBP ,/, they/PRP ,/, you/PRP could/MD put/VB some/DT money/NN aside/RB while/IN you/PRP were/VBD there/RB ,/, your/PRP$ expenses/NNS and/CC ,/,","{C but } I guess, [ they, + you ] could put some money aside while you were there, your expenses and, -/"
qy,A,Was/VBD n't/RB Jimmy/NNP Carter/NNP 's/POS mama/NN that/WDT was/VBD in/IN the/DT Peace/NNP Corps/NNP ?/.,Wasn't Jimmy Carter's mama that was in the Peace Corps? /
ny,B,"Yeah/UH ,/,","Yeah, /"
sv,B,"I/PRP think/VBP so/RB ,/,","I think so, /"
ny,B,"yeah/UH ,/,","yeah, /"
ny,B,yeah/UH ./.,yeah <laughter>. /
x,A,,<Laughter>.
sv,B,"But/CC it/PRP might/MD be/VB interesting/JJ to/TO see/VB what/WP would/MD happen/VB if/IN you/PRP took/VBD kids/NNS at/IN a/DT ,/, and/CC then/RB took/VBD then/^PRP to/IN another/DT country/NN instead/IN of/IN having/VBG being/VBG exposed/JJ to/IN all/PDT the/DT drugs/NNS and/CC violence/NN and/CC sex/NN and/CC everything/NN here/RB ,/, and/CC take/VB them/PRP to/IN some/DT other/JJ country/NN that/WDT had/VBD different/JJ moral/JJ values/NNS ,/, like/IN Saudi/NNP Arabia/NNP where/WRB they/PRP could/MD n't/RB drink/VB ./.","{C But } it might be interesting to see what would happen if you took kids [ at a, + ] and then took then to another country instead of having being exposed to all the drugs and violence and sex <laughter> and everything here, and take them to some other country that had different moral values <laughter>, like Saudi Arabia where they couldn't drink <laughter>. /"
bf,A,Where/WRB they/PRP could/MD n't/RB do/VB that/DT ./.,Where they couldn't do that. /
%,A,"Yeah/UH ,/,","Yeah, /"
sv,A,you/PRP might/MD end/VB up/RP with/IN a/DT revolution/NN ./.,you might end up with a revolution. /
sv,A,I/PRP do/VBP n't/RB know/VB which/WDT end/NN though/RB ./.,I don't know which end though. /
b,B,Really/UH ./.,Really <laughter>. /
b,A,"Yeah/UH ,/,","Yeah, /"
b,A,yeah/UH ./.,yeah. /
sv,A,"That/DT 's/HVS ,/, that/DT 's/HVS been/VBN interesting/JJ ,/, though/RB ,/, the/DT kids/NNS that/WDT have/VBP been/VBN over/RB ,/, you/PRP know/VBP ,/, coming/VBG back/RB right/RB now/RB ,/, you/PRP know/VBP ./.","[ That's, + that's ] been interesting, though, the kids that have been over, {D you know, } coming back right now, {D you know. } /"
b,B,Yeah/UH ./.,Yeah. /
sv,A,"You/PRP wonder/VBP if/IN being/VBG exposed/JJ to/IN that/DT for/IN a/DT while/NN ,/, what/WP percentage/NN of/IN them/PRP would/MD actually/RB say/VB ,/, Hey/UH ,/, that/DT 's/BES not/RB a/DT bad/JJ way/NN to/TO do/VB it/PRP ,/,","You wonder if being exposed to that for a while, what percentage of them would actually say, Hey, that's not a bad way to do it, /"
sv,A,"because/IN from/IN what/WP I/PRP understand/VBP ,/, from/IN some/DT of/IN the/DT guys/NNS I/PRP know/VBP ,/, you/PRP know/VBP ,/, crime/NN ,/, uh/UH ,/, is/VBZ punishable/JJ ,/, just/RB almost/RB ,/, uh/UH ,/, instantly/RB and/CC --/:","{C because } from what I understand, from some of the guys I know, {D you know, } crime, {F uh, } is punishable, just almost, {F uh, } instantly and --"
^2,B,Public/JJ hanging/NN ./.,Public hanging. /
+,A,"--/: public/JJ ,/,","-- public, /"
aa,A,yeah/UH ./.,yeah. /
sd,A,"Public/JJ hanging/NN and/CC this/DT sort/NN of/IN thing/NN ,/, you/PRP know/VBP ,/,","Public hanging and this sort of thing, {D you know, } /"
sv,A,"so/RB you/PRP do/VBP n't/RB have/VB just/RB a/DT whole/JJ lot/NN of/IN ,/,","{C so } you don't have just a whole lot of,"
b,B,Yeah/UH ./.,Yeah. /
+,A,what/WP we/PRP consider/VBP street/NN crimes/NNS ./.,what we consider street crimes. /
b,B,Yeah/UH ./.,Yeah. /
sv,B,"I/PRP 've/VBP heard/VBN that/IN like/UH in/IN China/NNP and/CC stuff/NN ,/, there/EX is/VBZ virtually/RB no/DT such/JJ thing/NN as/IN rape/NN ,/, because/IN if/IN you/PRP rape/VBP somebody/NN you/PRP 'd/MD be/VB murdered/VBN ,/, you/PRP know/VBP ,/, on/IN the/DT ,/, you/PRP know/VBP ,/, street/NN","I've heard that {D like } in China and stuff, there is virtually no such thing as rape, because if you rape somebody you'd be murdered, {D you know, } on the, {D you know, } street /"
%,B,"so/RB ,/,","{C so, } -/"
b,A,Yeah/UH ./.,Yeah. /
sv,A,"Well/UH ,/, I/PRP guess/VBP that/DT 's/BES ,/, uh/UH ,/, the/DT price/NN of/IN freedom/NN ,/, I/PRP guess/VBP ,/, is/VBZ a/DT little/JJ ,/, anyway/UH ,/,","{D Well, } I guess that's, {F uh, } the price of freedom, I guess, is a little, {D anyway, } /"
sd,A,"the/DT ,/, uh/UH ,/, uh/UH ,/, the/DT ,/, the/DT public/JJ service/NN thing/NN again/RB","[ [ the, + {F uh, } {F uh, } the, ] + the ] public service thing again - /"
sv,A,"I/PRP ,/, I/PRP ,/, I/PRP guess/VBP ,/, in/IN my/PRP$ own/JJ ,/, having/VBG had/VBN the/DT whole/JJ three/CD or/CC four/CD minutes/NNS to/TO ,/, you/PRP know/VBP ,/, give/VB it/PRP a/DT great/JJ deal/NN of/IN thought/NN ,/, you/PRP know/VBP ,/,","[ [ I, + I, ] + I ] guess, in my own, having had the whole three or four minutes to, {D you know, } give it a great deal of thought, {D you know, }"
x,B,,<Laughter>.
+,A,"Um/UH ,/, I/PRP ,/, I/PRP think/VBP I/PRP agree/VBP with/IN you/PRP one/CD hundred/CD percent/NN about/IN it/PRP being/VBG some/DT sort/NN of/IN voluntary/JJ ,/,","{F Um, } [ I, + I ] think I agree with you one hundred percent about it being some sort of voluntary, /"
sv,A,"but/CC when/WRB you/PRP do/VBP that/DT then/RB it/PRP becomes/VBZ almost/RB ,/, uh/UH ,/, a/DT MUMBLEx/XX ,/,","{C but } when you do that then it becomes almost, {F uh, } a (( )) , - /"
%,A,"or/CC it/PRP can/MD be/VB ,/,","{C or } it can be, /"
b,B,Yeah/UH ./.,Yeah. /
%,A,"You/PRP know/VBP ,/, there/EX have/VBP ,/,","{D You know, } there have, - /"
sv,A,"people/NNS will/MD kind/RB of/RB set/VB up/RP their/PRP$ own/JJ little/JJ club/NN ,/,","people will kind of set up their own little club, /"
aa,B,"Yeah/UH ,/,","Yeah, /"
sv,B,that/DT 's/BES true/JJ ./.,that's true. /
%,A,"And/CC ,/, uh/UH ,/, but/CC if/IN ,/, you/PRP know/VBP ,/,","[ {C And, } + {F uh, } {C but } ] if, {D you know, } -/"
sv,B,"People/NNS that/WDT might/MD benefit/VB most/RBS from/IN it/PRP might/MD not/RB go/VB in/IN that/DT situation/NN ,/, you/PRP know/VBP ,/, like/IN people/NNS that/WDT really/RB are/VBP trapped/JJ in/IN a/DT ghetto/NN or/CC something/NN like/IN that/DT ./.","People that might benefit most from it might not go in that situation, {D you know, } like people that really are trapped in a ghetto or something like that. /"
b,A,Yeah/UH ./.,Yeah. /
sv,B,"Might/MD not/RB go/VB if/IN it/PRP was/VBD voluntary/JJ ,/,","Might not go if it was voluntary, /"
sd,B,"but/CC I/PRP do/VBP n't/RB know/VB how/WRB they/PRP 'd/MD enforce/VB it/PRP ,/,","{C but } I don't know how they'd enforce it, /"
%,B,"if/IN it/PRP was/VBD ,/,","if it was, -/"
b,A,"Yeah/UH ,/,","Yeah, /"
qh,A,"well/UH ,/, if/IN they/PRP went/VBD AWOL/JJ ,/, what/WP are/VBP you/PRP going/VBG to/TO do/VB ./.","{D well, } if they went AWOL, what are you going to do. /"
b,B,Yeah/UH ./.,Yeah. /
ad,A,Shoot/VB them/PRP ./.,Shoot them. /
x,B,,<Laughter>.
ad,A,Put/VB them/PRP in/IN jail/NN ./.,Put them in jail <laughter>. /
h,B,I/PRP do/VBP n't/RB know/VB ./.,I don't know. /
ad,B,Send/VB them/PRP over/IN to/IN Iraq/NNP ./.,Send them over to Iraq <laughter>. /
aa,A,"Yeah/UH ,/,","<Laughter> Yeah, /"
aa,A,right/UH ./.,right. /
ad,B,Have/VB a/DT vacation/NN in/IN Iraq/NNP for/IN a/DT year/NN ./.,Have a vacation in Iraq for a year <laughter>. /
sd,A,"I/PRP know/VBP my/PRP$ dad/NN always/RB talked/VBD about/IN ,/, uh/UH ,/,","I know my dad always talked about, {F uh, } - /"
sd,A,"he/PRP was/VBD in/IN C/NNP C/NNP C/NNP during/IN ,/, uh/UH ,/,","he was in C C C during, {F uh, } -/"
b,B,Yeah/UH ./.,Yeah. /
sd,A,"And/CC he/PRP was/VBD ,/, uh/UH ,/, a/DT rock/NN rib/NN Iowa/NNP type/NN republican/NNP","{C And } he was, {F uh, } a rock rib Iowa type republican /"
sd,A,"and/CC the/DT only/RB good/JJ thing/NN he/PRP could/MD ever/RB say/VB about/IN ,/, uh/UH ,/, the/DT whole/JJ Roosevelt/NNP administration/NN was/VBD ,/, uh/UH ,/, civilian/JJ conservation/NN corps/NN ,/,","{C and } the only good thing he could ever say about, {F uh, } the whole Roosevelt administration was, {F uh, } civilian conservation corps, /"
b,B,Huh-uh/UH ./.,Huh-uh. /
sd,A,because/IN he/PRP was/VBD in/IN it/PRP ./.,{C because } he was in it. /
sd,A,He/PRP thought/VBD that/DT was/VBD great/JJ ./.,He thought that was great. /
b,B,Yeah/UH ./.,Yeah. /
sd,A,"The/DT rest/NN of/IN it/PRP was/VBD all/RB hog/NN wash/NN ,/,","The rest of it was all hog wash, /"
sd,A,but/CC that/DT was/VBD great/JJ ./.,{C but } that was great. /
sv,B,"Well/UH ,/, it/PRP seems/VBZ like/IN it/PRP would/MD develop/VB pride/NN ,/, you/PRP know/VBP ,/, in/IN people/NNS ,/, if/IN ,/, if/IN ,/, it/PRP 's/BES in/IN their/PRP$ own/JJ country/NN ./.","{D Well, } it seems like it would develop pride, {D you know, } in people, [ if, + if, ] it's in their own country. /"
sv,B,"It/PRP would/MD certainly/RB help/VB them/PRP to/TO appreciate/VB some/DT of/IN the/DT things/NNS that/WDT we/PRP have/VBP here/RB and/CC develop/VB some/DT pride/NN in/IN them/PRP ,/, if/IN it/PRP was/VBD handled/VBN that/DT way/NN ./.","It would certainly help them to appreciate some of the things that we have here and develop some pride in them, if it was handled that way. /"
%,B,"I/PRP ,/, I/PRP ,/,","[ I, + I, ] - /"
sv,B,it/PRP would/MD take/VB quite/PDT a/DT few/JJ people/NNS ./.,it would take quite a few people. /
sv,B,"I/PRP think/VBP it/PRP might/MD build/VB jobs/NNS for/IN people/NNS ,/, you/PRP know/VBP ,/, that/WDT were/VBD administrating/VBG and/CC running/VBG and/CC training/VBG and/CC coordinating/VBG and/CC all/PDT that/DT ,/,","I think it might build jobs for people, {D you know, } that were administrating and running and training and coordinating and all that, /"
sv,B,so/RB maybe/RB that/DT part/NN of/IN it/PRP would/MD be/VB helpful/JJ too/RB ./.,{C so } maybe that part of it would be helpful too. /
b,A,Yeah/UH ./.,Yeah. /
h,B,I/PRP do/VBP n't/RB know/VB ./.,I don't know. /
b,A,Yeah/UH,Yeah /
%,A,"the/DT only/JJ ,/,","the only, -/"
sd,B,"Like/UH to/TO have/VB a/DT volunteer/NN come/VB here/RB and/CC rake/VB leaves/NNS and/CC mow/VB the/DT grass/NN and/CC ,/,","{D Like } to have a volunteer come here and rake leaves and mow the grass and <laughter>, -/"
sv,A,"Well/UH ,/, you/PRP know/VBP that/DT brings/VBZ up/RP the/DT interesting/JJ subject/NN too/RB ,/, you/PRP know/VBP ,/,","{D Well, } {D you know } that brings up the interesting subject too, {D you know, } /"
qw,A,"what/WP would/MD you/PRP have/VB ,/, who/WP ,/, who/WP ,/, who/WP would/MD determine/VB what/WP these/DT people/NNS do/VBP ./.","[ what would you have, + [ [ who, + who, ] + who ] would determine ] what these people do. /"
b,B,"Yeah/UH ,/,","Yeah, /"
b,B,yeah/UH ./.,yeah. /
sv,A,"You/PRP know/VBP ,/, if/IN ,/, uh/UH ,/, you/PRP know/VBP ,/, if/IN it/PRP 's/BES run/VBN by/IN the/DT individual/JJ state/NN ./.","{D You know, } [ if, + {F uh, } {D you know, } if ] it's run by the individual state. - /"
sd,A,You/PRP know/VBP like/IN C/NNP C/NNP C/NNP was/VBD run/VBN by/IN the/DT army/NNP,{D You know } {D like } C C C was run by the army /
%,A,"and/CC in/IN effect/NN ,/,","{C and } in effect, -/"
b,B,Huh-uh/UH ./.,Huh-uh. /
sv,A,"and/CC the/DT only/JJ opposition/NN to/IN it/PRP really/RB was/VBD that/IN it/PRP was/VBD ,/, you/PRP know/VBP ,/, starting/VBG some/DT sort/NN of/IN a/DT military/JJ elitist/JJ type/NN ,/, you/PRP know/VBP ,/, special/JJ corps/NN of/IN cadre/NN of/IN people/NNS and/CC that/DT sort/NN of/IN thing/NN ./.","{C and } the only opposition to it really was that it was, {D you know, } starting some sort of a military elitist type, {D you know, } special corps of cadre of people and that sort of thing. /"
b,B,Huh-uh/UH ./.,Huh-uh. /
sv,A,"And/CC ,/, uh/UH ,/, when/WRB the/DT politics/NNS get/VBP real/RB confusing/JJ ,/,","{C And, } {F uh, } when the politics get real confusing, -/"
b,B,"Yeah/UH ,/,","Yeah, /"
sv,B,"really/RB there/EX could/MD be/VB ,/, um/UH ,/, some/DT scandals/NNS involved/VBN ,/, if/IN ,/, you/PRP know/VBP ,/, it/PRP was/VBD n't/RB people/NNS that/WDT were/VBD really/RB fair/JJ and/CC le/JJ ,/,","really there could be, {F um, } some scandals involved, if, {D you know, } it wasn't people that were really fair and [ le-, +"
b,A,Yeah/UH ./.,Yeah. /
+,B,"you/PRP know/VBP ,/, in/IN a/DT legal/JJ way/NN or/CC something/NN ,/,","{D you know, } in a legal ] way or something, /"
sv,B,"they/PRP could/MD send/VB all/PDT the/DT people/NNS over/IN to/IN ,/, uh/UH ,/, you/PRP know/VBP ,/, one/CD particular/JJ part/NN of/IN town/NN or/CC one/CD particular/JJ project/NN ,/, that/WDT somebody/NN had/VBD paid/VBN somebody/NN to/TO ,/, you/PRP know/VBP ,/, get/VB supported/VBN ,/,","they could send all the people over to, {F uh, } {D you know, } one particular part of town or one particular project, that somebody had paid somebody to, {D you know, } get supported, /"
%,B,"or/CC ,/,","{C or, } -/"
b,A,Yeah/UH ./.,Yeah. /
%,A,"Well/UH ,/,","{D Well, } -/"
x,B,MUMBLEx/XX ./.,(( )) .
sv,A,"We/PRP 've/VBP gotten/VBN to/IN the/DT point/NN where/WRB ,/, you/PRP know/VBP ,/, if/IN ,/, if/IN ,/, well/UH ,/, if/IN the/DT racial/JJ make/GW up/^NN of/IN the/DT group/NN was/VBD such/JJ and/CC such/JJ ,/, you/PRP know/VBP ,/, they/PRP 'd/MD have/VB to/TO do/VB that/DT percentage/NN of/IN work/NN and/CC what/WP is/VBZ perceived/VBN to/TO be/VB that/DT part/NN of/IN town/NN and/CC ,/, you/PRP know/VBP ,/,","We've gotten to the point where, {D you know, } [ [ if, + if, ] + {D well, } if ] the racial make up of the group was such and such, {D you know, } they'd have to do that percentage of work and what is perceived to be that part of town and, {D you know, }"
b,B,Yeah/UH ./.,Yeah. /
+,A,That/DT kind/NN of/IN thing/NN ./.,That kind of thing. /
qy,B,"That/DT could/MD be/VB a/DT complicated/JJ too/RB ,/, could/MD n't/RB it/PRP ./.","That could be a complicated too, couldn't it. /"
ny,A,"Oh/UH ,/, yeah/UH ./.","{F Oh, } yeah. /"
b^m,B,Yeah/UH ./.,Yeah. /
ad,A,"Suppose/VB ,/, uh/UH ,/, well/UH ,/, you/PRP know/VBP ,/, they/PRP had/VBD a/DT group/NN who/WP were/VBD construction/NN oriented/VBN","Suppose, {F uh, } {D well, } {D you know, } they had a group who were construction oriented /"
sd,A,"and/CC they/PRP went/VBD and/CC they/PRP ,/, they/PRP built/VBD ,/, uh/UH ,/, ca/MD n't/RB think/VB of/IN a/DT good/JJ example/NN ,/, a/DT swimming/NN pool/NN ,/, or/CC anything/NN ,/, you/PRP know/VBP ,/,","{C and } they went and [ they, + they ] built, {F uh, } <laughter> {A can't think of a good example, } a swimming pool, or anything, {D you know, } /"
sd,A,"and/CC one/CD ,/, you/PRP can/MD ,/, you/PRP can/MD only/RB build/VB it/PRP in/IN one/CD place/NN ,/, you/PRP know/VBP ,/,","{C and } [ one, + [ you can, + you can ] only build it in one ] place, {D you know, } /"
sv,A,"and/CC know/^DT matter/NN where/WRB you/PRP build/VBP it/PRP ,/, somebody/NN else/RB is/VBZ going/VBG to/TO scream/VB ,/, well/UH ,/, you/PRP did/VBD n't/RB build/VB one/NN over/IN here/RB ./.","{C and } know matter where you build it, somebody else is going to scream, {D well, } you didn't build one over here. /"
aa,B,Yeah/UH ./.,Yeah. /
sv,B,That/DT 's/BES true/JJ ./.,That's true. /
bf,B,"Unfair/JJ or/CC something/NN ,/,","Unfair or something, /"
%,B,yeah/UH ./.,yeah. /
ny,A,Yeah/UH ./.,Yeah. /
%,A,"I/PRP think/VBP ,/, uh/UH ,/,","I think, {F uh, } - /"
ba,A,"oh/UH ,/, boy/UH ./.","{F oh, } boy <laughter>. /"
x,B,,<Laughter>.
sv,A,"It/PRP 's/BES one/CD of/IN those/DT things/NNS on/IN the/DT surface/NN ,/, you/PRP know/VBP ,/, it/PRP seems/VBZ like/IN a/DT great/JJ idea/NN ./.","It's one of those things on the surface, {D you know, } it seems like a great idea. /"
sd,A,"It/PRP 's/BES like/IN a/DT joke/NN I/PRP heard/VBD once/RB about/IN ,/, uh/UH ,/, elephant/NN foot/NN soup/NN ,/, you/PRP know/VBP ,/,","It's like a joke I heard once about, {F uh, } elephant foot soup, {D you know, } /"
sd,A,it/PRP 's/BES easy/JJ to/TO do/VB once/IN you/PRP find/VBP a/DT elephant/NN foot/NN ./.,it's easy to do once you find a elephant foot. /
x,B,,<Laughter>.
sv,A,"It/PRP 's/BES ,/, uh/UH ,/, the/DT logistics/NNS of/IN the/DT thing/NN that/WDT ,/, uh/UH ,/,","It's, {F uh, } the logistics of the thing that, {F uh, }"
b,B,Yeah/UH ./.,Yeah. /
b,B,Really/UH ./.,Really. /
+,A,gets/VBZ you/PRP going/VBG ./.,gets you going. /
b,B,Yeah/UH ./.,Yeah. /
sv,B,"Well/UH ,/, it/PRP seems/VBZ like/IN there/EX 's/BES ,/, there/EX 's/BES a/DT lot/NN ,/,","{D Well, } it seems like [ there's, + there's ] a lot, - /"
sv,B,"you/PRP do/VBP n't/RB hear/VB much/JJ on/IN the/DT news/NN about/IN young/JJ people/NNS really/RB ,/, you/PRP know/VBP ,/, wanting/VBG to/TO do/VB anything/NN good/JJ or/CC anything/NN like/IN that/DT ,/,","you don't hear much on the news about young people really, <breathing> {D you know, } wanting to do anything good or anything like that, /"
sv,B,"but/CC you/PRP know/VBP ,/, I/PRP 'm/VBP sure/JJ that/IN there/EX are/VBP a/DT lot/NN of/IN young/JJ people/NNS out/IN there/RB that/WDT really/RB do/VBP have/VB good/JJ hearts/NNS and/CC are/VBP willing/JJ to/TO help/VB and/CC serve/VB and/CC that/DT kind/NN of/IN thing/NN ./.","{C but } {D you know, } I'm sure that there are a lot of young people out there that really do have good hearts and are willing to help and serve and that kind of thing. /"
sd,B,"I/PRP just/RB ,/, I/PRP saw/VBD on/IN the/DT news/NN the/DT other/JJ night/NN that/IN the/DT ,/, uh/UH ,/, the/DT little/JJ girl/NN that/WDT used/VBD to/TO be/VB the/DT littlest/JJS girl/NN on/IN the/DT Cosby/NNP show/NN ,/, Kisha/NNP Knight/NNP Pullman/NNP ,/, was/VBD starting/VBG a/DT ,/,","[ I just, + I ] saw on the news the other night that [ the, + {F uh, } the ] little girl that used to be the littlest girl on the Cosby show, Kisha Knight Pullman, was starting a, - /"
sd,B,"I/PRP guess/VBP now/RB she/PRP 's/BES practically/RB a/DT teenager/NN ,/,","I guess now she's practically a teenager, /"
b,A,Yeah/UH ./.,Yeah. /
sd,B,"She/PRP started/VBD some/DT type/NN of/IN ,/, um/UH ,/, national/JJ organization/NN for/IN youth/NN to/TO volunteer/VB to/TO teach/VB ,/, tutor/VB other/JJ kids/NNS to/TO read/VB and/CC ,/, you/PRP know/VBP ,/, do/VB different/JJ service/NN projects/NNS like/IN that/DT and/CC trying/VBG to/TO get/VB youth/NN more/RBR directed/JJ towards/IN ,/, you/PRP know/VBP ,/, helpful/JJ things/NNS ,/,","She started some type of, {F um, } national organization for youth to volunteer to [ teach, + tutor ] other kids to read and, {D you know, } do different service projects like that and trying to get youth more directed towards, {D you know, } helpful things, /"
sd,B,"and/CC I/PRP know/VBP everyone/NN like/IN in/IN the/DT high/JJ schools/NNS in/IN Dallas/NNP ,/,","{C and } I know everyone {D like } in the high schools in Dallas, /"
sd,B,"there/EX 's/BES a/DT couple/NN high/JJ schools/NNS that/WDT have/VBP wanted/VBN to/TO start/VB like/IN a/DT ,/, um/UH ,/, minority/NN ,/, you/PRP know/VBP ,/,","there's a couple high schools that have wanted to start {D like } a, {F um, } minority, {D you know, } - /"
sv,B,"I/PRP think/VBP it/PRP was/VBD in/IN a/DT Hispanic/JJ area/NN ,/,","I think it was in a Hispanic area, /"
sd,B,"they/PRP wanted/VBD to/TO start/VB like/IN a/DT club/NN for/IN the/DT teenagers/NNS ,/, instead/IN of/IN ,/, they/PRP said/VBD ,/, all/PDT these/DT gangs/NNS kids/NNS could/MD join/VB to/TO belong/VB ./.","they wanted to start {D like } a club for the teenagers, instead of, they said, all these gangs kids could join to belong. /"
b,A,Huh-uh/UH ./.,Huh-uh. /
sd,B,"But/CC they/PRP did/VBD n't/RB have/VB anything/NN positive/JJ the/DT kids/NNS could/MD be/VB doing/VBG ,/, helping/VBG ,/, you/PRP know/VBP ,/,","{C But } they didn't have anything positive the kids could be doing, helping, {D you know, } /"
b,A,Yeah/UH ./.,Yeah. /
sd,B,"so/RB they/PRP were/VBD trying/VBG to/TO start/VB that/DT out/RP ,/,","{C so } they were trying to start that out, /"
sv,B,"so/RB if/IN there/EX 's/BES people/NNS out/IN there/RB that/WDT are/VBP willing/JJ to/TO ,/, you/PRP know/VBP ,/, kids/NNS that/WDT are/VBP willing/JJ to/TO sacrifice/VB their/PRP$ time/NN and/CC energy/NN ./. Gosh/UH ,/, we/PRP ought/MD to/TO use/VB them/PRP ./.","{C so } if there's [ people out there that are willing to, + {D you know, } kids that are willing to ] sacrifice their time and energy. Gosh, we ought to use them."
b,A,Yeah/UH ./.,Yeah. /
+,B,You/PRP know/VBP ./. If/IN they/PRP 're/VBP willing/JJ to/TO do/VB it/PRP ./.,{D You know. } If their willing to do it. /
b,A,"Yeah/UH ,/,","Yeah, /"
%,A,"it/PRP 's/BES ,/, it/PRP 's/BES ,/, it/PRP 's/BES just/RB the/DT ,/, you/PRP know/VBP ,/,","[ [ it's, + it's , ] + it's ] just the, {D you know, } - /"
sv,A,"here/RB you/PRP are/VBP to/IN the/DT logistics/NNS of/IN the/DT thing/NN again/RB ,/, you/PRP know/VBP ./.","here you are to the logistics of the thing again, {D you know. } /"
b,B,Yeah/UH ./.,Yeah. /
qh,A,"Who/WP 's/BES going/VBG to/TO run/VB it/PRP ,/, you/PRP know/VBP ,/,","Who's going to run it, {D you know, } /"
qh,A,"what/WP ,/,","what, /"
qh,A,"how/WRB ,/,","how, /"
sv,A,"oh/UH ,/, it/PRP 's/BES just/RB so/RB many/JJ --/:","{F oh, } it's just so many -- -/"
b,B,Yeah/UH ./.,Yeah. /
sd,A,"--/: Like/IN ,/, like/IN I/PRP said/VBD at/IN the/DT beginning/NN I/PRP 've/VBP got/VBN so/RB many/JJ connections/NNS with/IN people/NNS in/IN Central/NNP America/NNP ./.","-- [ Like, + like ] I said at the beginning I've got so many connections with people in Central America. /"
sd,A,"My/PRP$ daughter-in-law/NN is/VBZ Panamanian/JJ ,/, you/PRP know/VBP ,/,","My daughter-in-law is Panamanian, {D you know, } /"
b,B,Huh-uh/UH ./.,Huh-uh. /
sd,A,"and/CC they/PRP have/VBP situations/NNS like/IN ,/, like/IN that/DT down/IN there/RB ./.","{C and } they have situations [ like, + like ] that down there."
b,B,Huh-uh/UH ./.,Huh-uh. /
+,A,"Where/WRB they/PRP ,/, they/PRP have/VBP ,/, these/DT ,/, the/DT social/NN ,/, in/IN some/DT sort/NN of/IN way/NN ,/,","Where [ they, + they ] have, [ these, + the ] social, in some sort of way, - /"
sd,A,"if/IN you/PRP want/VBP to/TO go/VB to/IN school/NN outside/IN the/DT country/NN ,/, and/CC many/JJ Salvadorians/NNPS did/VBD ,/, they/PRP 'd/MD go/VB to/IN school/NN in/IN Cornell/NNP ,/, Iowa/NNP ,/, of/IN all/DT places/NNS ,/,","if you want to go to school outside the country, {A {C and } many Salvadorians did, } they'd go to school in Cornell, Iowa, of all places, /"
b,B,Huh-uh/UH ./.,Huh-uh. /
sd,A,"and/CC when/WRB they/PRP came/VBD back/RB ,/, they/PRP 'd/MD have/VB to/TO serve/VB this/DT ,/, this/DT year/NN ,/,","{C and } when they came back, they'd have to serve [ this, + this ] year, /"
sd,A,"and/CC it/PRP turned/VBD out/RP to/TO be/VB kind/RB of/RB a/DT joke/NN ,/,","{C and } it turned out to be kind of a joke, /"
sd,A,"the/DT ones/NNS I/PRP knew/VBD ,/, you/PRP know/VBP ,/, always/RB chose/VBD the/DT Red/NNP Cross/NNP ,/, because/IN they/PRP did/VBD n't/RB do/VB anything/NN --/:","the ones I knew, {D you know, } always chose the Red Cross, because they didn't do anything -- /"
b,B,"Oh/UH ,/, I/PRP see/VBP ./.","{F Oh, } I see. /"
sv,A,"--/: And/CC they/PRP had/VBD all/DT kinds/NNS of/IN ,/, uh/UH ,/, things/NNS they/PRP could/MD go/VB into/IN ,/, agricultural/JJ ,/, and/CC you/PRP know/VBP ,/,","-- {C And } they had all kinds of, {F uh, } things they could go into, agricultural, and {D you know, }"
b,B,Yeah/UH ./.,Yeah. /
+,A,"Really/RB good/JJ stuff/NN ,/,","Really good stuff, /"
sd,A,"but/CC ,/, uh/UH ,/, unless/IN there/EX was/VBD a/DT flood/NN or/CC a/DT fire/NN or/CC something/NN like/IN that/DT ,/, Red/NNP Cross/NNP ,/, it/PRP was/VBD so/RB many/JJ of/IN them/PRP in/IN it/PRP ,/, that/IN at/IN any/DT particular/JJ chance/NN ,/, your/PRP$ chance/NN of/IN having/VBG to/TO do/VB something/NN was/VBD ,/, it/PRP was/VBD very/RB slim/JJ ./.","{C but, } {F uh, } unless there was a flood or a fire or something like that, Red Cross, it was so many of them in it, that [ at any particular chance, + your chance ] of having to do something [ was, + it was ] very slim. /"
b,B,Yeah/UH ./.,Yeah. /
b,B,Yeah/UH ./.,Yeah. /
%,A,"And/CC so/RB ,/,","{C And so, } -/"
sd,B,"Well/UH ,/, we/PRP ,/, um/UH ,/, belong/VBP to/IN the/DT Church/NNP of/IN Jesus/NNP Christ/NNP of/IN Latter/NNP Day/NNP Saints/NNPS ,/, which/WDT is/VBZ like/IN MUMBLEx/XX the/DT Mormon/JJ church/NN ./.","{D Well, } we, {F um, } belong to the Church of Jesus Christ of Latter Day Saints, which is {D like } (( )) the Mormon church. /"
b,A,Huh-uh/UH ./.,Huh-uh. /
b,A,Huh-uh/UH ./.,Huh-uh. /
sd,B,"And/CC ,/, um/UH ,/, there/EX ,/, there/EX is/VBZ men/NNS and/CC also/RB women/NNS ,/,","{C And, } {F um, } [ there, + there ] is men and also women, /"
sd,B,"women/NNS are/VBP n't/RB nearly/RB as/RB frequent/JJ ,/,","women aren't nearly as frequent, /"
sd,B,"and/CC also/RB that/WDT have/VBP elderly/JJ couples/NNS once/IN their/PRP$ kids/NNS have/VBP left/VBN ,/, that/WDT can/MD volunteer/VB to/TO go/VB on/IN a/DT mission/NN","{C and } also that have elderly couples once their kids have left, that can volunteer to go on a mission /"
sd,B,"and/CC ,/, um/UH ,/, they/PRP 're/VBP all/RB over/IN the/DT world/NN ./.","{C and, } {F um, } they're all over the world. /"
sv,B,"And/CC ,/, it/PRP 's/BES incredible/JJ logistics/NNS ,/,","{C And, } its incredible logistics, /"
sd,B,"I/PRP mean/VBP ,/, they/PRP have/VBP a/DT training/NN center/NN where/WRB they/PRP teach/VBP them/PRP ,/,","{E I mean, } they have a training center where they teach them, /"
sd,B,"it/PRP 's/BES called/VBN the/DT Missionary/NNP Training/NNP Center/NNP in/IN Utah/NNP ,/,","it's called the Missionary Training Center in Utah, /"
sd,B,"and/CC they/PRP have/VBP ,/,","{C and } they have,"
b,A,Yeah/UH ./.,Yeah. /
+,B,"to/TO be/VB taught/VBN the/DT language/NN and/CC customs/NNS and/CC all/PDT those/DT kinds/NNS of/IN things/NNS ,/,","to be taught the language and customs and all those kinds of things, /"
sd,B,"and/CC then/RB they/PRP ,/, um/UH ,/, you/PRP know/VBP ,/, go/VBP and/CC actually/RB live/VBP in/IN that/DT country/NN for/IN the/DT ,/, the/DT ,/, uh/UH ,/,","{C and } then they, {F um, } {D you know, } go and actually live in that country for [ the, + the, ] {F uh, } - /"
sd,B,young/JJ men/NNS do/VBP it/PRP for/IN two/CD years/NNS and/CC the/DT young/JJ women/NNS for/IN eighteen/CD months/NNS ./.,young men do it for two years and the young women for eighteen months. /
b,A,Okay/UH ./.,Okay. /
qy^d,A,"Then/RB that/DT 's/BES ,/, uh/UH ,/, kind/RB of/RB a/DT private/JJ organization/NN ,/,","Then that's, {F uh, } kind of a private organization, /"
na,B,Right/UH ./.,Right. /
sd,A,"you/PRP know/VBP ,/, I/PRP 'm/VBP ,/, I/PRP 'm/VBP familiar/JJ with/IN ,/,","{D you know, } [ I'm, + I'm ] familiar with, - /"
sd,A,"my/PRP$ instructor/NN pilot/NN was/VBD a/DT Mormon/NNP ,/,","my instructor pilot was a Mormon, /"
sv,A,"he/PRP was/VBD ,/, he/PRP was/VBD a/DT good/JJ construction/NN ,/, uh/UH ,/, you/PRP know/VBP ,/, in-/NN ,/, instructor/NN pilot/NN because/IN he/PRP considered/VBD himself/PRP indestructible/JJ ,/,","[ he was, + he was ] a good [ construction, + {F uh, } {D you know, } [ in-, + instructor ] ] pilot because he considered himself indestructible, /"
b,B,"Oh/UH ,/, yeah/UH ./.","{F Oh, } yeah <laughter>. /"
x,A,,<Laughter>.
bf,B,"He/PRP had/VBD a/DT direct/JJ connection/NN somewhere/RB ,/, uh/UH ,/,","He had a direct connection somewhere, {F uh } <laughter>, /"
aa,A,"Yeah/UH ,/,","Yeah, /"
aa,A,right/UH ./.,right <laughter>. /
sd,A,He/PRP felt/VBD that/IN he/PRP really/RB had/VBD an/DT in/NN,He felt that he really had an in /
sd,A,"so/RB ,/,","{C so, }"
b,B,Yeah/UH ./.,Yeah. /
+,A,"You/PRP know/VBP ,/, things/NNS he/PRP would/MD do/VB with/IN an/DT airplane/NN ,/,","{D You know, } things he would do with an airplane, /"
sd,A,"but/CC any/DT rate/NN that/DT 's/BES off/IN the/DT subject/NN ,/,","{C but } any rate that's off the subject, /"
b,B,Yeah/UH ./.,Yeah. /
%,A,"But/CC ,/, I/PRP ,/,","{C But, } I, -/"
sd,B,"They/PRP ,/, they/PRP do/VBP n't/RB get/VB paid/VBN for/IN it/PRP ,/,","[ They, + they ] don't get paid for it, /"
sd,B,"and/CC ,/, um/UH ,/, but/CC there/EX is/VBZ funding/NN that/WDT comes/VBZ ,/,","[ {C and, } + {F um, } {C but } ] there is funding that comes, /"
sd,B,they/PRP 're/VBP supposedly/RB saving/VBG up/IN on/IN their/PRP$ own/JJ,they're supposedly saving up on their own /
sd,B,"and/CC the/DT church/NN helps/VBZ them/PRP out/RP some/DT ,/,","{C and } the church helps them out some, /"
b,A,Huh-uh/UH ./.,Huh-uh. /
sv,B,"but/CC ,/, you/PRP know/VBP ,/, that/IN it/PRP is/VBZ incredible/JJ ,/, you/PRP know/VBP ./.","{C but, } you know, that it is incredible, {D you know. } /"
sd,A,"I/PRP see/VBP how/WRB they/PRP were/VBD organized/VBN in/IN ,/,","I see how they were organized in,"
b,B,Yeah/UH ./.,Yeah. /
+,A,Central/NNP and/CC South/NNP America/NNP,Central and South America /
%,A,"and/CC ,/, uh/UH ,/,","{C and, } {F uh, }"
b,B,Yeah/UH ./.,Yeah. /
+,A,"it/PRP 's/BES ,/, uh/UH ,/,","it's, {F uh, } -/"
